{"type": "FeatureCollection", "features": [{"type": "Feature", "geometry": {"type": "Polygon", "coordinates": [[[-92.1708865463422, 34.897398702111786], [-92.1707599140561, 34.89694076418858], [-92.1707439792652, 34.8968831293083], [-92.1707299599145, 34.896883069112995], [-92.1707022417798, 34.89688295276673], [-92.1706093261177, 34.8968825572307], [-92.1706237014193, 34.89668253097019], [-92.1707247772218, 34.895276077309795], [-92.1707654776923, 34.89470966453529], [-92.1707827783867, 34.894468936172125], [-92.1708645886977, 34.89333049705741], [-92.1708694321115, 34.893263086626476], [-92.170940678643, 34.8922716050863], [-92.1712564017754, 34.89103764292431], [-92.1714777681331, 34.890158368609114], [-92.1716038602468, 34.88965750772309], [-92.1718219129572, 34.889215134838715], [-92.1721763969682, 34.8884959571801], [-92.1722403479803, 34.88836621851134], [-92.172596755547, 34.8879119563579], [-92.1727690293649, 34.88776911779309], [-92.1728861182948, 34.88767203243549], [-92.1729034101393, 34.887657695092706], [-92.1729038818823, 34.887657303205394], [-92.1729425310711, 34.887625257726995], [-92.1729902711245, 34.88758567424419], [-92.1729958446909, 34.8875810537455], [-92.1729989448762, 34.88757848299039], [-92.1733686299792, 34.88727195481269], [-92.1740605693753, 34.88664257138699], [-92.1740998998832, 34.886606796378985], [-92.1741257373792, 34.88656665754509], [-92.1744200244768, 34.88610950497049], [-92.1755179501877, 34.884523164971], [-92.1755314612298, 34.884503640776565], [-92.1755443812288, 34.88448497196979], [-92.1755571245645, 34.88446655851547], [-92.1755708078929, 34.884446789785905], [-92.1755853526852, 34.8844257731621], [-92.1755949925087, 34.8844118459914], [-92.1755972388921, 34.88440860037867], [-92.1760108069387, 34.883811030698475], [-92.1769161345443, 34.88257961824231], [-92.17709586314851, 34.88258282236222], [-92.1771669921448, 34.88258409154409], [-92.1772144402826, 34.882584937899495], [-92.1772291905001, 34.882585200862685], [-92.1774679035988, 34.882589457182995], [-92.177468072059, 34.88258945963698], [-92.1775515786056, 34.88259094907499], [-92.1775512039261, 34.882589684976985], [-92.1776191730004, 34.882532596979594], [-92.177624124002, 34.88252718396469], [-92.1776434227669, 34.882506090616495], [-92.1777599200928, 34.88237876052548], [-92.1779219764344, 34.8822016335285], [-92.1780844409392, 34.882076731525004], [-92.1783379577377, 34.88188183005538], [-92.17855151780552, 34.88166038494519], [-92.1786372427101, 34.88163796716319], [-92.1786375589443, 34.881402514675294], [-92.1786379591187, 34.881368153870085], [-92.1786384162638, 34.8813288659645], [-92.1786389137323, 34.881286032819396], [-92.1786393223947, 34.881251056350116], [-92.1786627249503, 34.8792385187531], [-92.1786782113577, 34.87790685139019], [-92.1784925524052, 34.877863770982785], [-92.1783404453588, 34.87784880423678], [-92.1782392270046, 34.877820236892795], [-92.1781128393338, 34.87777871250421], [-92.1779779262672, 34.8777359765902], [-92.17782623760661, 34.87767918483241], [-92.1775905251757, 34.87756605995109], [-92.1773883657129, 34.87748104431368], [-92.1771358767332, 34.87735386368609], [-92.1769341356964, 34.87722702563332], [-92.1767493120753, 34.8771003019325], [-92.1764636878722, 34.87690318926048], [-92.1762116199307, 34.87673418503908], [-92.176027076058, 34.87657957973121], [-92.1758425328866, 34.8764249732382], [-92.1756076608783, 34.8762282020743], [-92.1754067603414, 34.8760177190728], [-92.1752065580229, 34.875737534508204], [-92.1750056597412, 34.8755270508374], [-92.1748555095435, 34.87531691081966], [-92.1747717667357, 34.8752326954264], [-92.1745878237315, 34.8752365609142], [-92.1701887613822, 34.875159138968876], [-92.1644663918545, 34.87502751747391], [-92.1622717468385, 34.87497696751831], [-92.1622779082838, 34.87469271219059], [-92.1622895952345, 34.87467967119267], [-92.16238053121, 34.8745588908239], [-92.1623984223138, 34.8745351274304], [-92.1624351034871, 34.87199925743558], [-92.1623453045992, 34.87188657021899], [-92.1623468601235, 34.87181508136939], [-92.1623770756188, 34.8712293632363], [-92.1615253332857, 34.871234375784596], [-92.1615718711547, 34.86777283176348], [-92.1663639638871, 34.86784311274261], [-92.1663660199087, 34.86676863125292], [-92.1663697184728, 34.86483629611962], [-92.1663697696802, 34.8648089946798], [-92.1663698190595, 34.8647829353612], [-92.1663708954354, 34.864220242465585], [-92.1749524560157, 34.86427770200609], [-92.179233393527, 34.86434117858709], [-92.1793641927554, 34.86105919569021], [-92.179624927053, 34.8610638075418], [-92.1798681974438, 34.86106811431049], [-92.1800897989534, 34.8610720341058], [-92.1803070796026, 34.86107587437968], [-92.1805178970142, 34.861079605041795], [-92.1807367612664, 34.8610834754926], [-92.1809572484685, 34.8610873755341], [-92.1811726099053, 34.86109118108538], [-92.1813960825147, 34.861094551178795], [-92.1816135614436, 34.8610989764832], [-92.1816027016328, 34.8614280985417], [-92.1821573391247, 34.86143789681609], [-92.1821557593299, 34.86148583617128], [-92.1821557491488, 34.8614861724061], [-92.1821548532445, 34.8615133408361], [-92.1821539471585, 34.86154084550099], [-92.18215280044201, 34.86157564009279], [-92.1821415805171, 34.86191585349258], [-92.1822260884018, 34.8619173498211], [-92.182468478927, 34.86192163371159], [-92.18270919622671, 34.8619258872194], [-92.1829380925173, 34.8619299266876], [-92.1831787923729, 34.861934181078595], [-92.1835697315997, 34.86194108595959], [-92.1837365984953, 34.8619440374762], [-92.1837700553555, 34.86092727851758], [-92.1845113675726, 34.860940369681], [-92.1846087637441, 34.85798483062139], [-92.1838709299574, 34.8579404825829], [-92.1832993205846, 34.85777771693908], [-92.1831923238837, 34.857291105870594], [-92.1829153183711, 34.85734009828022], [-92.1828777201378, 34.85766833110112], [-92.1825368767716, 34.857865836372596], [-92.1807977497935, 34.858121338929024], [-92.1804596410366, 34.85827018328949], [-92.1805133162265, 34.858652271736794], [-92.1807288404563, 34.85893000731249], [-92.1811780664439, 34.85935439993739], [-92.18074421095402, 34.8594960295196], [-92.1801004095042, 34.8594224387445], [-92.179400221481, 34.85964965977681], [-92.179542301124, 34.85382325902399], [-92.1795467811973, 34.853639417915076], [-92.1775761621162, 34.8535774086234], [-92.1729398823124, 34.85343138928431], [-92.1723973757236, 34.85341429081141], [-92.1723585287187, 34.853413066897104], [-92.1723451623459, 34.8534126445019], [-92.1723193842692, 34.8534118325827], [-92.1722639427574, 34.8534100845305], [-92.1733040308984, 34.85131588457469], [-92.1735855489845, 34.851165394059784], [-92.1733023447136, 34.851013165440406], [-92.1733041221503, 34.8508551984775], [-92.1733072593045, 34.85057715786449], [-92.1733099534787, 34.850337469408586], [-92.1733127284953, 34.850091609911495], [-92.1733156704444, 34.84983073839949], [-92.1733185624621, 34.84954290634101], [-92.1733231501191, 34.849166892293184], [-92.1736361497747, 34.848891652058896], [-92.1738857028194, 34.848672197672386], [-92.1740548355165, 34.848523466889496], [-92.1746086318879, 34.848729104283684], [-92.1746970243853, 34.8486632617801], [-92.1745317651998, 34.84844625719681], [-92.1744534531198, 34.84833159741879], [-92.1743990456343, 34.848198837900185], [-92.1743474821079, 34.847910236229], [-92.1743425563126, 34.84770963512868], [-92.17438299374, 34.84728895075911], [-92.1744928733094, 34.84675369724819], [-92.17430081063, 34.84674726232629], [-92.17414031453002, 34.8467411452371], [-92.173948707592, 34.84635191517421], [-92.1738425617932, 34.846135986361894], [-92.1737293513415, 34.845906324220124], [-92.1736782032154, 34.845802417700796], [-92.1736188587479, 34.8456818698693], [-92.1734985835202, 34.845437539528994], [-92.1733783057269, 34.84519320456889], [-92.1732580319454, 34.84494887309188], [-92.1731674671941, 34.844764900660905], [-92.173151422685, 34.84451240544751], [-92.1732320900053, 34.84451547759261], [-92.17323031137532, 34.8444925388614], [-92.1732300809051, 34.844489570914], [-92.1732276400378, 34.84445807713683], [-92.1732251991665, 34.84442658065548], [-92.1732191807742, 34.844348928211396], [-92.1732020674924, 34.84408697626179], [-92.1731864313137, 34.84384085961728], [-92.1731707897843, 34.843594752897495], [-92.1731551483248, 34.84334863446108], [-92.1731391290592, 34.84305348810059], [-92.1731387967349, 34.8430473591218], [-92.1733049059955, 34.8427578527292], [-92.1734767198552, 34.84233980574299], [-92.1737932307575, 34.8421269246215], [-92.174261708825, 34.84206035478119], [-92.1747301861377, 34.84199378941328], [-92.1747304480908, 34.84159382642252], [-92.1747312615282, 34.840346311564495], [-92.174731267847, 34.84033553271999], [-92.1747312767183, 34.8403223841144], [-92.1747322281417, 34.84021786732149], [-92.1747323262927, 34.84020708653989], [-92.1747339532832, 34.84002837164999], [-92.1745060376515, 34.8401464437066], [-92.1744986202809, 34.8401502863583], [-92.1743584207016, 34.840222917003224], [-92.1741315757988, 34.84035748223928], [-92.1735941744764, 34.840676265472595], [-92.17356511826551, 34.840643197804596], [-92.1735325144415, 34.840606090742604], [-92.1734980179203, 34.84056682939249], [-92.17344974849492, 34.8405118939155], [-92.1731448480775, 34.840164883426], [-92.1727626799273, 34.83972789894607], [-92.1733408932392, 34.839394573081016], [-92.1737043979437, 34.839185014128795], [-92.17396020412, 34.839037546479105], [-92.1741669207607, 34.839106879447996], [-92.174512212195, 34.839222682773105], [-92.174731950292, 34.83929638100509], [-92.1747317507881, 34.838844063257], [-92.1748976803902, 34.83884621085618], [-92.1748953195998, 34.837952360707], [-92.1748948110329, 34.837759427720314], [-92.1748947198369, 34.837724708075186], [-92.1748946409447, 34.8376946846593], [-92.1748946139392, 34.8376841789868], [-92.1748944577939, 34.837624892926684], [-92.1748944438863, 34.837619959634196], [-92.1748863819806, 34.83761985245699], [-92.1748749910121, 34.8376197005777], [-92.1745046977479, 34.83761481225928], [-92.1740111396376, 34.8376082915718], [-92.173987764061, 34.837607984003085], [-92.1736931602745, 34.837604090681204], [-92.17369474550152, 34.8372418085298], [-92.1736966311541, 34.83681198292389], [-92.1736974556348, 34.83662402639279], [-92.173697515843, 34.8366102674742], [-92.1736564508691, 34.83660999728699], [-92.1734080024862, 34.8366083905742], [-92.1733396913456, 34.83660794891299], [-92.1732666606075, 34.83660747530051], [-92.1728203795337, 34.83660458311051], [-92.1723495810878, 34.836601529938584], [-92.1723449392259, 34.8362390053347], [-92.1723325877016, 34.8353886528294], [-92.1724260600877, 34.835380099814785], [-92.1724248170084, 34.835372340634585], [-92.17242669258401, 34.83501132098679], [-92.1724303007755, 34.834317218725815], [-92.1724389545007, 34.8342800932678], [-92.1724476786561, 34.834242675656974], [-92.1724884056838, 34.834067981390206], [-92.1725036633737, 34.834002532803915], [-92.1725207887016, 34.83392907175939], [-92.1725325298525, 34.8338787094188], [-92.1725534283678, 34.83378906565889], [-92.1725665431365, 34.83373281074191], [-92.1725715849406, 34.8337111845005], [-92.1726069890726, 34.833559320202305], [-92.17261606731, 34.83352037871848], [-92.1726251747907, 34.8334813127999], [-92.1726236287256, 34.83326986589731], [-92.1726223512644, 34.83309528278488], [-92.172619993793, 34.832773163409406], [-92.1726184650771, 34.83256420793479], [-92.1726180579499, 34.832508461115495], [-92.17308648950271, 34.83231387590168], [-92.173174013256, 34.832277518510885], [-92.1731978509778, 34.83226919565211], [-92.1738213604596, 34.83205149802328], [-92.1743987395361, 34.83184990386281], [-92.1746902409414, 34.8317329387855], [-92.1746902933692, 34.83173291797689], [-92.1752028154343, 34.8315272674895], [-92.17523018777382, 34.83151628173899], [-92.1754037645941, 34.8314466324406], [-92.1755409084571, 34.83139192201809], [-92.1755598761339, 34.831384354902085], [-92.1755855217023, 34.8313741233685], [-92.1756191743995, 34.83136069634199], [-92.175632851301, 34.83135523993967], [-92.1756886980803, 34.83133295833822], [-92.176257485747, 34.8311060468602], [-92.1774093157988, 34.83064651763649], [-92.177430086367, 34.8306382309391], [-92.1775640480726, 34.8305847839655], [-92.1776121271039, 34.83056560298129], [-92.1776596578206, 34.83054663912719], [-92.17780876267, 34.8304871516642], [-92.1780959535698, 34.830372573372394], [-92.1786868403943, 34.83013682428899], [-92.1786937692924, 34.83013406017199], [-92.1787728596072, 34.83010250489079], [-92.1791627793978, 34.82994693358868], [-92.1793700925089, 34.82987016460241], [-92.179626736995, 34.82977512738961], [-92.1798069504008, 34.82970839392748], [-92.1799669087719, 34.829649159644596], [-92.1800409864314, 34.82962172772859], [-92.1800444184906, 34.8295352665727], [-92.1800452291164, 34.8295148344305], [-92.1800457457776, 34.8295018383028], [-92.18004800168411, 34.8294449914056], [-92.1800480648357, 34.829443399454476], [-92.1800499211498, 34.82939663791838], [-92.1800503994781, 34.82938459551979], [-92.1800529328682, 34.829320771441196], [-92.18005497863092, 34.829269234052205], [-92.1800550862667, 34.82926650538048], [-92.1800558203485, 34.829248036582705], [-92.180059184043, 34.82916329538479], [-92.1800592181676, 34.82916241647752], [-92.1800611738908, 34.82911316605261], [-92.18006169876631, 34.829099932847015], [-92.1800650707539, 34.82901499333128], [-92.18006509044, 34.829014504747896], [-92.1800652260565, 34.8290110846675], [-92.1800674167164, 34.82895588290788], [-92.1800680461772, 34.8289400255967], [-92.1800715175409, 34.82885258277008], [-92.1800716624793, 34.8288489301169], [-92.1800855922834, 34.828497995953484], [-92.1800940297788, 34.82828540648849], [-92.1800951816747, 34.82825719663511], [-92.1800958348516, 34.8282411941648], [-92.1800962225794, 34.82823168030401], [-92.1800971391083, 34.828209229789884], [-92.1800972562895, 34.82820637040232], [-92.1800973589286, 34.828203854466395], [-92.1800981085149, 34.82818548479918], [-92.1800983376634, 34.82817987960709], [-92.1800984600442, 34.8281769003268], [-92.1801439204395, 34.8269611371758], [-92.1801651668263, 34.82639293166659], [-92.1801921288604, 34.82457813250699], [-92.1803281152313, 34.81542376652111], [-92.1760257324939, 34.81532605612748], [-92.1760054374764, 34.81532559479088], [-92.1759845085132, 34.8153251190617], [-92.1757615988953, 34.81532005261221], [-92.175735458462, 34.81531945831669], [-92.1757082796691, 34.8153188403049], [-92.1756231319893, 34.815316905011095], [-92.1755867740998, 34.81531607873188], [-92.175074538244, 34.81530443236349], [-92.1750531163447, 34.815303945475875], [-92.1749704432694, 34.81530206557998], [-92.1746951064781, 34.815295804805295], [-92.173591401025, 34.815270701998685], [-92.1743100014687, 34.81468390133868], [-92.17597128254522, 34.8133272696569], [-92.1760871580626, 34.81325511653539], [-92.1767033425197, 34.812719686593], [-92.1771518439123, 34.81236861213391], [-92.17731929149, 34.81222928544719], [-92.1773471124537, 34.812206137000906], [-92.1773721558888, 34.8121852993307], [-92.1773968796691, 34.81216472804031], [-92.1788063245778, 34.81102108134079], [-92.1796642072255, 34.8103590279892], [-92.1801605960085, 34.809975944755095], [-92.1802807975484, 34.809883177979536], [-92.1803517668865, 34.80982840692371], [-92.1804363421301, 34.8097631357084], [-92.1806571437532, 34.809592730320794], [-92.1806575976135, 34.809592380796204], [-92.18235792841071, 34.808155825634906], [-92.1823765471157, 34.8081400949893], [-92.1823951614482, 34.80812436705158], [-92.1832309327247, 34.8074182223193], [-92.1834178534205, 34.80726028858376], [-92.1838653863926, 34.806882157767504], [-92.1838971503052, 34.80685531954938], [-92.1839256975583, 34.8068311985593], [-92.1842170144917, 34.806585054975386], [-92.184270637846, 34.80653974680781], [-92.184436661239, 34.806403765524], [-92.1849467132962, 34.80597620372119], [-92.1850762449891, 34.805867620822895], [-92.1850990023061, 34.8058485445912], [-92.1851925442778, 34.80576858058937], [-92.1858388201205, 34.80521611259308], [-92.1861597472143, 34.80494176689059], [-92.1861598999106, 34.804941636852284], [-92.1864599434287, 34.80468731301919], [-92.1871019015072, 34.80469064154658], [-92.187125781957, 34.804690765463704], [-92.1884117669999, 34.80469742396351], [-92.1873919846701, 34.8038983233008], [-92.1878931079105, 34.8034764308872], [-92.1884349283246, 34.803020265320775], [-92.18928701031, 34.803545835996914], [-92.18965896722881, 34.803542587414775], [-92.1905916520218, 34.80269879426471], [-92.1901987238997, 34.80239119906408], [-92.189803217746, 34.802675657104], [-92.1893260434856, 34.80226864174108], [-92.1893653418337, 34.802235258655195], [-92.18965763273891, 34.8019869739005], [-92.1897279816526, 34.80192721538701], [-92.1897691795218, 34.80189222107119], [-92.1900864962395, 34.80162267407699], [-92.1901398387543, 34.80157736192301], [-92.1901398737945, 34.801577392514496], [-92.19239175219322, 34.803556050978585], [-92.1939403771468, 34.804975384864676], [-92.1935469253514, 34.80496563401841], [-92.1935114034055, 34.804964753260016], [-92.1934746825689, 34.80496384288549], [-92.19346716463411, 34.804963656764194], [-92.1934515287345, 34.804956371835914], [-92.1934498203804, 34.805052601526796], [-92.1934457898965, 34.805279640103805], [-92.1934608327808, 34.805279721188576], [-92.1949856119551, 34.805287897499895], [-92.1949867756553, 34.80503975931602], [-92.1949868540915, 34.80502281486969], [-92.1949869425619, 34.805004132528204], [-92.1949916067132, 34.804009588653884], [-92.1957412106366, 34.80334305809538], [-92.1987019575265, 34.8033950270209], [-92.1992717333533, 34.803405020103895], [-92.19927199981, 34.8033991543183], [-92.1992732212416, 34.80337230259371], [-92.1993562526553, 34.801545939258595], [-92.2021685275689, 34.801574370629496], [-92.2022594976674, 34.801575289177975], [-92.2027428298298, 34.801580168727696], [-92.2027828214555, 34.7997788879516], [-92.2071511702378, 34.7998745239516], [-92.2069083473542, 34.800037612521784], [-92.2067047562434, 34.800174356268194], [-92.2066216784989, 34.80023875744278], [-92.2054978694467, 34.801109943218584], [-92.2048478670408, 34.8016163865393], [-92.20342567873732, 34.802724426823694], [-92.203113901956, 34.802967334133996], [-92.2029477529311, 34.80309677681729], [-92.2026032050189, 34.8033652126731], [-92.2026021972268, 34.80336599498679], [-92.2025209592136, 34.80342928508501], [-92.2006361179954, 34.80342830801759], [-92.2004313565333, 34.80363034509029], [-92.2004231651765, 34.803638425377606], [-92.20028521686021, 34.8037745395625], [-92.1998391450667, 34.804214668533795], [-92.1988167315238, 34.80522343689838], [-92.198722141256, 34.805316762919084], [-92.1987010569663, 34.80533756512881], [-92.1984876624043, 34.805548099830396], [-92.1984703304694, 34.805565206372876], [-92.1984620943152, 34.806013951602594], [-92.1984015499813, 34.8093120891186], [-92.2004534306201, 34.80934761137729], [-92.2023692297894, 34.8093807502523], [-92.2026355787143, 34.80938535615098], [-92.2027551787946, 34.80938665840468], [-92.2027588761911, 34.80908907720408], [-92.2027755357452, 34.80761395610101], [-92.2027755468474, 34.807613150239796], [-92.2027755580756, 34.807612394856086], [-92.2028227568498, 34.8034327369999], [-92.2028407235039, 34.80341960117053], [-92.2029800649736, 34.8033177317537], [-92.2045588997753, 34.802114080355395], [-92.2053954988456, 34.8014762601654], [-92.2061181269229, 34.8009253229938], [-92.2069846067353, 34.8002646908144], [-92.2075273847437, 34.7998803127007], [-92.2085882929201, 34.7999132274116], [-92.2105378105531, 34.79997369077639], [-92.2108497733783, 34.799983362791295], [-92.2109265922982, 34.79998574375309], [-92.2114505190357, 34.80000198556818], [-92.2117654458598, 34.80001174728988], [-92.2123109084387, 34.80002865290909], [-92.2127639617425, 34.800042690313695], [-92.2141261617943, 34.800084889517095], [-92.2142919688234, 34.8000900273489], [-92.2148587625506, 34.800107583410686], [-92.2148595122397, 34.80010760639879], [-92.2149804199322, 34.800111351213715], [-92.2145567121261, 34.800569875195], [-92.2144736746313, 34.80065973430969], [-92.21438873985831, 34.80075164022449], [-92.2143666766515, 34.800775518896806], [-92.214281170219, 34.80087077532539], [-92.2133103066304, 34.80195235631947], [-92.2132976608534, 34.80196644419919], [-92.2132866080543, 34.80197875800079], [-92.2132744634794, 34.80199228702239], [-92.2132671011189, 34.802000490201806], [-92.2132570779753, 34.802011657396406], [-92.2132313189362, 34.8020403504744], [-92.2131998493489, 34.8020754148526], [-92.2131600127196, 34.80211979109599], [-92.2131393037661, 34.80214281350829], [-92.21313715943002, 34.8021451970055], [-92.21313086606652, 34.802152259812885], [-92.213120667462, 34.8021636229108], [-92.2131077230644, 34.80217804121218], [-92.2130969317075, 34.80219006247929], [-92.2130791658397, 34.80220985265271], [-92.212445701681, 34.802915528554095], [-92.2123502534346, 34.80302185684269], [-92.2123404087375, 34.8030328253375], [-92.2122800525415, 34.803100060972305], [-92.2122722279669, 34.80310877329648], [-92.2122519621178, 34.8031313521854], [-92.21221429716371, 34.80317330943028], [-92.2121643484524, 34.80323089155088], [-92.21194668586021, 34.80348181675549], [-92.21194603214622, 34.80348256967519], [-92.2118732412272, 34.80356648576447], [-92.21189358548831, 34.8035671779768], [-92.2118941909456, 34.803567195831185], [-92.2119682401109, 34.8035697099446], [-92.2120098619678, 34.80357112512559], [-92.2120532204336, 34.8035725976003], [-92.2120905526787, 34.80357386803829], [-92.2121024554106, 34.803574272346], [-92.2123239002428, 34.803581796481396], [-92.2123707297504, 34.8035833834531], [-92.2124162281186, 34.80358492770569], [-92.2124177953318, 34.8035849808031], [-92.2124957461754, 34.80358762916449], [-92.2125246882644, 34.80358861333767], [-92.2125825112387, 34.80359057816651], [-92.212628867534, 34.8035921496547], [-92.2126755604565, 34.8035937376516], [-92.212701069757, 34.803594603506106], [-92.2127356140345, 34.80359577595158], [-92.2128434250233, 34.80359943721208], [-92.2128550927884, 34.80359983284966], [-92.2129028982815, 34.8036014557308], [-92.2129480218083, 34.803602987829784], [-92.2129929464269, 34.803604512154195], [-92.2129999781311, 34.803604752897975], [-92.21319749172591, 34.8036113734556], [-92.2137444709462, 34.80362970667849], [-92.21406968526232, 34.80364060581951], [-92.2150385319883, 34.80367306409112], [-92.2161391939423, 34.803709917161385], [-92.2162408379118, 34.803713332328186], [-92.2170935417732, 34.80374188834277], [-92.2176247727461, 34.80375959244122], [-92.2175993110645, 34.803801828405106], [-92.217564697476, 34.80386051067519], [-92.2175487722633, 34.80388751468921], [-92.2175193705602, 34.80393736013789], [-92.2175508601269, 34.8040578654401], [-92.2178488970241, 34.80411991441979], [-92.2183353702873, 34.8042229558894], [-92.2186476724828, 34.804351041448484], [-92.2190978333731, 34.804535665315484], [-92.21970282435592, 34.80441739163459], [-92.2200615998237, 34.80430858383041], [-92.2201799384948, 34.80429709283629], [-92.2201851235994, 34.804296588409485], [-92.2203293200232, 34.804282585169794], [-92.22049448106331, 34.804268663820295], [-92.2206180531242, 34.804273282279794], [-92.2211516432139, 34.804294936052486], [-92.221159707947, 34.80429526454108], [-92.221231869737, 34.80429819194731], [-92.221489453561, 34.80433945045019], [-92.2215182420067, 34.8043440626258], [-92.221728246201, 34.8043776966048], [-92.221793124023, 34.804377246172415], [-92.221799762723, 34.80437720138761], [-92.2227160830399, 34.80437082702149], [-92.2229505947847, 34.80433664302549], [-92.2233506973244, 34.8042785387528], [-92.2237240684146, 34.80422094024468], [-92.2238046407554, 34.804018541652596], [-92.2246739662864, 34.8040619447916], [-92.2246748963069, 34.8040619601677], [-92.2246854794117, 34.804062489194884], [-92.2249024936805, 34.804073311849606], [-92.2248915237096, 34.80446703801349], [-92.2248900595434, 34.8045195999193], [-92.224882279892, 34.80482470804019], [-92.2248717430446, 34.805237978246396], [-92.2248708950245, 34.80527113567268], [-92.2248558391497, 34.80586160875649], [-92.2248544355337, 34.8059167169797], [-92.2248485919436, 34.80614597401369], [-92.2248271807806, 34.80698590799659], [-92.2248270811262, 34.806989781457695], [-92.2248263317901, 34.80701635945527], [-92.2248249675569, 34.8070647856034], [-92.22482371168721, 34.80710932655607], [-92.2248106775737, 34.80757133608539], [-92.2250085441143, 34.80757172497788], [-92.2261103421438, 34.80757122241941], [-92.2262085441504, 34.807572539896796], [-92.2263408346217, 34.80757431367011], [-92.2269510263202, 34.80758301910191], [-92.2269918121532, 34.80758360317711], [-92.2270326886856, 34.807584184361595], [-92.2270479925329, 34.8075844058424], [-92.227049067948, 34.807584422726194], [-92.2277589211217, 34.8075945497294], [-92.2279151890637, 34.807596778985484], [-92.2279919224825, 34.8075978709728], [-92.2294749935289, 34.8076190153455], [-92.2297529262644, 34.80762297509749], [-92.2304962348184, 34.807633559562994], [-92.2305870065932, 34.80763485172929], [-92.2306304842892, 34.807635473530006], [-92.230672653785, 34.80763607620929], [-92.2307381369823, 34.80763700699009], [-92.231395785486, 34.807646369559386], [-92.2317217428604, 34.807642682486595], [-92.231847794166, 34.80763975340519], [-92.2319198380494, 34.807628529969776], [-92.2319915958806, 34.80762620917769], [-92.2323043302061, 34.80761508720487], [-92.2323619112276, 34.8076130488701], [-92.2324010335816, 34.80761164857219], [-92.2324759856939, 34.807638688567], [-92.2326222863943, 34.8076929647297], [-92.2326471993618, 34.80770220500871], [-92.2326764691123, 34.80771739588249], [-92.2326928885455, 34.8077259171717], [-92.2327387638991, 34.8077562370469], [-92.2327711463191, 34.80778331026627], [-92.2328000138889, 34.8078000045119], [-92.2328278589274, 34.807806154477696], [-92.2328601085467, 34.807803283745], [-92.232885441271, 34.807795387725285], [-92.2329228377711, 34.80778320909351], [-92.2329783520187, 34.80776545154219], [-92.2329800751552, 34.80776496683689], [-92.2330634703036, 34.8077414922961], [-92.2331524072111, 34.80772560919979], [-92.2332265760123, 34.8077187489631], [-92.2333592446905, 34.807715461927906], [-92.2334577985791, 34.807717426262606], [-92.2335389039624, 34.807716737606896], [-92.2335795499546, 34.80771463536471], [-92.2335802478093, 34.807733847134706], [-92.2335814716376, 34.80776760541438], [-92.2335861962021, 34.807897984088385], [-92.2335890690508, 34.8079772999181], [-92.2335958426529, 34.808164255759785], [-92.23358770191722, 34.808673779906876], [-92.23358755690072, 34.8086826354501], [-92.2335975244113, 34.80871056265489], [-92.2335978575719, 34.8087177244512], [-92.2336003852866, 34.80877164428549], [-92.2336008636274, 34.808781785794515], [-92.2335943033459, 34.808949039005306], [-92.2335820708524, 34.80925948287871], [-92.2335582594549, 34.80983944262868], [-92.2335459979726, 34.81019044463949], [-92.2335369106153, 34.8104173351978], [-92.2335343601093, 34.81048166882319], [-92.2335163389826, 34.81095091841257], [-92.2335158488317, 34.81096365601989], [-92.2335089041181, 34.81098441060029], [-92.23349772030572, 34.811017800150495], [-92.2334922969234, 34.811034001535006], [-92.2334882961557, 34.81114625592079], [-92.2334831286349, 34.811290987888675], [-92.2334705908162, 34.811831173424096], [-92.2334698295548, 34.81186403961439], [-92.2334690583433, 34.8118972465499], [-92.2334687182503, 34.81191200388071], [-92.2334293106178, 34.81361596889429], [-92.2334145471713, 34.81433117739529], [-92.2334143603431, 34.81434032597538], [-92.2334094778004, 34.814364917348605], [-92.2334028175923, 34.81439844948618], [-92.2333999216065, 34.81441301080588], [-92.2333874977488, 34.814872657856476], [-92.2333202399727, 34.8154140636792], [-92.2333112997443, 34.815486022954985], [-92.2333040825815, 34.815816870030496], [-92.2333065358786, 34.81615035551611], [-92.2333145361607, 34.816321450911495], [-92.2333420393697, 34.81650657529908], [-92.2333530865742, 34.816507896779974], [-92.2334547691716, 34.8165200506565], [-92.2346454377914, 34.81654283377372], [-92.2346431721267, 34.81679061346599], [-92.2346372125916, 34.81744327820039], [-92.2346196251503, 34.81936870654161], [-92.2346196939828, 34.81936945365949], [-92.2346196475502, 34.81937381107529], [-92.2346196105857, 34.819377284207796], [-92.234619254198, 34.819410929330594], [-92.2346191437699, 34.819421131492], [-92.2346165112746, 34.81949244932], [-92.2346159213901, 34.81950845648079], [-92.2342429107157, 34.8195922277264], [-92.2340711645479, 34.8196340844286], [-92.2340491279247, 34.81964041663421], [-92.2338855557517, 34.81968742111511], [-92.2337381175114, 34.819730661127394], [-92.2336065263099, 34.819780196816694], [-92.2335699006843, 34.819793984038384], [-92.2334301410291, 34.819857926221296], [-92.233391821411, 34.8198866320186], [-92.2333420715241, 34.8199238999222], [-92.2332700926044, 34.81997782748048], [-92.2332710723893, 34.8201020156265], [-92.2332711259991, 34.820109262706175], [-92.2332630028903, 34.82039775528112], [-92.2332595371854, 34.82052075326529], [-92.2332595292957, 34.82052105073989], [-92.2332496801361, 34.8208707808984], [-92.2332488262413, 34.82090646683939], [-92.2332467280078, 34.82099374092567], [-92.233245878602, 34.82102908793502], [-92.233244653113, 34.82108000901431], [-92.2332434993484, 34.82112812212011], [-92.2332344350573, 34.8215053233584], [-92.233226447625, 34.82183772155591], [-92.2332256070886, 34.82187273773909], [-92.23322547440432, 34.82187829777929], [-92.2331911237555, 34.82316759322149], [-92.2331606392916, 34.82376179311111], [-92.2331312458649, 34.82434173177501], [-92.2330839090759, 34.82563109690958], [-92.2330700334615, 34.826010051827524], [-92.2331760296338, 34.82602233185959], [-92.2357935143947, 34.82610958524312], [-92.2358364315968, 34.8261110175273], [-92.2358727217585, 34.82611222582139], [-92.2358791094175, 34.82611245207179], [-92.2361119382951, 34.826120753428796], [-92.2363425884391, 34.826128976617795], [-92.237291776709, 34.8261628712201], [-92.2373196996909, 34.8261638712556], [-92.2374848805623, 34.826169767852406], [-92.2374598007999, 34.82739511356712], [-92.2374590432458, 34.827432109087184], [-92.23745806416551, 34.82748007318119], [-92.237458009733, 34.8274820184926], [-92.23745798461691, 34.82748277481011], [-92.23745748249371, 34.8274953529261], [-92.2374295907096, 34.82823598365491], [-92.2374276553767, 34.8282874028839], [-92.2374217254118, 34.8284448787867], [-92.2373774038764, 34.829621767137105], [-92.2373752971967, 34.82972639766819], [-92.23737471598902, 34.82975530735849], [-92.2373747099994, 34.829755502071094], [-92.23737436663842, 34.829772663449894], [-92.2375783083457, 34.829779354520866], [-92.23778278797, 34.829786063101785], [-92.2379881651964, 34.82979280199382], [-92.2385554721567, 34.8298114140765], [-92.23963436649632, 34.82984858334428], [-92.2407967862471, 34.82988862387169], [-92.2408648464212, 34.82989096903929], [-92.2421075514265, 34.82993375534791], [-92.2423558169181, 34.82994334551369], [-92.2427286894153, 34.82995489395318], [-92.2428051670626, 34.829957260565806], [-92.2428499665217, 34.82995864774678], [-92.2430281148506, 34.82996416508703], [-92.2440306593691, 34.829984844564905], [-92.2446292168777, 34.830007044312595], [-92.2450963172481, 34.830025266299806], [-92.2451438952056, 34.83002688849029], [-92.2451853956863, 34.83002830410258], [-92.2452270415629, 34.83002972120469], [-92.2452495563368, 34.83003048802088], [-92.245275300623, 34.83003136357748], [-92.2453359092545, 34.83003342855049], [-92.24537162452, 34.830034764943306], [-92.2455462551596, 34.8300412799911], [-92.2458037936422, 34.830050897103405], [-92.2462137414938, 34.830064585678], [-92.2462137240941, 34.83006533657339], [-92.2462127811927, 34.8300907325322], [-92.2462017846229, 34.830384729777585], [-92.246201756297, 34.83038548249828], [-92.2461681190877, 34.8312830228047], [-92.2461680918543, 34.8312837755232], [-92.2461368549396, 34.83211726430967], [-92.2461368277056, 34.8321180170282], [-92.246099367318, 34.833117643442286], [-92.24609933571331, 34.83311839707119], [-92.246082067957, 34.833578742080185], [-92.2457322643437, 34.8335653078503], [-92.243867600199, 34.83350246340008], [-92.2438675729435, 34.83350321611811], [-92.2438650276582, 34.8335355046744], [-92.2438630594119, 34.83356045742481], [-92.2438610985894, 34.833585334442986], [-92.2438575393336, 34.833630537512086], [-92.2438557512457, 34.83365323461149], [-92.24385570649882, 34.83365398736529], [-92.2438386308601, 34.8341024945648], [-92.2438385959517, 34.8341032472986], [-92.2438214087799, 34.83455472121709], [-92.2420883109339, 34.83535060335078], [-92.2417319675678, 34.83551424553079], [-92.2415731983915, 34.8355857236105], [-92.2415731875124, 34.835586476295], [-92.2415714073297, 34.835649901849685], [-92.241105945496, 34.835636701477895], [-92.241105931341, 34.83563745687311], [-92.2411001115037, 34.835844519306576], [-92.2410500487847, 34.8358433340828], [-92.2410097329364, 34.835842379754496], [-92.2409692115463, 34.83584142041901], [-92.2406058441577, 34.835832812856786], [-92.2405240087433, 34.83583087386101], [-92.2404750131087, 34.83582971238728], [-92.2404750054991, 34.8358304650651], [-92.2404668616666, 34.83613854485833], [-92.2399517792433, 34.83637714193601], [-92.2399517716368, 34.8363778973179], [-92.2399514129216, 34.8363941276049], [-92.2399162923698, 34.836393332830994], [-92.2399012886787, 34.83640293756039], [-92.239769290725, 34.836451450573385], [-92.239607111468, 34.83651923086511], [-92.2394706592625, 34.83657626433111], [-92.2393507054349, 34.836631212104976], [-92.2393560471556, 34.83639171501829], [-92.2393560514853, 34.836390958741596], [-92.2389458772495, 34.836564485091785], [-92.238946122965, 34.836565138109485], [-92.2389634257874, 34.836612324719], [-92.2389634312906, 34.836613080074684], [-92.23896390628252, 34.83664297109151], [-92.2389522745387, 34.83667987302449], [-92.2389335836896, 34.83670785808639], [-92.2389054222746, 34.83673258102459], [-92.23887685300161, 34.83674873794069], [-92.2388412042641, 34.83676094739029], [-92.23876714637741, 34.836762343009596], [-92.2387212757324, 34.836748889493094], [-92.2386813716318, 34.836724884957], [-92.2386155417316, 34.83678771644841], [-92.2385633423632, 34.836837533416585], [-92.2384694964973, 34.83692709478818], [-92.2383221267436, 34.837062717689], [-92.237874292452, 34.8370576757997], [-92.237874302318, 34.83705843114669], [-92.23788083876661, 34.837562089039196], [-92.2378808442518, 34.83756284169069], [-92.237883804454, 34.83802014631711], [-92.2378857013226, 34.8383137926924], [-92.2378857035281, 34.8383145453505], [-92.237886120291, 34.83837842258309], [-92.2378874313279, 34.83858145677339], [-92.2378887821286, 34.8387898505655], [-92.2378887843421, 34.83879060592766], [-92.2378920450266, 34.839294831064], [-92.237892050512, 34.83929558371571], [-92.2378948167059, 34.8397232023216], [-92.2378948014269, 34.83972395771878], [-92.2378979508142, 34.84020845883779], [-92.2378940216951, 34.840491316373665], [-92.2396054320018, 34.84051596799372], [-92.2413926460102, 34.840541687619705], [-92.2414504719047, 34.840542520791786], [-92.241455149737, 34.84030603553568], [-92.2414554014927, 34.840293270408395], [-92.2414554090857, 34.84029251502622], [-92.2421446354848, 34.84000828064169], [-92.2424822671676, 34.83986903895379], [-92.242489328763, 34.8398661257376], [-92.242506982951, 34.83985872731672], [-92.2427505051152, 34.83975665916258], [-92.2436724854073, 34.83935612360191], [-92.2436803533384, 34.83935270659439], [-92.243680324986, 34.8393534593149], [-92.2436595293688, 34.839802484418705], [-92.2436595021012, 34.8398032344328], [-92.2436390708702, 34.840244428404795], [-92.2436356096878, 34.8403191699162], [-92.24362732372052, 34.840498080777685], [-92.2436272931725, 34.84049883079858], [-92.2436186849198, 34.8406847551525], [-92.2436185083399, 34.8406885765155], [-92.2436177073075, 34.840705818182485], [-92.2436332676615, 34.84070635251449], [-92.2440419700568, 34.8407203928315], [-92.2457142414041, 34.84077781693802], [-92.2458209652301, 34.84078148231349], [-92.2458209478299, 34.8407822350121], [-92.2457836117802, 34.8418685061439], [-92.24578359000621, 34.841869258851496], [-92.2457815875886, 34.8419340749042], [-92.2457630209551, 34.84253575303249], [-92.2457531065938, 34.84285714785871], [-92.24575308262442, 34.84285789786678], [-92.2457509827023, 34.84292591496858], [-92.2457159447469, 34.84406118479859], [-92.245715933905, 34.844061937483794], [-92.2456599044302, 34.8458778093339], [-92.2456598837501, 34.84587856294076], [-92.2456112895164, 34.84745320511639], [-92.2456112655526, 34.84745395782881], [-92.2455289210129, 34.85012236119699], [-92.2455288970557, 34.85012311661362], [-92.2454828475336, 34.851615283619395], [-92.245384006836, 34.851613225124176], [-92.2442594914096, 34.851589800681296], [-92.2440870900282, 34.851586210423505], [-92.2432613661279, 34.85156900087879], [-92.2397429629906, 34.85148396537009], [-92.2390871706031, 34.8514661847572], [-92.2390612648294, 34.85146548214377], [-92.2376744788122, 34.8514278700143], [-92.2375387781832, 34.851424188256885], [-92.2366615403029, 34.85140038415099], [-92.2366615129667, 34.85140113416399], [-92.23665460420591, 34.85148801148169], [-92.2366545429729, 34.85148876156189], [-92.2366491094885, 34.851556966306596], [-92.2366490482555, 34.85155771638679], [-92.2366333146916, 34.85175501379279], [-92.2366304896861, 34.85179043061039], [-92.2366297386074, 34.85179984895029], [-92.2366267596162, 34.85183720767339], [-92.2366261509564, 34.85184484367729], [-92.2366261013699, 34.85184546303248], [-92.2366235738594, 34.8518771574094], [-92.2366219989259, 34.85189691185129], [-92.2366207436253, 34.85191265896841], [-92.2365966488089, 34.8522147968234], [-92.236596607257, 34.8522155468647], [-92.2365805212724, 34.852417321285984], [-92.2365804600303, 34.8524180686621], [-92.236368138445, 34.855149576457094], [-92.235026538321, 34.85514249229521], [-92.233577668013, 34.855106980043885], [-92.2320565696849, 34.855059699387], [-92.232055788403, 34.856211133134714], [-92.2311477865692, 34.8571843033273], [-92.2311413958523, 34.857191152760194], [-92.2309910404741, 34.85705917318942], [-92.23089217012551, 34.85697238531971], [-92.2308100068382, 34.856906778471874], [-92.2307607391772, 34.85686743771391], [-92.2307197211903, 34.85683468460717], [-92.2306527531662, 34.85678121079768], [-92.2304714325956, 34.85666480514409], [-92.230053396754, 34.8564003328237], [-92.2296668201145, 34.856170094767094], [-92.2294535609014, 34.856092331306215], [-92.2292244337765, 34.85605389865119], [-92.22911987862801, 34.85605212069053], [-92.2289111210991, 34.8560747709177], [-92.2287994849665, 34.8560956988142], [-92.228736480869, 34.8561075105458], [-92.2286914740275, 34.85611594812799], [-92.2285773841529, 34.85613733571799], [-92.2281924799974, 34.8562094971247], [-92.228232507325, 34.854792234462394], [-92.2266765314415, 34.85476840979621], [-92.2266752090221, 34.855076810354504], [-92.22555206036371, 34.8550728205151], [-92.2255325620984, 34.85507275096759], [-92.2255494521285, 34.8553509357844], [-92.2255579825724, 34.85549143871209], [-92.2255578661595, 34.85555657718658], [-92.2255577340036, 34.855629822818614], [-92.2255724521937, 34.85607077806048], [-92.2255729722936, 34.85608636937279], [-92.2255732430344, 34.8560944705809], [-92.2255735424143, 34.856103433466494], [-92.2255741352682, 34.85612120150529], [-92.2255763061457, 34.85618621758021], [-92.2255403165884, 34.85704683545292], [-92.2255411781637, 34.857356885060106], [-92.2255343104703, 34.857647965930184], [-92.2255581654234, 34.8579453165744], [-92.2255582894822, 34.857989956926794], [-92.2255583236883, 34.85800226538359], [-92.2255738096693, 34.858044140999894], [-92.2256588721274, 34.858274160956896], [-92.2257363221138, 34.85852078988858], [-92.2258444956025, 34.85877368847001], [-92.2260065803543, 34.85908976095979], [-92.226261101971, 34.859519553709276], [-92.2263461070816, 34.85972187530341], [-92.2263926075573, 34.85987997626488], [-92.22636258998, 34.860126809345815], [-92.2260285593975, 34.861468887916885], [-92.2260212525647, 34.861601780617576], [-92.2260215521316, 34.86170934870778], [-92.226075623189, 34.8618294706077], [-92.2261373008116, 34.86192426696389], [-92.2262296686897, 34.86201267829277], [-92.2267375674957, 34.8624546455626], [-92.2274498897499, 34.861877482320786], [-92.2290034345394, 34.8628869267226], [-92.2285924898677, 34.86416588412791], [-92.2293998141442, 34.864607266847294], [-92.22943099857751, 34.86462461016268], [-92.2294571006306, 34.86463912835002], [-92.2294806702484, 34.8646522353072], [-92.2295217292514, 34.864675069848], [-92.2292098646019, 34.86505235101419], [-92.228915782827, 34.865352873389796], [-92.2287057969753, 34.865603620478794], [-92.2286228226438, 34.865676903038896], [-92.228526241067, 34.86576220190759], [-92.22838728451562, 34.86583793680721], [-92.2282571593416, 34.8658881867013], [-92.2280979589721, 34.865932375115875], [-92.2279705028021, 34.86594905711829], [-92.2276565013812, 34.865967764001674], [-92.2276488810804, 34.865968218403005], [-92.2275284277526, 34.86597178483538], [-92.2274830574949, 34.8659731277806], [-92.2274811725359, 34.866118828095985], [-92.2274776022112, 34.86639482533859], [-92.2274751263267, 34.86647758788631], [-92.227458607865, 34.8670297138163], [-92.2274562549049, 34.86710835315851], [-92.2274523969767, 34.86723729672789], [-92.227452058018, 34.86724863960739], [-92.2274512870257, 34.867274406506496], [-92.2274487637193, 34.86739372786451], [-92.2274487627873, 34.8673937855555], [-92.2274487607617, 34.86739384324861], [-92.2274472485472, 34.86746536629249], [-92.2274432091278, 34.86765638737679], [-92.2274431840931, 34.86765760070009], [-92.2274517642922, 34.86765774931951], [-92.2317232822069, 34.8677312715684], [-92.2316823328029, 34.8692803184185], [-92.2294403895316, 34.86923679825121], [-92.2294306580279, 34.869378031066994], [-92.2294024215463, 34.86978669693679], [-92.2293836922002, 34.870058747360304], [-92.2293644682038, 34.8703373149088], [-92.2293455793585, 34.87061106747089], [-92.2293190231418, 34.87099577017369], [-92.2274718667632, 34.8709582158996], [-92.2274325378174, 34.87095926698439], [-92.2274194066591, 34.870959617384116], [-92.2273933685383, 34.87096031324537], [-92.2273593360168, 34.87096122262171], [-92.227358758583, 34.870961238142876], [-92.2273489826671, 34.8709614992214], [-92.227232225049, 34.87096461842899], [-92.2271160936202, 34.87659062886719], [-92.2238241606697, 34.8764784889863], [-92.2236748739368, 34.876473402559306], [-92.2235234530628, 34.8764682460241], [-92.22351602448332, 34.876467987700394], [-92.2235347675136, 34.87613287571249], [-92.2235365657327, 34.87610073315231], [-92.2235460247928, 34.8759316284009], [-92.2235537075776, 34.87579430290741], [-92.22357321680741, 34.8754456135987], [-92.2243396329088, 34.87546624219837], [-92.22440161212171, 34.873767811642495], [-92.2234257610208, 34.87374518030891], [-92.2231735876104, 34.87373932924701], [-92.2217098734379, 34.873705363197196], [-92.2216735424317, 34.87370452020338], [-92.2214243105428, 34.87369873570928], [-92.2184366643788, 34.87362933949528], [-92.2183876824248, 34.873628203144], [-92.218361730653, 34.87362759706791], [-92.21780497867651, 34.873614658859786], [-92.2190046076281, 34.874813446698084], [-92.2189612421248, 34.87603914845597], [-92.2218281122417, 34.876108255749386], [-92.2218092623943, 34.87653010967917], [-92.2184260236894, 34.8764522867843], [-92.2183816910533, 34.87849025594651], [-92.2183813814297, 34.8785040460347], [-92.2183810816355, 34.87851783069658], [-92.2183092251226, 34.881819923691765], [-92.2183085719252, 34.8818499467118], [-92.2183078920818, 34.881881043340705], [-92.2183062984747, 34.88195427549629], [-92.21862854818, 34.88208703221477], [-92.2192229053793, 34.882328829243676], [-92.2193257387678, 34.88236995862948], [-92.2194844086474, 34.88243341836768], [-92.2197667491831, 34.8825463398442], [-92.2199008413379, 34.88259996946152], [-92.2199441463082, 34.882624584347205], [-92.2202471076477, 34.88279679107928], [-92.2205118164258, 34.882981414040884], [-92.2206647603105, 34.88308808479792], [-92.2207675735798, 34.883159790974794], [-92.22079264589371, 34.883175756111], [-92.2202741687421, 34.8836308272405], [-92.2202589491242, 34.88421775026998], [-92.2202516225116, 34.8845003174696], [-92.22024369422961, 34.884806266141695], [-92.2202361058796, 34.88509883840359], [-92.2202282188392, 34.88540309779419], [-92.2207593338803, 34.88541339779731], [-92.2207619714137, 34.885413447909606], [-92.2208345359316, 34.8854148552086], [-92.2208770493827, 34.8854156789271], [-92.2209236334459, 34.8854165771315], [-92.220938337357, 34.88541686272899], [-92.2214354041846, 34.88542650336439], [-92.2218847530229, 34.885436173761285], [-92.2219391526921, 34.885437344601606], [-92.2219686219598, 34.88543797852838], [-92.222013159523, 34.885438936897415], [-92.2220169227687, 34.885439018241996], [-92.2220168597963, 34.88544238957319], [-92.2220158604835, 34.88549534653451], [-92.22201515545372, 34.88553272144961], [-92.2220150147972, 34.8855400842985], [-92.2220143634898, 34.88557470535468], [-92.2220005752852, 34.88610859700149], [-92.2220001984178, 34.88612318406249], [-92.2219995584215, 34.886147950155625], [-92.2219993407806, 34.88615636327199], [-92.2219968502096, 34.8862528125714], [-92.2225547158726, 34.886264210492286], [-92.2225536211551, 34.8863018033741], [-92.22254673939752, 34.886576605317686], [-92.2225401733058, 34.88683410080849], [-92.2225329548979, 34.887117014130176], [-92.222525909181, 34.88739311079008], [-92.2225189939802, 34.8876641630076], [-92.2225121447758, 34.88793257131551], [-92.2225084563178, 34.88807707349028], [-92.2220039839341, 34.88806676868999], [-92.2217515853255, 34.88806160993368], [-92.2214997589147, 34.888056464006006], [-92.2212393566885, 34.888051144132696], [-92.2209863444446, 34.888045971375384], [-92.2207205532575, 34.888040542254785], [-92.22048350250621, 34.8880356940988], [-92.220227089125, 34.8880304520953], [-92.21997319088172, 34.8880252626008], [-92.2197238962027, 34.8880201632555], [-92.2194756703892, 34.88801508486338], [-92.21923931666971, 34.888010250987186], [-92.21886892151072, 34.888002458673895], [-92.2188701454938, 34.887955370302784], [-92.2188750759248, 34.8877648065375], [-92.2188798676642, 34.88757961083], [-92.218884819684, 34.887388145633594], [-92.2188897629539, 34.88719709509612], [-92.218894865354, 34.8869997552414], [-92.2188994426363, 34.88682268419771], [-92.2189050700869, 34.8866050782406], [-92.218910843671, 34.886382045625005], [-92.2189164386097, 34.886165791822506], [-92.2189220302247, 34.88594953352077], [-92.2189276943996, 34.88573058262389], [-92.2189333611762, 34.88551139105187], [-92.2189401410401, 34.885447691530395], [-92.2189429234007, 34.8854215523131], [-92.2189456289159, 34.8853961235351], [-92.2189476740673, 34.88537690657249], [-92.2189520217938, 34.885155382809195], [-92.2189562809228, 34.88496305626622], [-92.21896214185381, 34.884768837467405], [-92.2189663363959, 34.88458096843939], [-92.2189731537568, 34.88439177045849], [-92.2189780479939, 34.8842025570739], [-92.21898369415462, 34.8839843282412], [-92.2189934791068, 34.8836058573177], [-92.2189274523249, 34.88360451174127], [-92.2185043195557, 34.8835958847113], [-92.2182628536074, 34.88359092036348], [-92.2182717357015, 34.883542462323184], [-92.2138551849913, 34.88350063919609], [-92.21367803086, 34.89068195793], [-92.2136776918023, 34.8906956930799], [-92.2136773527493, 34.89070943003261], [-92.2136487367074, 34.89186933040159], [-92.2136207327327, 34.89300439451191], [-92.2136147235488, 34.89324793946119], [-92.2135985514186, 34.8939034352809], [-92.2135904592871, 34.894231409457696], [-92.2135037451209, 34.89774581370632], [-92.2018879351861, 34.897472650944984], [-92.2018561365434, 34.89747190151589], [-92.2018273029901, 34.89747122278798], [-92.19564468022742, 34.89732536542109], [-92.1954025838504, 34.9083086430019], [-92.1823001757481, 34.90829674590981], [-92.1822609413906, 34.908296574986394], [-92.1822324380563, 34.90829645349151], [-92.1822217628459, 34.90829640757049], [-92.17796862891441, 34.908277932067186], [-92.178117687208, 34.90326993465719], [-92.1719033824559, 34.89875215851837], [-92.171568721174, 34.89845232115529], [-92.1711797636539, 34.89798661405699], [-92.1711686589465, 34.89796488564101], [-92.1711673406195, 34.897962305937476], [-92.1711576399225, 34.89794331845068], [-92.1711425846383, 34.89791385632339], [-92.1711377255101, 34.897904347268096], [-92.1711360798016, 34.89790112714209], [-92.1711316952718, 34.897892546743805], [-92.1711220011938, 34.89787357727259], [-92.17112088611242, 34.89787139569369], [-92.1711197303794, 34.89786913304739], [-92.1711129761685, 34.8978559165679], [-92.1711048564001, 34.89784002941062], [-92.171100143396, 34.897830806787766], [-92.1710702790151, 34.8977723671148], [-92.1710616703769, 34.89775551886738], [-92.1710491430421, 34.89773100446599], [-92.1710401378329, 34.8977133869944], [-92.171026835989, 34.897687352146676], [-92.171019786278, 34.89767355378459], [-92.1709889101945, 34.89761312886769], [-92.1708865463422, 34.897398702111786]]]}, "properties": {"layer": "Sherwood boundary"}}, {"type": "Feature", "geometry": {"type": "Polygon", "coordinates": [[[-92.1707599140561, 34.89694076418858], [-92.1707439792652, 34.8968831293083], [-92.1707299599145, 34.896883069112995], [-92.1707022417798, 34.89688295276673], [-92.1706093261177, 34.8968825572307], [-92.1706237014193, 34.89668253097019], [-92.1707247772218, 34.895276077309795], [-92.1707654776923, 34.89470966453529], [-92.1707827783867, 34.894468936172125], [-92.1708645886977, 34.89333049705741], [-92.1708694321115, 34.893263086626476], [-92.170940678643, 34.8922716050863], [-92.1712564017754, 34.89103764292431], [-92.1714777681331, 34.890158368609114], [-92.1716038602468, 34.88965750772309], [-92.1718219129572, 34.889215134838715], [-92.1721763969682, 34.8884959571801], [-92.1722403479803, 34.88836621851134], [-92.172596755547, 34.8879119563579], [-92.1727690293649, 34.88776911779309], [-92.1728861182948, 34.88767203243549], [-92.1729034101393, 34.887657695092706], [-92.1729038818823, 34.887657303205394], [-92.1729425310711, 34.887625257726995], [-92.1729902711245, 34.88758567424419], [-92.1729958446909, 34.8875810537455], [-92.1729989448762, 34.88757848299039], [-92.1733686299792, 34.88727195481269], [-92.1740605693753, 34.88664257138699], [-92.1740998998832, 34.886606796378985], [-92.1741257373792, 34.88656665754509], [-92.1744200244768, 34.88610950497049], [-92.1755179501877, 34.884523164971], [-92.1755314612298, 34.884503640776565], [-92.1755443812288, 34.88448497196979], [-92.1755571245645, 34.88446655851547], [-92.1755708078929, 34.884446789785905], [-92.1755853526852, 34.8844257731621], [-92.1755949925087, 34.8844118459914], [-92.1755972388921, 34.88440860037867], [-92.1760108069387, 34.883811030698475], [-92.1769161345443, 34.88257961824231], [-92.17709586314851, 34.88258282236222], [-92.1771669921448, 34.88258409154409], [-92.1772144402826, 34.882584937899495], [-92.1772291905001, 34.882585200862685], [-92.1774679035988, 34.882589457182995], [-92.177468072059, 34.88258945963698], [-92.1775515786056, 34.88259094907499], [-92.1775512039261, 34.882589684976985], [-92.1776191730004, 34.882532596979594], [-92.177624124002, 34.88252718396469], [-92.1776434227669, 34.882506090616495], [-92.1777599200928, 34.88237876052548], [-92.1779219764344, 34.8822016335285], [-92.1780844409392, 34.882076731525004], [-92.1783379577377, 34.88188183005538], [-92.17855151780552, 34.88166038494519], [-92.1786372427101, 34.88163796716319], [-92.1786375589443, 34.881402514675294], [-92.1786379591187, 34.881368153870085], [-92.1786384162638, 34.8813288659645], [-92.1786389137323, 34.881286032819396], [-92.1786393223947, 34.881251056350116], [-92.1786627249503, 34.8792385187531], [-92.1786782113577, 34.87790685139019], [-92.1784925524052, 34.877863770982785], [-92.1783404453588, 34.87784880423678], [-92.1782392270046, 34.877820236892795], [-92.1781128393338, 34.87777871250421], [-92.1779779262672, 34.8777359765902], [-92.17782623760661, 34.87767918483241], [-92.1775905251757, 34.87756605995109], [-92.1773883657129, 34.87748104431368], [-92.1771358767332, 34.87735386368609], [-92.1769341356964, 34.87722702563332], [-92.1767493120753, 34.8771003019325], [-92.1764636878722, 34.87690318926048], [-92.1762116199307, 34.87673418503908], [-92.176027076058, 34.87657957973121], [-92.1758425328866, 34.8764249732382], [-92.1756076608783, 34.8762282020743], [-92.1754067603414, 34.8760177190728], [-92.1752065580229, 34.875737534508204], [-92.1750056597412, 34.8755270508374], [-92.1748555095435, 34.87531691081966], [-92.1747717667357, 34.8752326954264], [-92.1745878237315, 34.8752365609142], [-92.1701887613822, 34.875159138968876], [-92.1644663918545, 34.87502751747391], [-92.1622717468385, 34.87497696751831], [-92.1622779082838, 34.87469271219059], [-92.1622895952345, 34.87467967119267], [-92.16238053121, 34.8745588908239], [-92.1623984223138, 34.8745351274304], [-92.1624351034871, 34.87199925743558], [-92.1623453045992, 34.87188657021899], [-92.1623468601235, 34.87181508136939], [-92.1623770756188, 34.8712293632363], [-92.1615253332857, 34.871234375784596], [-92.1615718711547, 34.86777283176348], [-92.1663639638871, 34.86784311274261], [-92.1663660199087, 34.86676863125292], [-92.1663697184728, 34.86483629611962], [-92.1663697696802, 34.8648089946798], [-92.1663698190595, 34.8647829353612], [-92.1663708954354, 34.864220242465585], [-92.1749524560157, 34.86427770200609], [-92.179233393527, 34.86434117858709], [-92.1793641927554, 34.86105919569021], [-92.179624927053, 34.8610638075418], [-92.1798681974438, 34.86106811431049], [-92.1800897989534, 34.8610720341058], [-92.1803070796026, 34.86107587437968], [-92.1805178970142, 34.861079605041795], [-92.1807367612664, 34.8610834754926], [-92.1809572484685, 34.8610873755341], [-92.1811726099053, 34.86109118108538], [-92.1813960825147, 34.861094551178795], [-92.1816135614436, 34.8610989764832], [-92.1816027016328, 34.8614280985417], [-92.1821573391247, 34.86143789681609], [-92.1821557593299, 34.86148583617128], [-92.1821557491488, 34.8614861724061], [-92.1821548532445, 34.8615133408361], [-92.1821539471585, 34.86154084550099], [-92.18215280044201, 34.86157564009279], [-92.1821415805171, 34.86191585349258], [-92.1822260884018, 34.8619173498211], [-92.182468478927, 34.86192163371159], [-92.18270919622671, 34.8619258872194], [-92.1829380925173, 34.8619299266876], [-92.1831787923729, 34.861934181078595], [-92.1835697315997, 34.86194108595959], [-92.1837365984953, 34.8619440374762], [-92.1837700553555, 34.86092727851758], [-92.1845113675726, 34.860940369681], [-92.1846087637441, 34.85798483062139], [-92.1838709299574, 34.8579404825829], [-92.1832993205846, 34.85777771693908], [-92.1831923238837, 34.857291105870594], [-92.1829153183711, 34.85734009828022], [-92.1828777201378, 34.85766833110112], [-92.1825368767716, 34.857865836372596], [-92.1807977497935, 34.858121338929024], [-92.1804596410366, 34.85827018328949], [-92.1805133162265, 34.858652271736794], [-92.1807288404563, 34.85893000731249], [-92.1811780664439, 34.85935439993739], [-92.18074421095402, 34.8594960295196], [-92.1801004095042, 34.8594224387445], [-92.179400221481, 34.85964965977681], [-92.179542301124, 34.85382325902399], [-92.1795467811973, 34.853639417915076], [-92.1775761621162, 34.8535774086234], [-92.1729398823124, 34.85343138928431], [-92.1723973757236, 34.85341429081141], [-92.1723585287187, 34.853413066897104], [-92.1723451623459, 34.8534126445019], [-92.1723193842692, 34.8534118325827], [-92.1722639427574, 34.8534100845305], [-92.1733040308984, 34.85131588457469], [-92.1735855489845, 34.851165394059784], [-92.1733023447136, 34.851013165440406], [-92.1733041221503, 34.8508551984775], [-92.1733072593045, 34.85057715786449], [-92.1733099534787, 34.850337469408586], [-92.1733127284953, 34.850091609911495], [-92.1733156704444, 34.84983073839949], [-92.1733185624621, 34.84954290634101], [-92.1733231501191, 34.849166892293184], [-92.1736361497747, 34.848891652058896], [-92.1738857028194, 34.848672197672386], [-92.1740548355165, 34.848523466889496], [-92.1746086318879, 34.848729104283684], [-92.1746970243853, 34.8486632617801], [-92.1745317651998, 34.84844625719681], [-92.1744534531198, 34.84833159741879], [-92.1743990456343, 34.848198837900185], [-92.1743474821079, 34.847910236229], [-92.1743425563126, 34.84770963512868], [-92.17438299374, 34.84728895075911], [-92.1744928733094, 34.84675369724819], [-92.17430081063, 34.84674726232629], [-92.17414031453002, 34.8467411452371], [-92.173948707592, 34.84635191517421], [-92.1738425617932, 34.846135986361894], [-92.1737293513415, 34.845906324220124], [-92.1736782032154, 34.845802417700796], [-92.1736188587479, 34.8456818698693], [-92.1734985835202, 34.845437539528994], [-92.1733783057269, 34.84519320456889], [-92.1732580319454, 34.84494887309188], [-92.1731674671941, 34.844764900660905], [-92.173151422685, 34.84451240544751], [-92.1732320900053, 34.84451547759261], [-92.17323031137532, 34.8444925388614], [-92.1732300809051, 34.844489570914], [-92.1732276400378, 34.84445807713683], [-92.1732251991665, 34.84442658065548], [-92.1732191807742, 34.844348928211396], [-92.1732020674924, 34.84408697626179], [-92.1731864313137, 34.84384085961728], [-92.1731707897843, 34.843594752897495], [-92.1731551483248, 34.84334863446108], [-92.1731391290592, 34.84305348810059], [-92.1731387967349, 34.8430473591218], [-92.1733049059955, 34.8427578527292], [-92.1734767198552, 34.84233980574299], [-92.1737932307575, 34.8421269246215], [-92.174261708825, 34.84206035478119], [-92.1747301861377, 34.84199378941328], [-92.1747304480908, 34.84159382642252], [-92.1747312615282, 34.840346311564495], [-92.174731267847, 34.84033553271999], [-92.1747312767183, 34.8403223841144], [-92.1747322281417, 34.84021786732149], [-92.1747323262927, 34.84020708653989], [-92.1747339532832, 34.84002837164999], [-92.1745060376515, 34.8401464437066], [-92.1744986202809, 34.8401502863583], [-92.1743584207016, 34.840222917003224], [-92.1741315757988, 34.84035748223928], [-92.1735941744764, 34.840676265472595], [-92.17356511826551, 34.840643197804596], [-92.1735325144415, 34.840606090742604], [-92.1734980179203, 34.84056682939249], [-92.17344974849492, 34.8405118939155], [-92.1731448480775, 34.840164883426], [-92.1727626799273, 34.83972789894607], [-92.1733408932392, 34.839394573081016], [-92.1737043979437, 34.839185014128795], [-92.17396020412, 34.839037546479105], [-92.1741669207607, 34.839106879447996], [-92.174512212195, 34.839222682773105], [-92.174731950292, 34.83929638100509], [-92.1747317507881, 34.838844063257], [-92.1748976803902, 34.83884621085618], [-92.1748953195998, 34.837952360707], [-92.1748948110329, 34.837759427720314], [-92.1748947198369, 34.837724708075186], [-92.1748946409447, 34.8376946846593], [-92.1748946139392, 34.8376841789868], [-92.1748944577939, 34.837624892926684], [-92.1748944438863, 34.837619959634196], [-92.1748863819806, 34.83761985245699], [-92.1748749910121, 34.8376197005777], [-92.1745046977479, 34.83761481225928], [-92.1740111396376, 34.8376082915718], [-92.173987764061, 34.837607984003085], [-92.1736931602745, 34.837604090681204], [-92.17369474550152, 34.8372418085298], [-92.1736966311541, 34.83681198292389], [-92.1736974556348, 34.83662402639279], [-92.173697515843, 34.8366102674742], [-92.1736564508691, 34.83660999728699], [-92.1734080024862, 34.8366083905742], [-92.1733396913456, 34.83660794891299], [-92.1732666606075, 34.83660747530051], [-92.1728203795337, 34.83660458311051], [-92.1723495810878, 34.836601529938584], [-92.1723449392259, 34.8362390053347], [-92.1723325877016, 34.8353886528294], [-92.1724260600877, 34.835380099814785], [-92.1724248170084, 34.835372340634585], [-92.17242669258401, 34.83501132098679], [-92.1724303007755, 34.834317218725815], [-92.1724389545007, 34.8342800932678], [-92.1724476786561, 34.834242675656974], [-92.1724884056838, 34.834067981390206], [-92.1725036633737, 34.834002532803915], [-92.1725207887016, 34.83392907175939], [-92.1725325298525, 34.8338787094188], [-92.1725534283678, 34.83378906565889], [-92.1725665431365, 34.83373281074191], [-92.1725715849406, 34.8337111845005], [-92.1726069890726, 34.833559320202305], [-92.17261606731, 34.83352037871848], [-92.1726251747907, 34.8334813127999], [-92.1726236287256, 34.83326986589731], [-92.1726223512644, 34.83309528278488], [-92.172619993793, 34.832773163409406], [-92.1726184650771, 34.83256420793479], [-92.1726180579499, 34.832508461115495], [-92.17308648950271, 34.83231387590168], [-92.173174013256, 34.832277518510885], [-92.1731978509778, 34.83226919565211], [-92.1738213604596, 34.83205149802328], [-92.1743987395361, 34.83184990386281], [-92.1746902409414, 34.8317329387855], [-92.1746902933692, 34.83173291797689], [-92.1752028154343, 34.8315272674895], [-92.17523018777382, 34.83151628173899], [-92.1754037645941, 34.8314466324406], [-92.1755409084571, 34.83139192201809], [-92.1755598761339, 34.831384354902085], [-92.1755855217023, 34.8313741233685], [-92.1756191743995, 34.83136069634199], [-92.175632851301, 34.83135523993967], [-92.1756886980803, 34.83133295833822], [-92.176257485747, 34.8311060468602], [-92.1774093157988, 34.83064651763649], [-92.177430086367, 34.8306382309391], [-92.1775640480726, 34.8305847839655], [-92.1776121271039, 34.83056560298129], [-92.1776596578206, 34.83054663912719], [-92.17780876267, 34.8304871516642], [-92.1780959535698, 34.830372573372394], [-92.1786868403943, 34.83013682428899], [-92.1786937692924, 34.83013406017199], [-92.1787728596072, 34.83010250489079], [-92.1791627793978, 34.82994693358868], [-92.1793700925089, 34.82987016460241], [-92.179626736995, 34.82977512738961], [-92.1798069504008, 34.82970839392748], [-92.1799669087719, 34.829649159644596], [-92.1800409864314, 34.82962172772859], [-92.1800444184906, 34.8295352665727], [-92.1800452291164, 34.8295148344305], [-92.1800457457776, 34.8295018383028], [-92.18004800168411, 34.8294449914056], [-92.1800480648357, 34.829443399454476], [-92.1800499211498, 34.82939663791838], [-92.1800503994781, 34.82938459551979], [-92.1800529328682, 34.829320771441196], [-92.18005497863092, 34.829269234052205], [-92.1800550862667, 34.82926650538048], [-92.1800558203485, 34.829248036582705], [-92.180059184043, 34.82916329538479], [-92.1800592181676, 34.82916241647752], [-92.1800611738908, 34.82911316605261], [-92.18006169876631, 34.829099932847015], [-92.1800650707539, 34.82901499333128], [-92.18006509044, 34.829014504747896], [-92.1800652260565, 34.8290110846675], [-92.1800674167164, 34.82895588290788], [-92.1800680461772, 34.8289400255967], [-92.1800715175409, 34.82885258277008], [-92.1800716624793, 34.8288489301169], [-92.1800855922834, 34.828497995953484], [-92.1800940297788, 34.82828540648849], [-92.1800951816747, 34.82825719663511], [-92.1800958348516, 34.8282411941648], [-92.1800962225794, 34.82823168030401], [-92.1800971391083, 34.828209229789884], [-92.1800972562895, 34.82820637040232], [-92.1800973589286, 34.828203854466395], [-92.1800981085149, 34.82818548479918], [-92.1800983376634, 34.82817987960709], [-92.1800984600442, 34.8281769003268], [-92.1801439204395, 34.8269611371758], [-92.1801651668263, 34.82639293166659], [-92.1801921288604, 34.82457813250699], [-92.1803281152313, 34.81542376652111], [-92.1760257324939, 34.81532605612748], [-92.1760054374764, 34.81532559479088], [-92.1759845085132, 34.8153251190617], [-92.1757615988953, 34.81532005261221], [-92.175735458462, 34.81531945831669], [-92.1757082796691, 34.8153188403049], [-92.1756231319893, 34.815316905011095], [-92.1755867740998, 34.81531607873188], [-92.175074538244, 34.81530443236349], [-92.1750531163447, 34.815303945475875], [-92.1749704432694, 34.81530206557998], [-92.1746951064781, 34.815295804805295], [-92.173591401025, 34.815270701998685], [-92.1743100014687, 34.81468390133868], [-92.17597128254522, 34.8133272696569], [-92.1760871580626, 34.81325511653539], [-92.1767033425197, 34.812719686593], [-92.1771518439123, 34.81236861213391], [-92.17731929149, 34.81222928544719], [-92.1773471124537, 34.812206137000906], [-92.1773721558888, 34.8121852993307], [-92.1773968796691, 34.81216472804031], [-92.1788063245778, 34.81102108134079], [-92.1796642072255, 34.8103590279892], [-92.1801605960085, 34.809975944755095], [-92.1802807975484, 34.809883177979536], [-92.1803517668865, 34.80982840692371], [-92.1804363421301, 34.8097631357084], [-92.1806571437532, 34.809592730320794], [-92.1806575976135, 34.809592380796204], [-92.18235792841071, 34.808155825634906], [-92.1823765471157, 34.8081400949893], [-92.1823951614482, 34.80812436705158], [-92.1832309327247, 34.8074182223193], [-92.1834178534205, 34.80726028858376], [-92.1838653863926, 34.806882157767504], [-92.1838971503052, 34.80685531954938], [-92.1839256975583, 34.8068311985593], [-92.1842170144917, 34.806585054975386], [-92.184270637846, 34.80653974680781], [-92.184436661239, 34.806403765524], [-92.1849467132962, 34.80597620372119], [-92.1850762449891, 34.805867620822895], [-92.1850990023061, 34.8058485445912], [-92.1851925442778, 34.80576858058937], [-92.1858388201205, 34.80521611259308], [-92.1861597472143, 34.80494176689059], [-92.1861598999106, 34.804941636852284], [-92.1864599434287, 34.80468731301919], [-92.1871019015072, 34.80469064154658], [-92.187125781957, 34.804690765463704], [-92.1884117669999, 34.80469742396351], [-92.1873919846701, 34.8038983233008], [-92.1878931079105, 34.8034764308872], [-92.1884349283246, 34.803020265320775], [-92.18928701031, 34.803545835996914], [-92.18965896722881, 34.803542587414775], [-92.1905916520218, 34.80269879426471], [-92.1901987238997, 34.80239119906408], [-92.189803217746, 34.802675657104], [-92.1893260434856, 34.80226864174108], [-92.1893653418337, 34.802235258655195], [-92.18965763273891, 34.8019869739005], [-92.1897279816526, 34.80192721538701], [-92.1897691795218, 34.80189222107119], [-92.1900864962395, 34.80162267407699], [-92.1901398387543, 34.80157736192301], [-92.1901398737945, 34.801577392514496], [-92.19239175219322, 34.803556050978585], [-92.1939403771468, 34.804975384864676], [-92.1935469253514, 34.80496563401841], [-92.1935114034055, 34.804964753260016], [-92.1934746825689, 34.80496384288549], [-92.19346716463411, 34.804963656764194], [-92.1934515287345, 34.804956371835914], [-92.1934498203804, 34.805052601526796], [-92.1934457898965, 34.805279640103805], [-92.1934608327808, 34.805279721188576], [-92.1949856119551, 34.805287897499895], [-92.1949867756553, 34.80503975931602], [-92.1949868540915, 34.80502281486969], [-92.1949869425619, 34.805004132528204], [-92.1949916067132, 34.804009588653884], [-92.1957412106366, 34.80334305809538], [-92.1987019575265, 34.8033950270209], [-92.1992717333533, 34.803405020103895], [-92.19927199981, 34.8033991543183], [-92.1992732212416, 34.80337230259371], [-92.1993562526553, 34.801545939258595], [-92.2021685275689, 34.801574370629496], [-92.2022594976674, 34.801575289177975], [-92.2027428298298, 34.801580168727696], [-92.2027828214555, 34.7997788879516], [-92.2071511702378, 34.7998745239516], [-92.2069083473542, 34.800037612521784], [-92.2067047562434, 34.800174356268194], [-92.2066216784989, 34.80023875744278], [-92.2054978694467, 34.801109943218584], [-92.2048478670408, 34.8016163865393], [-92.20342567873732, 34.802724426823694], [-92.203113901956, 34.802967334133996], [-92.2029477529311, 34.80309677681729], [-92.2026032050189, 34.8033652126731], [-92.2026021972268, 34.80336599498679], [-92.2025209592136, 34.80342928508501], [-92.2006361179954, 34.80342830801759], [-92.2004313565333, 34.80363034509029], [-92.2004231651765, 34.803638425377606], [-92.20028521686021, 34.8037745395625], [-92.1998391450667, 34.804214668533795], [-92.1988167315238, 34.80522343689838], [-92.198722141256, 34.805316762919084], [-92.1987010569663, 34.80533756512881], [-92.1984876624043, 34.805548099830396], [-92.1984703304694, 34.805565206372876], [-92.1984620943152, 34.806013951602594], [-92.1984015499813, 34.8093120891186], [-92.2004534306201, 34.80934761137729], [-92.2023692297894, 34.8093807502523], [-92.2026355787143, 34.80938535615098], [-92.2027551787946, 34.80938665840468], [-92.2027588761911, 34.80908907720408], [-92.2027755357452, 34.80761395610101], [-92.2027755468474, 34.807613150239796], [-92.2027755580756, 34.807612394856086], [-92.2028227568498, 34.8034327369999], [-92.2028407235039, 34.80341960117053], [-92.2029800649736, 34.8033177317537], [-92.2045588997753, 34.802114080355395], [-92.2053954988456, 34.8014762601654], [-92.2061181269229, 34.8009253229938], [-92.2069846067353, 34.8002646908144], [-92.2075273847437, 34.7998803127007], [-92.2085882929201, 34.7999132274116], [-92.2105378105531, 34.79997369077639], [-92.2108497733783, 34.799983362791295], [-92.2109265922982, 34.79998574375309], [-92.2114505190357, 34.80000198556818], [-92.2117654458598, 34.80001174728988], [-92.2123109084387, 34.80002865290909], [-92.2127639617425, 34.800042690313695], [-92.2141261617943, 34.800084889517095], [-92.2142919688234, 34.8000900273489], [-92.2148587625506, 34.800107583410686], [-92.2148595122397, 34.80010760639879], [-92.2149804199322, 34.800111351213715], [-92.2145567121261, 34.800569875195], [-92.2144736746313, 34.80065973430969], [-92.21438873985831, 34.80075164022449], [-92.2143666766515, 34.800775518896806], [-92.214281170219, 34.80087077532539], [-92.2133103066304, 34.80195235631947], [-92.2132976608534, 34.80196644419919], [-92.2132866080543, 34.80197875800079], [-92.2132744634794, 34.80199228702239], [-92.2132671011189, 34.802000490201806], [-92.2132570779753, 34.802011657396406], [-92.2132313189362, 34.8020403504744], [-92.2131998493489, 34.8020754148526], [-92.2131600127196, 34.80211979109599], [-92.2131393037661, 34.80214281350829], [-92.21313715943002, 34.8021451970055], [-92.21313086606652, 34.802152259812885], [-92.213120667462, 34.8021636229108], [-92.2131077230644, 34.80217804121218], [-92.2130969317075, 34.80219006247929], [-92.2130791658397, 34.80220985265271], [-92.212445701681, 34.802915528554095], [-92.2123502534346, 34.80302185684269], [-92.2123404087375, 34.8030328253375], [-92.2122800525415, 34.803100060972305], [-92.2122722279669, 34.80310877329648], [-92.2122519621178, 34.8031313521854], [-92.21221429716371, 34.80317330943028], [-92.2121643484524, 34.80323089155088], [-92.21194668586021, 34.80348181675549], [-92.21194603214622, 34.80348256967519], [-92.2118732412272, 34.80356648576447], [-92.21189358548831, 34.8035671779768], [-92.2118941909456, 34.803567195831185], [-92.2119682401109, 34.8035697099446], [-92.2120098619678, 34.80357112512559], [-92.2120532204336, 34.8035725976003], [-92.2120905526787, 34.80357386803829], [-92.2121024554106, 34.803574272346], [-92.2123239002428, 34.803581796481396], [-92.2123707297504, 34.8035833834531], [-92.2124162281186, 34.80358492770569], [-92.2124177953318, 34.8035849808031], [-92.2124957461754, 34.80358762916449], [-92.2125246882644, 34.80358861333767], [-92.2125825112387, 34.80359057816651], [-92.212628867534, 34.8035921496547], [-92.2126755604565, 34.8035937376516], [-92.212701069757, 34.803594603506106], [-92.2127356140345, 34.80359577595158], [-92.2128434250233, 34.80359943721208], [-92.2128550927884, 34.80359983284966], [-92.2129028982815, 34.8036014557308], [-92.2129480218083, 34.803602987829784], [-92.2129929464269, 34.803604512154195], [-92.2129999781311, 34.803604752897975], [-92.21319749172591, 34.8036113734556], [-92.2137444709462, 34.80362970667849], [-92.21406968526232, 34.80364060581951], [-92.2150385319883, 34.80367306409112], [-92.2161391939423, 34.803709917161385], [-92.2162408379118, 34.803713332328186], [-92.2170935417732, 34.80374188834277], [-92.2176247727461, 34.80375959244122], [-92.2175993110645, 34.803801828405106], [-92.217564697476, 34.80386051067519], [-92.2175487722633, 34.80388751468921], [-92.2175193705602, 34.80393736013789], [-92.2175508601269, 34.8040578654401], [-92.2178488970241, 34.80411991441979], [-92.2183353702873, 34.8042229558894], [-92.2186476724828, 34.804351041448484], [-92.2190978333731, 34.804535665315484], [-92.21970282435592, 34.80441739163459], [-92.2200615998237, 34.80430858383041], [-92.2201799384948, 34.80429709283629], [-92.2201851235994, 34.804296588409485], [-92.2203293200232, 34.804282585169794], [-92.22049448106331, 34.804268663820295], [-92.2206180531242, 34.804273282279794], [-92.2211516432139, 34.804294936052486], [-92.221159707947, 34.80429526454108], [-92.221231869737, 34.80429819194731], [-92.221489453561, 34.80433945045019], [-92.2215182420067, 34.8043440626258], [-92.221728246201, 34.8043776966048], [-92.221793124023, 34.804377246172415], [-92.221799762723, 34.80437720138761], [-92.2227160830399, 34.80437082702149], [-92.2229505947847, 34.80433664302549], [-92.2233506973244, 34.8042785387528], [-92.2237240684146, 34.80422094024468], [-92.2238046407554, 34.804018541652596], [-92.2246739662864, 34.8040619447916], [-92.2246748963069, 34.8040619601677], [-92.2246854794117, 34.804062489194884], [-92.2249024936805, 34.804073311849606], [-92.2248915237096, 34.80446703801349], [-92.2248900595434, 34.8045195999193], [-92.224882279892, 34.80482470804019], [-92.2248717430446, 34.805237978246396], [-92.2248708950245, 34.80527113567268], [-92.2248558391497, 34.80586160875649], [-92.2248544355337, 34.8059167169797], [-92.2248485919436, 34.80614597401369], [-92.2248271807806, 34.80698590799659], [-92.2248270811262, 34.806989781457695], [-92.2248263317901, 34.80701635945527], [-92.2248249675569, 34.8070647856034], [-92.22482371168721, 34.80710932655607], [-92.2248106775737, 34.80757133608539], [-92.2250085441143, 34.80757172497788], [-92.2261103421438, 34.80757122241941], [-92.2262085441504, 34.807572539896796], [-92.2263408346217, 34.80757431367011], [-92.2269510263202, 34.80758301910191], [-92.2269918121532, 34.80758360317711], [-92.2270326886856, 34.807584184361595], [-92.2270479925329, 34.8075844058424], [-92.227049067948, 34.807584422726194], [-92.2277589211217, 34.8075945497294], [-92.2279151890637, 34.807596778985484], [-92.2279919224825, 34.8075978709728], [-92.2294749935289, 34.8076190153455], [-92.2297529262644, 34.80762297509749], [-92.2304962348184, 34.807633559562994], [-92.2305870065932, 34.80763485172929], [-92.2306304842892, 34.807635473530006], [-92.230672653785, 34.80763607620929], [-92.2307381369823, 34.80763700699009], [-92.231395785486, 34.807646369559386], [-92.2317217428604, 34.807642682486595], [-92.231847794166, 34.80763975340519], [-92.2319198380494, 34.807628529969776], [-92.2319915958806, 34.80762620917769], [-92.2323043302061, 34.80761508720487], [-92.2323619112276, 34.8076130488701], [-92.2324010335816, 34.80761164857219], [-92.2324759856939, 34.807638688567], [-92.2326222863943, 34.8076929647297], [-92.2326471993618, 34.80770220500871], [-92.2326764691123, 34.80771739588249], [-92.2326928885455, 34.8077259171717], [-92.2327387638991, 34.8077562370469], [-92.2327711463191, 34.80778331026627], [-92.2328000138889, 34.8078000045119], [-92.2328278589274, 34.807806154477696], [-92.2328601085467, 34.807803283745], [-92.232885441271, 34.807795387725285], [-92.2329228377711, 34.80778320909351], [-92.2329783520187, 34.80776545154219], [-92.2329800751552, 34.80776496683689], [-92.2330634703036, 34.8077414922961], [-92.2331524072111, 34.80772560919979], [-92.2332265760123, 34.8077187489631], [-92.2333592446905, 34.807715461927906], [-92.2334577985791, 34.807717426262606], [-92.2335389039624, 34.807716737606896], [-92.2335795499546, 34.80771463536471], [-92.2335802478093, 34.807733847134706], [-92.2335814716376, 34.80776760541438], [-92.2335861962021, 34.807897984088385], [-92.2335890690508, 34.8079772999181], [-92.2335958426529, 34.808164255759785], [-92.23358770191722, 34.808673779906876], [-92.23358755690072, 34.8086826354501], [-92.2335975244113, 34.80871056265489], [-92.2335978575719, 34.8087177244512], [-92.2336003852866, 34.80877164428549], [-92.2336008636274, 34.808781785794515], [-92.2335943033459, 34.808949039005306], [-92.2335820708524, 34.80925948287871], [-92.2335582594549, 34.80983944262868], [-92.2335459979726, 34.81019044463949], [-92.2335369106153, 34.8104173351978], [-92.2335343601093, 34.81048166882319], [-92.2335163389826, 34.81095091841257], [-92.2335158488317, 34.81096365601989], [-92.2335089041181, 34.81098441060029], [-92.23349772030572, 34.811017800150495], [-92.2334922969234, 34.811034001535006], [-92.2334882961557, 34.81114625592079], [-92.2334831286349, 34.811290987888675], [-92.2334705908162, 34.811831173424096], [-92.2334698295548, 34.81186403961439], [-92.2334690583433, 34.8118972465499], [-92.2334687182503, 34.81191200388071], [-92.2334293106178, 34.81361596889429], [-92.2334145471713, 34.81433117739529], [-92.2334143603431, 34.81434032597538], [-92.2334094778004, 34.814364917348605], [-92.2334028175923, 34.81439844948618], [-92.2333999216065, 34.81441301080588], [-92.2333874977488, 34.814872657856476], [-92.2333202399727, 34.8154140636792], [-92.2333112997443, 34.815486022954985], [-92.2333040825815, 34.815816870030496], [-92.2333065358786, 34.81615035551611], [-92.2333145361607, 34.816321450911495], [-92.2333420393697, 34.81650657529908], [-92.2333530865742, 34.816507896779974], [-92.2334547691716, 34.8165200506565], [-92.2346454377914, 34.81654283377372], [-92.2346431721267, 34.81679061346599], [-92.2346372125916, 34.81744327820039], [-92.2346196251503, 34.81936870654161], [-92.2346196939828, 34.81936945365949], [-92.2346196475502, 34.81937381107529], [-92.2346196105857, 34.819377284207796], [-92.234619254198, 34.819410929330594], [-92.2346191437699, 34.819421131492], [-92.2346165112746, 34.81949244932], [-92.2346159213901, 34.81950845648079], [-92.2342429107157, 34.8195922277264], [-92.2340711645479, 34.8196340844286], [-92.2340491279247, 34.81964041663421], [-92.2338855557517, 34.81968742111511], [-92.2337381175114, 34.819730661127394], [-92.2336065263099, 34.819780196816694], [-92.2335699006843, 34.819793984038384], [-92.2334301410291, 34.819857926221296], [-92.233391821411, 34.8198866320186], [-92.2333420715241, 34.8199238999222], [-92.2332700926044, 34.81997782748048], [-92.2332710723893, 34.8201020156265], [-92.2332711259991, 34.820109262706175], [-92.2332630028903, 34.82039775528112], [-92.2332595371854, 34.82052075326529], [-92.2332595292957, 34.82052105073989], [-92.2332496801361, 34.8208707808984], [-92.2332488262413, 34.82090646683939], [-92.2332467280078, 34.82099374092567], [-92.233245878602, 34.82102908793502], [-92.233244653113, 34.82108000901431], [-92.2332434993484, 34.82112812212011], [-92.2332344350573, 34.8215053233584], [-92.233226447625, 34.82183772155591], [-92.2332256070886, 34.82187273773909], [-92.23322547440432, 34.82187829777929], [-92.2331911237555, 34.82316759322149], [-92.2331606392916, 34.82376179311111], [-92.2331312458649, 34.82434173177501], [-92.2330839090759, 34.82563109690958], [-92.2330700334615, 34.826010051827524], [-92.2331760296338, 34.82602233185959], [-92.2357935143947, 34.82610958524312], [-92.2358364315968, 34.8261110175273], [-92.2358727217585, 34.82611222582139], [-92.2358791094175, 34.82611245207179], [-92.2361119382951, 34.826120753428796], [-92.2363425884391, 34.826128976617795], [-92.237291776709, 34.8261628712201], [-92.2373196996909, 34.8261638712556], [-92.2374848805623, 34.826169767852406], [-92.2374598007999, 34.82739511356712], [-92.2374590432458, 34.827432109087184], [-92.23745806416551, 34.82748007318119], [-92.237458009733, 34.8274820184926], [-92.23745798461691, 34.82748277481011], [-92.23745748249371, 34.8274953529261], [-92.2374295907096, 34.82823598365491], [-92.2374276553767, 34.8282874028839], [-92.2374217254118, 34.8284448787867], [-92.2373774038764, 34.829621767137105], [-92.2373752971967, 34.82972639766819], [-92.23737471598902, 34.82975530735849], [-92.2373747099994, 34.829755502071094], [-92.23737436663842, 34.829772663449894], [-92.2375783083457, 34.829779354520866], [-92.23778278797, 34.829786063101785], [-92.2379881651964, 34.82979280199382], [-92.2385554721567, 34.8298114140765], [-92.23963436649632, 34.82984858334428], [-92.2407967862471, 34.82988862387169], [-92.2408648464212, 34.82989096903929], [-92.2421075514265, 34.82993375534791], [-92.2423558169181, 34.82994334551369], [-92.2427286894153, 34.82995489395318], [-92.2428051670626, 34.829957260565806], [-92.2428499665217, 34.82995864774678], [-92.2430281148506, 34.82996416508703], [-92.2440306593691, 34.829984844564905], [-92.2446292168777, 34.830007044312595], [-92.2450963172481, 34.830025266299806], [-92.2451438952056, 34.83002688849029], [-92.2451853956863, 34.83002830410258], [-92.2452270415629, 34.83002972120469], [-92.2452495563368, 34.83003048802088], [-92.245275300623, 34.83003136357748], [-92.2453359092545, 34.83003342855049], [-92.24537162452, 34.830034764943306], [-92.2455462551596, 34.8300412799911], [-92.2458037936422, 34.830050897103405], [-92.2462137414938, 34.830064585678], [-92.2462137240941, 34.83006533657339], [-92.2462127811927, 34.8300907325322], [-92.2462017846229, 34.830384729777585], [-92.246201756297, 34.83038548249828], [-92.2461681190877, 34.8312830228047], [-92.2461680918543, 34.8312837755232], [-92.2461368549396, 34.83211726430967], [-92.2461368277056, 34.8321180170282], [-92.246099367318, 34.833117643442286], [-92.24609933571331, 34.83311839707119], [-92.246082067957, 34.833578742080185], [-92.2457322643437, 34.8335653078503], [-92.243867600199, 34.83350246340008], [-92.2438675729435, 34.83350321611811], [-92.2438650276582, 34.8335355046744], [-92.2438630594119, 34.83356045742481], [-92.2438610985894, 34.833585334442986], [-92.2438575393336, 34.833630537512086], [-92.2438557512457, 34.83365323461149], [-92.24385570649882, 34.83365398736529], [-92.2438386308601, 34.8341024945648], [-92.2438385959517, 34.8341032472986], [-92.2438214087799, 34.83455472121709], [-92.2420883109339, 34.83535060335078], [-92.2417319675678, 34.83551424553079], [-92.2415731983915, 34.8355857236105], [-92.2415731875124, 34.835586476295], [-92.2415714073297, 34.835649901849685], [-92.241105945496, 34.835636701477895], [-92.241105931341, 34.83563745687311], [-92.2411001115037, 34.835844519306576], [-92.2410500487847, 34.8358433340828], [-92.2410097329364, 34.835842379754496], [-92.2409692115463, 34.83584142041901], [-92.2406058441577, 34.835832812856786], [-92.2405240087433, 34.83583087386101], [-92.2404750131087, 34.83582971238728], [-92.2404750054991, 34.8358304650651], [-92.2404668616666, 34.83613854485833], [-92.2399517792433, 34.83637714193601], [-92.2399517716368, 34.8363778973179], [-92.2399514129216, 34.8363941276049], [-92.2399162923698, 34.836393332830994], [-92.2399012886787, 34.83640293756039], [-92.239769290725, 34.836451450573385], [-92.239607111468, 34.83651923086511], [-92.2394706592625, 34.83657626433111], [-92.2393507054349, 34.836631212104976], [-92.2393560471556, 34.83639171501829], [-92.2393560514853, 34.836390958741596], [-92.2389458772495, 34.836564485091785], [-92.238946122965, 34.836565138109485], [-92.2389634257874, 34.836612324719], [-92.2389634312906, 34.836613080074684], [-92.23896390628252, 34.83664297109151], [-92.2389522745387, 34.83667987302449], [-92.2389335836896, 34.83670785808639], [-92.2389054222746, 34.83673258102459], [-92.23887685300161, 34.83674873794069], [-92.2388412042641, 34.83676094739029], [-92.23876714637741, 34.836762343009596], [-92.2387212757324, 34.836748889493094], [-92.2386813716318, 34.836724884957], [-92.2386155417316, 34.83678771644841], [-92.2385633423632, 34.836837533416585], [-92.2384694964973, 34.83692709478818], [-92.2383221267436, 34.837062717689], [-92.237874292452, 34.8370576757997], [-92.237874302318, 34.83705843114669], [-92.23788083876661, 34.837562089039196], [-92.2378808442518, 34.83756284169069], [-92.237883804454, 34.83802014631711], [-92.2378857013226, 34.8383137926924], [-92.2378857035281, 34.8383145453505], [-92.237886120291, 34.83837842258309], [-92.2378874313279, 34.83858145677339], [-92.2378887821286, 34.8387898505655], [-92.2378887843421, 34.83879060592766], [-92.2378920450266, 34.839294831064], [-92.237892050512, 34.83929558371571], [-92.2378948167059, 34.8397232023216], [-92.2378948014269, 34.83972395771878], [-92.2378979508142, 34.84020845883779], [-92.2378940216951, 34.840491316373665], [-92.2396054320018, 34.84051596799372], [-92.2413926460102, 34.840541687619705], [-92.2414504719047, 34.840542520791786], [-92.241455149737, 34.84030603553568], [-92.2414554014927, 34.840293270408395], [-92.2414554090857, 34.84029251502622], [-92.2421446354848, 34.84000828064169], [-92.2424822671676, 34.83986903895379], [-92.242489328763, 34.8398661257376], [-92.242506982951, 34.83985872731672], [-92.2427505051152, 34.83975665916258], [-92.2436724854073, 34.83935612360191], [-92.2436803533384, 34.83935270659439], [-92.243680324986, 34.8393534593149], [-92.2436595293688, 34.839802484418705], [-92.2436595021012, 34.8398032344328], [-92.2436390708702, 34.840244428404795], [-92.2436356096878, 34.8403191699162], [-92.24362732372052, 34.840498080777685], [-92.2436272931725, 34.84049883079858], [-92.2436186849198, 34.8406847551525], [-92.2436185083399, 34.8406885765155], [-92.2436177073075, 34.840705818182485], [-92.2436332676615, 34.84070635251449], [-92.2440419700568, 34.8407203928315], [-92.2457142414041, 34.84077781693802], [-92.2458209652301, 34.84078148231349], [-92.2458209478299, 34.8407822350121], [-92.2457836117802, 34.8418685061439], [-92.24578359000621, 34.841869258851496], [-92.2457815875886, 34.8419340749042], [-92.2457630209551, 34.84253575303249], [-92.2457531065938, 34.84285714785871], [-92.24575308262442, 34.84285789786678], [-92.2457509827023, 34.84292591496858], [-92.2457159447469, 34.84406118479859], [-92.245715933905, 34.844061937483794], [-92.2456599044302, 34.8458778093339], [-92.2456598837501, 34.84587856294076], [-92.2456112895164, 34.84745320511639], [-92.2456112655526, 34.84745395782881], [-92.2455289210129, 34.85012236119699], [-92.2455288970557, 34.85012311661362], [-92.2454828475336, 34.851615283619395], [-92.245384006836, 34.851613225124176], [-92.2442594914096, 34.851589800681296], [-92.2440870900282, 34.851586210423505], [-92.2432613661279, 34.85156900087879], [-92.2397429629906, 34.85148396537009], [-92.2390871706031, 34.8514661847572], [-92.2390612648294, 34.85146548214377], [-92.2376744788122, 34.8514278700143], [-92.2375387781832, 34.851424188256885], [-92.2366615403029, 34.85140038415099], [-92.2366615129667, 34.85140113416399], [-92.23665460420591, 34.85148801148169], [-92.2366545429729, 34.85148876156189], [-92.2366491094885, 34.851556966306596], [-92.2366490482555, 34.85155771638679], [-92.2366333146916, 34.85175501379279], [-92.2366304896861, 34.85179043061039], [-92.2366297386074, 34.85179984895029], [-92.2366267596162, 34.85183720767339], [-92.2366261509564, 34.85184484367729], [-92.2366261013699, 34.85184546303248], [-92.2366235738594, 34.8518771574094], [-92.2366219989259, 34.85189691185129], [-92.2366207436253, 34.85191265896841], [-92.2365966488089, 34.8522147968234], [-92.236596607257, 34.8522155468647], [-92.2365805212724, 34.852417321285984], [-92.2365804600303, 34.8524180686621], [-92.236368138445, 34.855149576457094], [-92.235026538321, 34.85514249229521], [-92.233577668013, 34.855106980043885], [-92.2320565696849, 34.855059699387], [-92.232055788403, 34.856211133134714], [-92.2311477865692, 34.8571843033273], [-92.2311413958523, 34.857191152760194], [-92.2309910404741, 34.85705917318942], [-92.23089217012551, 34.85697238531971], [-92.2308100068382, 34.856906778471874], [-92.2307607391772, 34.85686743771391], [-92.2307197211903, 34.85683468460717], [-92.2306527531662, 34.85678121079768], [-92.2304714325956, 34.85666480514409], [-92.230053396754, 34.8564003328237], [-92.2296668201145, 34.856170094767094], [-92.2294535609014, 34.856092331306215], [-92.2292244337765, 34.85605389865119], [-92.22911987862801, 34.85605212069053], [-92.2289111210991, 34.8560747709177], [-92.2287994849665, 34.8560956988142], [-92.228736480869, 34.8561075105458], [-92.2286914740275, 34.85611594812799], [-92.2285773841529, 34.85613733571799], [-92.2281924799974, 34.8562094971247], [-92.228232507325, 34.854792234462394], [-92.2266765314415, 34.85476840979621], [-92.2266752090221, 34.855076810354504], [-92.22555206036371, 34.8550728205151], [-92.2255325620984, 34.85507275096759], [-92.2255494521285, 34.8553509357844], [-92.2255579825724, 34.85549143871209], [-92.2255578661595, 34.85555657718658], [-92.2255577340036, 34.855629822818614], [-92.2255724521937, 34.85607077806048], [-92.2255729722936, 34.85608636937279], [-92.2255732430344, 34.8560944705809], [-92.2255735424143, 34.856103433466494], [-92.2255741352682, 34.85612120150529], [-92.2255763061457, 34.85618621758021], [-92.2255403165884, 34.85704683545292], [-92.2255411781637, 34.857356885060106], [-92.2255343104703, 34.857647965930184], [-92.2255581654234, 34.8579453165744], [-92.2255582894822, 34.857989956926794], [-92.2255583236883, 34.85800226538359], [-92.2255738096693, 34.858044140999894], [-92.2256588721274, 34.858274160956896], [-92.2257363221138, 34.85852078988858], [-92.2258444956025, 34.85877368847001], [-92.2260065803543, 34.85908976095979], [-92.226261101971, 34.859519553709276], [-92.2263461070816, 34.85972187530341], [-92.2263926075573, 34.85987997626488], [-92.22636258998, 34.860126809345815], [-92.2260285593975, 34.861468887916885], [-92.2260212525647, 34.861601780617576], [-92.2260215521316, 34.86170934870778], [-92.226075623189, 34.8618294706077], [-92.2261373008116, 34.86192426696389], [-92.2262296686897, 34.86201267829277], [-92.2267375674957, 34.8624546455626], [-92.2274498897499, 34.861877482320786], [-92.2290034345394, 34.8628869267226], [-92.2285924898677, 34.86416588412791], [-92.2293998141442, 34.864607266847294], [-92.22943099857751, 34.86462461016268], [-92.2294571006306, 34.86463912835002], [-92.2294806702484, 34.8646522353072], [-92.2295217292514, 34.864675069848], [-92.2292098646019, 34.86505235101419], [-92.228915782827, 34.865352873389796], [-92.2287057969753, 34.865603620478794], [-92.2286228226438, 34.865676903038896], [-92.228526241067, 34.86576220190759], [-92.22838728451562, 34.86583793680721], [-92.2282571593416, 34.8658881867013], [-92.2280979589721, 34.865932375115875], [-92.2279705028021, 34.86594905711829], [-92.2276565013812, 34.865967764001674], [-92.2276488810804, 34.865968218403005], [-92.2275284277526, 34.86597178483538], [-92.2274830574949, 34.8659731277806], [-92.2274811725359, 34.866118828095985], [-92.2274776022112, 34.86639482533859], [-92.2274751263267, 34.86647758788631], [-92.227458607865, 34.8670297138163], [-92.2274562549049, 34.86710835315851], [-92.2274523969767, 34.86723729672789], [-92.227452058018, 34.86724863960739], [-92.2274512870257, 34.867274406506496], [-92.2274487637193, 34.86739372786451], [-92.2274487627873, 34.8673937855555], [-92.2274487607617, 34.86739384324861], [-92.2274472485472, 34.86746536629249], [-92.2274432091278, 34.86765638737679], [-92.2274431840931, 34.86765760070009], [-92.2274517642922, 34.86765774931951], [-92.2317232822069, 34.8677312715684], [-92.2316823328029, 34.8692803184185], [-92.2294403895316, 34.86923679825121], [-92.2294306580279, 34.869378031066994], [-92.2294024215463, 34.86978669693679], [-92.2293836922002, 34.870058747360304], [-92.2293644682038, 34.8703373149088], [-92.2293455793585, 34.87061106747089], [-92.2293190231418, 34.87099577017369], [-92.2274718667632, 34.8709582158996], [-92.2274325378174, 34.87095926698439], [-92.2274194066591, 34.870959617384116], [-92.2273933685383, 34.87096031324537], [-92.2273593360168, 34.87096122262171], [-92.227358758583, 34.870961238142876], [-92.2273489826671, 34.8709614992214], [-92.227232225049, 34.87096461842899], [-92.2271160936202, 34.87659062886719], [-92.2238241606697, 34.8764784889863], [-92.2236748739368, 34.876473402559306], [-92.2235234530628, 34.8764682460241], [-92.22351602448332, 34.876467987700394], [-92.2235347675136, 34.87613287571249], [-92.2235365657327, 34.87610073315231], [-92.2235460247928, 34.8759316284009], [-92.2235537075776, 34.87579430290741], [-92.22357321680741, 34.8754456135987], [-92.2243396329088, 34.87546624219837], [-92.22440161212171, 34.873767811642495], [-92.2234257610208, 34.87374518030891], [-92.2231735876104, 34.87373932924701], [-92.2217098734379, 34.873705363197196], [-92.2216735424317, 34.87370452020338], [-92.22146570867326, 34.873699696567066], [-92.221426, 34.87369100000001], [-92.219923, 34.873655], [-92.218774, 34.87362899999999], [-92.218522, 34.87362399999999], [-92.218459, 34.87362199999998], [-92.21845402743443, 34.873629743019805], [-92.2214243105428, 34.87369873570928], [-92.2184366643788, 34.87362933949528], [-92.2183876824248, 34.873628203144], [-92.218361730653, 34.87362759706791], [-92.21780497867651, 34.873614658859786], [-92.2190046076281, 34.874813446698084], [-92.2189612421248, 34.87603914845597], [-92.2218281122417, 34.876108255749386], [-92.2218092623943, 34.87653010967917], [-92.2184260236894, 34.8764522867843], [-92.2183816910533, 34.87849025594651], [-92.2183813814297, 34.8785040460347], [-92.2183810816355, 34.87851783069658], [-92.2183092251226, 34.881819923691765], [-92.2183085719252, 34.8818499467118], [-92.2183078920818, 34.881881043340705], [-92.2183062984747, 34.88195427549629], [-92.21862854818, 34.88208703221477], [-92.2192229053793, 34.882328829243676], [-92.2193257387678, 34.88236995862948], [-92.2194844086474, 34.88243341836768], [-92.2197667491831, 34.8825463398442], [-92.2199008413379, 34.88259996946152], [-92.2199441463082, 34.882624584347205], [-92.2202471076477, 34.88279679107928], [-92.2205118164258, 34.882981414040884], [-92.2206647603105, 34.88308808479792], [-92.2207675735798, 34.883159790974794], [-92.22079264589371, 34.883175756111], [-92.2202741687421, 34.8836308272405], [-92.2202589491242, 34.88421775026998], [-92.2202516225116, 34.8845003174696], [-92.22024369422961, 34.884806266141695], [-92.2202361058796, 34.88509883840359], [-92.2202282188392, 34.88540309779419], [-92.2207593338803, 34.88541339779731], [-92.2207619714137, 34.885413447909606], [-92.2208345359316, 34.8854148552086], [-92.2208770493827, 34.8854156789271], [-92.2209236334459, 34.8854165771315], [-92.220938337357, 34.88541686272899], [-92.2214354041846, 34.88542650336439], [-92.2218847530229, 34.885436173761285], [-92.2219391526921, 34.885437344601606], [-92.2219686219598, 34.88543797852838], [-92.222013159523, 34.885438936897415], [-92.2220169227687, 34.885439018241996], [-92.2220168597963, 34.88544238957319], [-92.2220158604835, 34.88549534653451], [-92.22201515545372, 34.88553272144961], [-92.2220150147972, 34.8855400842985], [-92.2220143634898, 34.88557470535468], [-92.2220005752852, 34.88610859700149], [-92.2220001984178, 34.88612318406249], [-92.2219995584215, 34.886147950155625], [-92.2219993407806, 34.88615636327199], [-92.2219968502096, 34.8862528125714], [-92.2225547158726, 34.886264210492286], [-92.2225536211551, 34.8863018033741], [-92.22254673939752, 34.886576605317686], [-92.2225401733058, 34.88683410080849], [-92.2225329548979, 34.887117014130176], [-92.222525909181, 34.88739311079008], [-92.2225189939802, 34.8876641630076], [-92.2225121447758, 34.88793257131551], [-92.2225084563178, 34.88807707349028], [-92.2220039839341, 34.88806676868999], [-92.2217515853255, 34.88806160993368], [-92.2214997589147, 34.888056464006006], [-92.2212393566885, 34.888051144132696], [-92.2209863444446, 34.888045971375384], [-92.2207205532575, 34.888040542254785], [-92.22048350250621, 34.8880356940988], [-92.220227089125, 34.8880304520953], [-92.21997319088172, 34.8880252626008], [-92.2197238962027, 34.8880201632555], [-92.2194756703892, 34.88801508486338], [-92.21923931666971, 34.888010250987186], [-92.21886892151072, 34.888002458673895], [-92.2188701454938, 34.887955370302784], [-92.2188750759248, 34.8877648065375], [-92.2188798676642, 34.88757961083], [-92.218884819684, 34.887388145633594], [-92.2188897629539, 34.88719709509612], [-92.218894865354, 34.8869997552414], [-92.2188994426363, 34.88682268419771], [-92.2189050700869, 34.8866050782406], [-92.218910843671, 34.886382045625005], [-92.2189164386097, 34.886165791822506], [-92.2189220302247, 34.88594953352077], [-92.2189276943996, 34.88573058262389], [-92.2189333611762, 34.88551139105187], [-92.2189401410401, 34.885447691530395], [-92.2189429234007, 34.8854215523131], [-92.2189456289159, 34.8853961235351], [-92.2189476740673, 34.88537690657249], [-92.2189520217938, 34.885155382809195], [-92.2189562809228, 34.88496305626622], [-92.21896214185381, 34.884768837467405], [-92.2189663363959, 34.88458096843939], [-92.2189731537568, 34.88439177045849], [-92.2189780479939, 34.8842025570739], [-92.21898369415462, 34.8839843282412], [-92.2189934791068, 34.8836058573177], [-92.2189274523249, 34.88360451174127], [-92.2185043195557, 34.8835958847113], [-92.2182628536074, 34.88359092036348], [-92.2182717357015, 34.883542462323184], [-92.2138551849913, 34.88350063919609], [-92.21367803086, 34.89068195793], [-92.2136776918023, 34.8906956930799], [-92.2136773527493, 34.89070943003261], [-92.2136487367074, 34.89186933040159], [-92.2136207327327, 34.89300439451191], [-92.2136147235488, 34.89324793946119], [-92.2135985514186, 34.8939034352809], [-92.2135904592871, 34.894231409457696], [-92.2135037451209, 34.89774581370632], [-92.2018879351861, 34.897472650944984], [-92.2018561365434, 34.89747190151589], [-92.2018273029901, 34.89747122278798], [-92.19564468022742, 34.89732536542109], [-92.1954025838504, 34.9083086430019], [-92.1823001757481, 34.90829674590981], [-92.1822609413906, 34.908296574986394], [-92.1822324380563, 34.90829645349151], [-92.1822217628459, 34.90829640757049], [-92.17796862891441, 34.908277932067186], [-92.178117687208, 34.90326993465719], [-92.1719033824559, 34.89875215851837], [-92.171568721174, 34.89845232115529], [-92.1711797636539, 34.89798661405699], [-92.1711686589465, 34.89796488564101], [-92.1711673406195, 34.897962305937476], [-92.1711576399225, 34.89794331845068], [-92.1711425846383, 34.89791385632339], [-92.1711377255101, 34.897904347268096], [-92.1711360798016, 34.89790112714209], [-92.1711316952718, 34.897892546743805], [-92.1711220011938, 34.89787357727259], [-92.17112088611242, 34.89787139569369], [-92.1711197303794, 34.89786913304739], [-92.1711129761685, 34.8978559165679], [-92.1711048564001, 34.89784002941062], [-92.171100143396, 34.897830806787766], [-92.1710702790151, 34.8977723671148], [-92.1710616703769, 34.89775551886738], [-92.1710491430421, 34.89773100446599], [-92.1710401378329, 34.8977133869944], [-92.171026835989, 34.897687352146676], [-92.171019786278, 34.89767355378459], [-92.1709889101945, 34.89761312886769], [-92.1708865463422, 34.897398702111786], [-92.1707599140561, 34.89694076418858]], [[-92.217899, 34.806276000000004], [-92.217977, 34.80624400000001], [-92.218104, 34.80617999999999], [-92.218181, 34.806083999999984], [-92.21822, 34.805923], [-92.218191, 34.805848000000005], [-92.218035, 34.805718999999996], [-92.217879, 34.805653], [-92.21775300000002, 34.805662000000005], [-92.217626, 34.805725999999986], [-92.217558, 34.805779999999984], [-92.21748, 34.805908999999986], [-92.21748, 34.80600600000002], [-92.217519, 34.806135000000005], [-92.217558, 34.8062], [-92.217675, 34.806264999999996], [-92.217899, 34.806276000000004]], [[-92.225662, 34.819933999999996], [-92.225857, 34.82], [-92.226013, 34.820001000000005], [-92.226325, 34.819841], [-92.226412, 34.819647], [-92.226412, 34.819518], [-92.226373, 34.81945399999999], [-92.226256, 34.81935599999999], [-92.226101, 34.819259], [-92.225828, 34.81912799999999], [-92.225711, 34.819095], [-92.225584, 34.819095], [-92.225506, 34.81912700000001], [-92.225429, 34.81919100000001], [-92.225351, 34.819319], [-92.225273, 34.819512999999986], [-92.225312, 34.819641999999995], [-92.225467, 34.81980399999998], [-92.225662, 34.819933999999996]], [[-92.229111, 34.822945000000004], [-92.229422, 34.823140999999985], [-92.229734, 34.823174999999985], [-92.23025, 34.823017], [-92.230277, 34.822815999999996], [-92.230289, 34.822725999999996], [-92.230133, 34.822337999999995], [-92.229822, 34.82198099999996], [-92.229627, 34.821819], [-92.229237, 34.821817], [-92.228916, 34.82191199999999], [-92.228721, 34.82216899999998], [-92.228682, 34.82249099999999], [-92.228877, 34.822783], [-92.229111, 34.822945000000004]], [[-92.20715, 34.824198], [-92.207287, 34.82420999999998], [-92.207412, 34.82415999999999], [-92.207575, 34.82409799999999], [-92.207925, 34.82374800000001], [-92.207987, 34.823697999999986], [-92.207975, 34.82363499999998], [-92.207962, 34.823598000000004], [-92.20787500000002, 34.82349799999999], [-92.207812, 34.823447999999985], [-92.207712, 34.82339799999998], [-92.20755, 34.82331000000001], [-92.207462, 34.82326000000001], [-92.207325, 34.82318499999999], [-92.207187, 34.823135], [-92.20705, 34.823085], [-92.20695, 34.82304799999999], [-92.206862, 34.822948], [-92.206837, 34.822860000000006], [-92.20675, 34.822684999999986], [-92.20665, 34.822422999999986], [-92.20657500000002, 34.822097999999976], [-92.20657500000002, 34.821997999999994], [-92.206512, 34.82184799999999], [-92.206462, 34.82182300000001], [-92.206175, 34.821797999999994], [-92.205662, 34.821797999999994], [-92.204912, 34.82180999999999], [-92.204475, 34.82184799999998], [-92.2043, 34.821859999999994], [-92.204137, 34.82195999999998], [-92.204062, 34.822097999999976], [-92.20405, 34.822223000000015], [-92.204225, 34.82235999999998], [-92.2044, 34.82239800000001], [-92.204725, 34.822473], [-92.204987, 34.822623], [-92.205112, 34.823022999999985], [-92.205175, 34.82316000000002], [-92.206675, 34.823985], [-92.207012, 34.82413499999998], [-92.20715, 34.824198]], [[-92.226238, 34.830323], [-92.226325, 34.830298], [-92.226475, 34.830311], [-92.226561, 34.830330999999994], [-92.2267, 34.83033599999998], [-92.226813, 34.830239], [-92.226948, 34.83019], [-92.226688, 34.830011], [-92.226413, 34.830060999999986], [-92.226175, 34.830160999999976], [-92.226, 34.83026099999999], [-92.225809, 34.83038899999999], [-92.2257, 34.83052299999997], [-92.225625, 34.83059799999999], [-92.225631, 34.83076799999998], [-92.225683, 34.83093899999999], [-92.225688, 34.83114799999999], [-92.225769, 34.83122599999999], [-92.225848, 34.831489999999995], [-92.225848, 34.83091099999999], [-92.225848, 34.830685999999986], [-92.225911, 34.830567], [-92.226038, 34.83044799999999], [-92.226238, 34.830323]], [[-92.213446, 34.852285000000016], [-92.21375, 34.85234199999999], [-92.214168, 34.85236700000001], [-92.214496, 34.85235799999998], [-92.214636, 34.85229299999998], [-92.21457, 34.85221899999999], [-92.214537, 34.85220199999999], [-92.214455, 34.85219400000002], [-92.214373, 34.85219400000001], [-92.21420100000002, 34.852186], [-92.213766, 34.85207100000002], [-92.213709, 34.852047], [-92.213692, 34.852030000000006], [-92.213668, 34.852022], [-92.213569, 34.852006], [-92.213323, 34.85188300000001], [-92.213044, 34.85176], [-92.212897, 34.851676999999995], [-92.212724, 34.851587], [-92.212478, 34.851513], [-92.212391, 34.85148700000001], [-92.212257, 34.85144799999999], [-92.212208, 34.851399], [-92.212191, 34.85138200000001], [-92.21203500000001, 34.851185], [-92.21188, 34.850988], [-92.211699, 34.850733999999996], [-92.211404, 34.85033999999999], [-92.211281, 34.850249999999996], [-92.211133, 34.85019299999999], [-92.210944, 34.850168], [-92.210534, 34.850175999999976], [-92.210527, 34.85060300000001], [-92.210756, 34.85056999999998], [-92.210789, 34.85056999999998], [-92.210903, 34.850636], [-92.211396, 34.851012999999995], [-92.21183, 34.851365999999985], [-92.212158, 34.851554000000014], [-92.212307, 34.851649999999985], [-92.212437, 34.85173499999998], [-92.212593, 34.85184199999999], [-92.21294600000002, 34.852062999999994], [-92.213184, 34.85219400000001], [-92.213446, 34.852285000000016]], [[-92.22633, 34.854026999999974], [-92.226486, 34.85399599999998], [-92.226603, 34.853964000000005], [-92.226642, 34.853932], [-92.22668, 34.85380399999998], [-92.22668, 34.853707], [-92.226642, 34.853609999999996], [-92.226447, 34.853317999999994], [-92.226252, 34.853349], [-92.226174, 34.85347799999999], [-92.226057, 34.853637999999975], [-92.226057, 34.85376699999998], [-92.226086, 34.85389700000001], [-92.226252, 34.85399499999998], [-92.22633, 34.854026999999974]], [[-92.210836, 34.87527299999999], [-92.211252, 34.875288999999995], [-92.21186, 34.87530499999998], [-92.211956, 34.875193], [-92.21186, 34.87480899999999], [-92.211924, 34.87455299999999], [-92.211956, 34.874153], [-92.21154, 34.874041000000005], [-92.211156, 34.87372100000001], [-92.210836, 34.87354499999999], [-92.210212, 34.873385], [-92.210148, 34.87356100000001], [-92.21002, 34.873945000000006], [-92.209972, 34.874457], [-92.20994, 34.874873], [-92.210132, 34.874969], [-92.21042, 34.875049], [-92.210836, 34.87527299999999]], [[-92.206404, 34.878344999999975], [-92.206836, 34.87868099999999], [-92.207556, 34.87909700000001], [-92.207844, 34.87903299999998], [-92.208308, 34.87920899999998], [-92.208388, 34.879145], [-92.208324, 34.878936999999986], [-92.207844, 34.87850499999999], [-92.207604, 34.87807299999999], [-92.207524, 34.877753000000006], [-92.20706, 34.877320999999995], [-92.20706, 34.87688899999999], [-92.206692, 34.876936999999984], [-92.20634, 34.87679299999999], [-92.20626, 34.87688899999999], [-92.20594, 34.877417], [-92.205588, 34.877801], [-92.205732, 34.878216999999985], [-92.206004, 34.878249000000004], [-92.206404, 34.878344999999975]], [[-92.196847, 34.808290000000014], [-92.197254, 34.80829], [-92.197327, 34.80829], [-92.198047, 34.808290000000014], [-92.198047, 34.80804599999999], [-92.198047, 34.80579], [-92.197216, 34.805914], [-92.196047, 34.806090000000005], [-92.196747, 34.80659], [-92.196847, 34.808290000000014]], [[-92.198947, 34.82078999999998], [-92.200147, 34.82069], [-92.200647, 34.81988999999998], [-92.198947, 34.82078999999998]], [[-92.2047, 34.82919799999999], [-92.20475, 34.829297999999994], [-92.204813, 34.829386], [-92.204863, 34.829372999999975], [-92.20488800000001, 34.829311000000004], [-92.20488800000001, 34.82913599999999], [-92.204838, 34.828973000000005], [-92.204688, 34.82876099999999], [-92.204488, 34.828547999999984], [-92.20432500000001, 34.82823599999997], [-92.2042, 34.82804799999999], [-92.204125, 34.827960999999995], [-92.20405, 34.82789799999999], [-92.204025, 34.827811000000004], [-92.204038, 34.82773599999997], [-92.2041, 34.827635999999984], [-92.204175, 34.82752299999998], [-92.20425, 34.82737299999999], [-92.204313, 34.82722299999997], [-92.204363, 34.827097999999985], [-92.204438, 34.82684799999999], [-92.20445, 34.826486], [-92.204463, 34.82614800000001], [-92.204338, 34.82552299999998], [-92.204288, 34.825422999999994], [-92.204188, 34.82543599999999], [-92.204, 34.82549799999998], [-92.203888, 34.82559799999999], [-92.203788, 34.82586099999998], [-92.203638, 34.82622299999997], [-92.203475, 34.826535999999976], [-92.203367, 34.82678899999997], [-92.203108, 34.826973], [-92.20295, 34.827148], [-92.202775, 34.82727299999999], [-92.20267, 34.827304999999996], [-92.202538, 34.82736100000002], [-92.20245, 34.827398], [-92.202325, 34.827485999999986], [-92.202325, 34.827625], [-92.202375, 34.82774799999999], [-92.202388, 34.827811000000004], [-92.202388, 34.827910999999986], [-92.20235, 34.827960999999995], [-92.202238, 34.828023], [-92.202125, 34.82803599999997], [-92.201963, 34.82807299999999], [-92.201921, 34.82815000000003], [-92.202, 34.82826099999999], [-92.202153, 34.828312], [-92.202463, 34.82832299999999], [-92.202475, 34.828448], [-92.202475, 34.82851099999998], [-92.202438, 34.828591], [-92.2024, 34.82862299999999], [-92.20241300000002, 34.82868599999998], [-92.202512, 34.828742000000005], [-92.202575, 34.82879799999998], [-92.2027, 34.828886], [-92.202788, 34.82899799999998], [-92.2028, 34.829098], [-92.202925, 34.82924799999998], [-92.202963, 34.82939799999999], [-92.202988, 34.82951100000002], [-92.202963, 34.82956099999998], [-92.202888, 34.829661], [-92.20276300000002, 34.829848], [-92.202625, 34.830035999999986], [-92.20255000000002, 34.830160999999976], [-92.202575, 34.83026099999999], [-92.20263800000001, 34.830398], [-92.202713, 34.83046100000001], [-92.202838, 34.83037300000001], [-92.202925, 34.830248], [-92.203025, 34.830148], [-92.203238, 34.829972999999995], [-92.20345, 34.82978599999997], [-92.203563, 34.82962299999999], [-92.203688, 34.82942299999999], [-92.203713, 34.829297999999994], [-92.203688, 34.82912299999999], [-92.203638, 34.828973000000005], [-92.203538, 34.82861100000002], [-92.203485, 34.828420999999985], [-92.203467, 34.82835599999998], [-92.203575, 34.828298], [-92.2037, 34.828322999999976], [-92.203775, 34.828360999999994], [-92.203863, 34.82846099999998], [-92.203988, 34.82866099999998], [-92.204088, 34.828814], [-92.204213, 34.828985999999986], [-92.2043, 34.82911100000001], [-92.2044, 34.82912300000001], [-92.204487, 34.82914], [-92.204652, 34.829138], [-92.2047, 34.82919799999999]], [[-92.17853, 34.835375], [-92.178773, 34.835312], [-92.178968, 34.83528099999996], [-92.179397, 34.83515500000001], [-92.179523, 34.83499499999999], [-92.179601, 34.834705000000014], [-92.17964, 34.834382], [-92.179533, 34.833929000000005], [-92.17945500000002, 34.83379899999999], [-92.179299, 34.833701000000005], [-92.17910500000002, 34.83366800000001], [-92.1789, 34.833665999999994], [-92.178549, 34.83376100000001], [-92.178111, 34.83417699999999], [-92.177877, 34.834531000000005], [-92.17779, 34.83488500000001], [-92.177907, 34.83508000000001], [-92.178101, 34.83524299999999], [-92.178335, 34.835341], [-92.17853, 34.835375]], [[-92.184414, 34.838160999999985], [-92.185023, 34.838166999999984], [-92.185886, 34.838384999999995], [-92.186855, 34.83865199999999], [-92.188011, 34.83878199999999], [-92.188471, 34.83868299999998], [-92.188446, 34.83848400000002], [-92.188253, 34.838347], [-92.188141, 34.838229], [-92.187669, 34.838179999999994], [-92.187154, 34.837968], [-92.186365, 34.83767000000001], [-92.185868, 34.837254], [-92.185687, 34.837091999999984], [-92.18565600000001, 34.83698699999997], [-92.185719, 34.83686900000001], [-92.185942, 34.836720000000014], [-92.186949, 34.83647699999998], [-92.186539, 34.836209999999994], [-92.185153, 34.83627200000002], [-92.185041, 34.83645899999997], [-92.18465, 34.836689], [-92.184321, 34.836744999999986], [-92.183998, 34.83670699999998], [-92.18343900000002, 34.83666399999999], [-92.18331400000001, 34.83667599999998], [-92.183227, 34.83665799999999], [-92.183122, 34.836552], [-92.182973, 34.836265999999995], [-92.182761, 34.835853], [-92.182041, 34.836253999999975], [-92.18149400000001, 34.83647699999999], [-92.181121, 34.836639000000005], [-92.180997, 34.83712299999999], [-92.180662, 34.837371999999995], [-92.179879, 34.837893999999984], [-92.179531, 34.83814199999999], [-92.179133, 34.8389], [-92.178748, 34.83922300000001], [-92.178698, 34.839607999999984], [-92.178338, 34.839845], [-92.178077, 34.84001799999998], [-92.177779, 34.840317], [-92.177717, 34.84087599999999], [-92.177829, 34.84188199999999], [-92.177841, 34.843212], [-92.178001, 34.843737], [-92.178276, 34.84387000000001], [-92.17817, 34.84406299999999], [-92.17804, 34.844175000000014], [-92.177748, 34.844211999999985], [-92.177599, 34.844081], [-92.177444, 34.844081], [-92.177263, 34.844237], [-92.177257, 34.844311000000005], [-92.177425, 34.844423], [-92.177667, 34.844597], [-92.177965, 34.84472799999998], [-92.17804, 34.844827], [-92.177984, 34.845000999999996], [-92.17776, 34.845113], [-92.177338, 34.845181], [-92.17715800000002, 34.845279999999995], [-92.17686, 34.845498000000006], [-92.176561, 34.84556], [-92.176418, 34.84580899999999], [-92.176245, 34.845957999999996], [-92.17594, 34.84612499999998], [-92.175716, 34.84624999999999], [-92.175698, 34.84631799999998], [-92.175803, 34.84649799999999], [-92.175897, 34.84662200000002], [-92.176226, 34.847007999999995], [-92.176058, 34.847157], [-92.17572900000002, 34.84719999999999], [-92.175418, 34.84706999999999], [-92.174785, 34.846939], [-92.174698, 34.847050999999986], [-92.17466, 34.84716899999999], [-92.174586, 34.847362], [-92.17458, 34.84760399999998], [-92.17472, 34.84810799999999], [-92.175673, 34.84855799999999], [-92.175996, 34.848656999999996], [-92.176238, 34.84901699999999], [-92.176692, 34.849228], [-92.176934, 34.849266], [-92.17735, 34.84933399999999], [-92.177636, 34.849321999999994], [-92.177841, 34.84918499999999], [-92.177972, 34.84925299999998], [-92.178183, 34.84942100000001], [-92.178251, 34.84954499999998], [-92.17822, 34.849694], [-92.177941, 34.84986800000001], [-92.177593, 34.850215999999996], [-92.17768600000001, 34.85035899999998], [-92.177941, 34.8508], [-92.178344, 34.85120399999999], [-92.178698, 34.85149], [-92.179108, 34.851639], [-92.179239, 34.85101099999999], [-92.179214, 34.850881], [-92.178835, 34.85065099999999], [-92.178711, 34.85041499999999], [-92.178717, 34.84981899999998], [-92.178655, 34.849676], [-92.178214, 34.849215999999984], [-92.177934, 34.848874000000016], [-92.177965, 34.848682], [-92.178158, 34.848377], [-92.17845, 34.84807899999999], [-92.178456, 34.847792999999996], [-92.178848, 34.84766299999997], [-92.179108, 34.847618999999995], [-92.179239, 34.847364999999996], [-92.179363, 34.847252999999995], [-92.179612, 34.847122], [-92.179618, 34.847035], [-92.179674, 34.846905000000014], [-92.17981, 34.846842999999986], [-92.179922, 34.84661899999998], [-92.180152, 34.846357999999995], [-92.180339, 34.84625899999999], [-92.180475, 34.846053999999995], [-92.180624, 34.84584300000001], [-92.180761, 34.84566899999999], [-92.181003, 34.845668999999965], [-92.181227, 34.84568699999999], [-92.181395, 34.845724999999995], [-92.181649, 34.84587399999999], [-92.181811, 34.84599199999998], [-92.181991, 34.846128000000014], [-92.182215, 34.846153], [-92.182351, 34.846004], [-92.182556, 34.846016999999996], [-92.182619, 34.84587399999999], [-92.182544, 34.84584300000001], [-92.182513, 34.845737], [-92.18242, 34.845718], [-92.182258, 34.84563800000001], [-92.182146, 34.84563800000001], [-92.182084, 34.84559999999999], [-92.182165, 34.84548899999999], [-92.182345, 34.84544500000001], [-92.182302, 34.845320999999984], [-92.182445, 34.845203], [-92.182283, 34.84500999999999], [-92.182122, 34.84487400000002], [-92.182115, 34.844773999999994], [-92.182295, 34.84470599999998], [-92.182159, 34.844526000000016], [-92.182047, 34.844432000000005], [-92.181972, 34.84432100000001], [-92.181743, 34.84426499999999], [-92.181183, 34.84423400000001], [-92.180972, 34.844224999999994], [-92.180817, 34.844172], [-92.180668, 34.84401000000002], [-92.180426, 34.843737], [-92.180432, 34.843543999999994], [-92.18068, 34.843363999999994], [-92.18092300000002, 34.84328899999997], [-92.181469, 34.843308], [-92.181606, 34.843246], [-92.18166800000002, 34.843103], [-92.181687, 34.842923], [-92.181382, 34.84284799999999], [-92.181233, 34.84274899999999], [-92.181215, 34.842569000000005], [-92.18132000000001, 34.842295], [-92.18155, 34.84197899999999], [-92.181096, 34.842041], [-92.18096, 34.84180499999999], [-92.180966, 34.841362999999994], [-92.180572, 34.840815999999975], [-92.181413, 34.84050899999999], [-92.181923, 34.840447], [-92.182892, 34.840553], [-92.183575, 34.840783], [-92.184582, 34.841037], [-92.185253, 34.841099], [-92.186278, 34.84109299999998], [-92.18630900000001, 34.84095699999999], [-92.185669, 34.840093], [-92.18526500000002, 34.84008699999998], [-92.184998, 34.840118], [-92.184488, 34.83978200000001], [-92.183898, 34.83946599999999], [-92.183494, 34.83941000000001], [-92.182867, 34.83925399999999], [-92.182693, 34.83935999999998], [-92.182047, 34.83932299999999], [-92.181674, 34.83929199999999], [-92.181581, 34.83921099999999], [-92.181612, 34.83878799999999], [-92.181805, 34.83829099999999], [-92.181966, 34.83807399999999], [-92.182277, 34.838111], [-92.182382, 34.83799899999999], [-92.182792, 34.83790599999998], [-92.183147, 34.837931], [-92.1836, 34.838055000000004], [-92.183811, 34.83802999999999], [-92.184414, 34.838160999999985]], [[-92.179194, 34.85255500000002], [-92.17780700000002, 34.852491999999984], [-92.173544, 34.851492000000015], [-92.172682, 34.85319199999999], [-92.179182, 34.853480000000005], [-92.179194, 34.85255500000002]], [[-92.184056, 34.85669200000001], [-92.183994, 34.856479], [-92.183969, 34.85632899999997], [-92.183969, 34.856141999999984], [-92.184056, 34.855954000000004], [-92.184081, 34.855778999999984], [-92.184019, 34.855617], [-92.183956, 34.855529000000004], [-92.182744, 34.85505399999999], [-92.181819, 34.854817000000004], [-92.17972, 34.85476599999999], [-92.179523, 34.854761], [-92.17951943751122, 34.85476091176223], [-92.17944866199062, 34.857663314798685], [-92.179452, 34.857606999999994], [-92.180081, 34.85727899999999], [-92.180356, 34.85721699999999], [-92.180531, 34.857192000000005], [-92.180769, 34.857204], [-92.181094, 34.857242], [-92.181369, 34.857354], [-92.181631, 34.857404000000024], [-92.181969, 34.857378999999995], [-92.182119, 34.857304], [-92.182269, 34.85722899999999], [-92.182556, 34.85715399999998], [-92.182631, 34.85714200000001], [-92.183106, 34.857228999999975], [-92.183444, 34.857241999999985], [-92.183606, 34.85720400000001], [-92.183894, 34.85702899999999], [-92.184056, 34.856817000000014], [-92.184056, 34.85669200000001]], [[-92.187737, 34.85969799999999], [-92.187762, 34.85962299999998], [-92.187787, 34.859579], [-92.187856, 34.859484999999985], [-92.187887, 34.85908499999998], [-92.187887, 34.859003999999985], [-92.187875, 34.85894199999999], [-92.187431, 34.85828499999998], [-92.1874, 34.85825999999999], [-92.187, 34.85822299999999], [-92.186906, 34.85825999999999], [-92.186887, 34.85829799999998], [-92.186894, 34.85835999999998], [-92.18705, 34.85949799999998], [-92.187056, 34.85957299999999], [-92.187075, 34.859672999999994], [-92.187106, 34.85970999999999], [-92.187137, 34.859722999999995], [-92.187681, 34.859747999999996], [-92.187719, 34.859729], [-92.187737, 34.85969799999999]], [[-92.186562, 34.859672999999994], [-92.186594, 34.85970399999998], [-92.186637, 34.859703999999994], [-92.186806, 34.85967300000001], [-92.18686200000002, 34.85962299999995], [-92.186894, 34.85955999999999], [-92.186875, 34.85934199999999], [-92.186775, 34.85834799999999], [-92.186744, 34.85829799999999], [-92.186706, 34.858272999999976], [-92.186681, 34.85825999999999], [-92.186137, 34.858266999999984], [-92.186119, 34.85827900000001], [-92.1861, 34.858304000000004], [-92.186087, 34.858335000000004], [-92.186087, 34.85836699999998], [-92.186194, 34.85902299999998], [-92.186281, 34.859628999999984], [-92.186281, 34.85965399999998], [-92.186294, 34.859679], [-92.186337, 34.85968500000001], [-92.186412, 34.85967300000001], [-92.186431, 34.85966699999999], [-92.186444, 34.859642], [-92.186481, 34.85962299999998], [-92.186525, 34.85962899999999], [-92.186537, 34.85963499999999], [-92.186562, 34.859672999999994]], [[-92.186587, 34.86035399999999], [-92.187219, 34.860373], [-92.187637, 34.86039200000001], [-92.187762, 34.860398], [-92.187806, 34.860378999999995], [-92.18785, 34.860316999999995], [-92.187869, 34.85995399999999], [-92.18785, 34.85989199999999], [-92.187806, 34.85986], [-92.187075, 34.85982899999998], [-92.186619, 34.859823], [-92.186575, 34.859841999999986], [-92.186562, 34.85986699999999], [-92.186525, 34.86025400000001], [-92.186544, 34.860322999999994], [-92.186587, 34.86035399999999]]]}, "properties": {"layer": "Sherwood land minus Census water"}}, {"type": "Feature", "geometry": {"type": "Polygon", "coordinates": [[[-92.208861322158, 34.8768579493102], [-92.20793968125302, 34.87685131751802], [-92.20701832153256, 34.8768314241647], [-92.20609752409491, 34.87679827531944], [-92.20517756986605, 34.87675188109544], [-92.20425873951345, 34.87669225564677], [-92.2033413133601, 34.87661941716425], [-92.20242557129852, 34.8765333878696], [-92.20151179270508, 34.876434194008816], [-92.2006002563542, 34.876321865844005], [-92.19969124033312, 34.87619643764429], [-92.1987850219565, 34.876057947675044], [-92.1978818776815, 34.87590643818636], [-92.19698208302307, 34.87574195540009], [-92.19608591246953, 34.87556454949555], [-92.19519363939843, 34.87537427459429], [-92.19430553599284, 34.87517118874344], [-92.19342187315793, 34.874955353897896], [-92.19254292043802, 34.87472683590137], [-92.19166894593397, 34.874485704466245], [-92.19080021622115, 34.87423203315211], [-92.18993699626769, 34.873965899343304], [-92.18907954935347, 34.87368738422527], [-92.18822813698942, 34.8733965727595], [-92.18738301883755, 34.8730935536576], [-92.18654445263138, 34.87277841935422], [-92.18571269409713, 34.87245126597845], [-92.18488799687543, 34.87211219332473], [-92.18407061244379, 34.871761304822], [-92.18326079003951, 34.87139870750218], [-92.18245877658367, 34.871024511967285], [-92.18166481660548, 34.870638832355525], [-92.18087915216748, 34.87024178630659], [-92.1801020227917, 34.86983349492527], [-92.17933366538632, 34.869414082744676], [-92.1785743141733, 34.86898367768793], [-92.1778242006169, 34.86854241102895], [-92.17708355335286, 34.86809041735248], [-92.17635259811871, 34.867627834512746], [-92.17563155768477, 34.86715480359117], [-92.17492065178614, 34.86667146885336], [-92.1742200970557, 34.86617797770482], [-92.17353010695798, 34.86567448064591], [-92.17285089172412, 34.865161131225705], [-92.17218265828767, 34.864638085995125], [-92.17152561022158, 34.86410550445886], [-92.17087994767613, 34.86356354902676], [-92.17024586731794, 34.863012384963994], [-92.16962356227017, 34.862452180340505], [-92.16901322205362, 34.86188310597967], [-92.16841503252905, 34.861305335406016], [-92.16782917584072, 34.860719044792084], [-92.1672558303609, 34.86012441290465], [-92.16669517063572, 34.85952162104992], [-92.16614736733204, 34.85891085301826], [-92.16561258718568, 34.85829229502787], [-92.16509099295077, 34.85766613566787], [-92.16458274335031, 34.8570325658407], [-92.1640879930281, 34.856391778703674], [-92.16360689250176, 34.85574396961007], [-92.16313958811718, 34.855089336049275], [-92.16268622200411, 34.854428077586604], [-92.16224693203323, 34.85376039580207], [-92.16182185177439, 34.85308649422909], [-92.16141111045616, 34.85240657829209], [-92.16101483292688, 34.85172085524387], [-92.16063313961688, 34.85102953410209], [-92.16026614650218, 34.85033282558581], [-92.15991396506949, 34.84963094205077], [-92.15957670228266, 34.84892409742469], [-92.15925446055047, 34.848212507141994], [-92.15894733769575, 34.84749638807803], [-92.15865542692613, 34.846775958482716], [-92.15837881680596, 34.846051437914106], [-92.15811759122985, 34.84532304717129], [-92.15787182939748, 34.84459100822702], [-92.15764160578996, 34.843855544160036], [-92.15742699014764, 34.843116879086836], [-92.1572280474493, 34.84237523809353], [-92.15704483789284, 34.84163084716695], [-92.15687741687746, 34.84088393312593], [-92.15672583498726, 34.84013472355198], [-92.15659013797635, 34.83938344671994], [-92.15647036675543, 34.83863033152839], [-92.1563665573798, 34.83787560742983], [-92.15627874103896, 34.83711950436075], [-92.1562069440476, 34.83636225267149], [-92.15615118783815, 34.83560408305612], [-92.15611148895468, 34.83484522648213], [-92.1560878590486, 34.83408591411993], [-92.15608030487542, 34.83332637727249], [-92.15608882829339, 34.83256684730496], [-92.15611342626339, 34.83180755557407], [-92.15615409085045, 34.83104873335765], [-92.15621080922665, 34.83029061178429], [-92.15628356367563, 34.82953342176296], [-92.15637233159846, 34.8287773939125], [-92.1564770855211, 34.82802275849167], [-92.15659779310329, 34.82726974532897], [-92.15673441714885, 34.826518583752545], [-92.15688691561769, 34.825769502520515], [-92.15705524163896, 34.825022729751446], [-92.15723934352599, 34.82427849285465], [-92.15743916479238, 34.82353701846134], [-92.15765464416985, 34.82279853235534], [-92.15788571562729, 34.82206325940473], [-92.15813230839136, 34.821331423493234], [-92.15839434696862, 34.820603247452134], [-92.15867175116884, 34.81987895299265], [-92.15896443612996, 34.819158760638324], [-92.15927231234441, 34.81844288965825], [-92.1595952856867, 34.81773155800006], [-92.15993325744263, 34.81702498222403], [-92.16028612433966, 34.81632337743698], [-92.16065377857882, 34.81562695722709], [-92.16103610786791, 34.814935933598825], [-92.16143299545608, 34.81425051690868], [-92.16184432016972, 34.813570915801215], [-92.16226995644972, 34.81289733714554], [-92.16270977439007, 34.81222998597276], [-92.16316363977768, 34.81156906541335], [-92.16363141413362, 34.81091477663579], [-92.16411295475548, 34.81026731878525], [-92.16460811476121, 34.80962688892317], [-92.16511674313405, 34.8089936819676], [-92.16563868476875, 34.808367890633704], [-92.16617378051903, 34.80774970537559], [-92.16672186724624, 34.807139314328204], [-92.16728277786926, 34.80653690325048], [-92.16785634141554, 34.80594265546884], [-92.16844238307328, 34.80535675182158], [-92.16904072424484, 34.80477937060392], [-92.16965118260121, 34.80421068751413], [-92.17027357213769, 34.80365087559995], [-92.1709077032305, 34.80310010520633], [-92.17155338269475, 34.80255854392365], [-92.17221041384317, 34.80202635653681], [-92.17287859654604, 34.8015037049754], [-92.17355772729229, 34.8009907482646], [-92.17424759925123, 34.80048764247679], [-92.17494800233571, 34.79999454068438], [-92.17565872326595, 34.79951159291331], [-92.17637954563442, 34.79903894609769], [-92.17711024997168, 34.798576744035095], [-92.17785061381308, 34.79812512734309], [-92.17860041176644, 34.79768423341657], [-92.17935941558048, 34.797254196386106], [-92.18012739421424, 34.79683514707732], [-92.1809041139072, 34.79642721297123], [-92.18168933825031, 34.79603051816555], [-92.18248282825776, 34.79564518333736], [-92.18328434243955, 34.79527132570596], [-92.18409363687478, 34.79490905899814], [-92.18491046528565, 34.794558493413064], [-92.18573457911224, 34.79421973558913], [-92.18656572758783, 34.79389288857179], [-92.18740365781507, 34.79357805178216], [-92.18824811484257, 34.793275320987], [-92.18909884174225, 34.79298478826952], [-92.1899555796873, 34.79270654200182], [-92.19081806803051, 34.79244066681786], [-92.19168604438337, 34.79218724358794], [-92.19255924469562, 34.7919463493941], [-92.1934374033351, 34.79171805750696], [-92.19432025316841, 34.79150243736341], [-92.19520752564179, 34.79129955454555], [-92.1960989508624, 34.79110947076099], [-92.19699425768016, 34.79093224382389], [-92.19789317376983, 34.79076792763783], [-92.19879542571351, 34.79061657217918], [-92.19970073908343, 34.79047822348206], [-92.200608838525, 34.79035292362445], [-92.20151944784028, 34.79024071071543], [-92.20243229007156, 34.79014161888362], [-92.20334708758513, 34.790055678266896], [-92.20426356215549, 34.78998291500312], [-92.20518143504943, 34.789923351222455], [-92.20610042711048, 34.78987700504052], [-92.20702025884346, 34.7898438905529], [-92.2079406504989, 34.78982401783094], [-92.208861322158, 34.789817392918664], [-92.2097819938171, 34.78982401783091], [-92.21070238547256, 34.7898438905529], [-92.21162221720552, 34.78987700504052], [-92.21254120926658, 34.789923351222455], [-92.21345908216051, 34.78998291500312], [-92.21437555673087, 34.790055678266896], [-92.21529035424444, 34.79014161888362], [-92.21620319647573, 34.79024071071544], [-92.217113805791, 34.79035292362445], [-92.21802190523258, 34.79047822348208], [-92.2189272186025, 34.79061657217919], [-92.21982947054617, 34.79076792763783], [-92.22072838663584, 34.790932243823875], [-92.22162369345361, 34.791109470760965], [-92.22251511867421, 34.79129955454555], [-92.22340239114759, 34.79150243736341], [-92.2242852409809, 34.79171805750696], [-92.22516339962039, 34.7919463493941], [-92.22603659993263, 34.79218724358792], [-92.22690457628549, 34.79244066681786], [-92.22776706462871, 34.79270654200182], [-92.22862380257375, 34.79298478826952], [-92.22947452947344, 34.793275320987], [-92.23031898650093, 34.79357805178216], [-92.23115691672817, 34.79389288857179], [-92.23198806520377, 34.79421973558913], [-92.23281217903035, 34.794558493413064], [-92.23362900744122, 34.79490905899814], [-92.23443830187645, 34.79527132570596], [-92.23523981605824, 34.795645183337335], [-92.23603330606569, 34.79603051816557], [-92.2368185304088, 34.796427212971224], [-92.23759525010176, 34.79683514707731], [-92.23836322873552, 34.7972541963861], [-92.23912223254956, 34.79768423341656], [-92.23987203050292, 34.79812512734309], [-92.24061239434434, 34.798576744035095], [-92.24134309868158, 34.79903894609769], [-92.24206392105005, 34.79951159291331], [-92.24277464198029, 34.799994540684395], [-92.24347504506478, 34.80048764247677], [-92.24416491702372, 34.8009907482646], [-92.24484404776996, 34.80150370497542], [-92.24551223047284, 34.80202635653681], [-92.24616926162125, 34.80255854392365], [-92.2468149410855, 34.80310010520633], [-92.24744907217833, 34.80365087559995], [-92.24807146171479, 34.80421068751413], [-92.24868192007116, 34.80477937060392], [-92.24928026124272, 34.80535675182158], [-92.24986630290046, 34.80594265546884], [-92.25043986644674, 34.80653690325048], [-92.25100077706976, 34.807139314328204], [-92.25154886379697, 34.80774970537556], [-92.25208395954725, 34.808367890633704], [-92.25260590118197, 34.8089936819676], [-92.2531145295548, 34.80962688892319], [-92.25360968956052, 34.81026731878524], [-92.25409123018238, 34.81091477663578], [-92.25455900453832, 34.81156906541335], [-92.25501286992593, 34.81222998597276], [-92.2554526878663, 34.81289733714554], [-92.25587832414628, 34.813570915801215], [-92.25628964885992, 34.81425051690868], [-92.25668653644809, 34.814935933598825], [-92.25706886573718, 34.81562695722706], [-92.25743651997634, 34.81632337743697], [-92.25778938687337, 34.81702498222403], [-92.2581273586293, 34.81773155800006], [-92.25845033197159, 34.81844288965825], [-92.25875820818604, 34.819158760638324], [-92.25905089314716, 34.81987895299263], [-92.25932829734738, 34.820603247452134], [-92.25959033592464, 34.82133142349322], [-92.25983692868871, 34.82206325940473], [-92.26006800014615, 34.82279853235534], [-92.26028347952362, 34.82353701846134], [-92.26048330079001, 34.82427849285464], [-92.26066740267704, 34.825022729751446], [-92.26083572869831, 34.82576950252054], [-92.26098822716715, 34.826518583752545], [-92.26112485121271, 34.82726974532897], [-92.2612455587949, 34.82802275849167], [-92.26135031271754, 34.8287773939125], [-92.26143908064037, 34.82953342176296], [-92.26151183508935, 34.83029061178429], [-92.26156855346555, 34.83104873335765], [-92.26160921805263, 34.83180755557407], [-92.26163381602261, 34.83256684730496], [-92.2616423394406, 34.83332637727249], [-92.2616347852674, 34.83408591411993], [-92.26161115536132, 34.83484522648213], [-92.26157145647787, 34.83560408305612], [-92.2615157002684, 34.83636225267149], [-92.26144390327704, 34.83711950436072], [-92.2613560869362, 34.83787560742986], [-92.26125227756057, 34.83863033152839], [-92.26113250633965, 34.83938344671994], [-92.26099680932874, 34.840134723552], [-92.26084522743854, 34.84088393312593], [-92.26067780642317, 34.84163084716696], [-92.26049459686672, 34.84237523809353], [-92.26029565416836, 34.843116879086836], [-92.26008103852604, 34.843855544160036], [-92.25985081491852, 34.84459100822703], [-92.25960505308615, 34.84532304717129], [-92.25934382751004, 34.846051437914106], [-92.25906721738987, 34.846775958482716], [-92.25877530662025, 34.84749638807803], [-92.25846818376553, 34.848212507141994], [-92.25814594203334, 34.84892409742467], [-92.25780867924651, 34.84963094205077], [-92.25745649781382, 34.8503328255858], [-92.25708950469912, 34.85102953410209], [-92.25670781138912, 34.851720855243855], [-92.25631153385984, 34.85240657829209], [-92.25590079254161, 34.85308649422909], [-92.25547571228277, 34.85376039580207], [-92.25503642231189, 34.85442807758658], [-92.25458305619883, 34.855089336049275], [-92.25411575181425, 34.85574396961008], [-92.2536346512879, 34.856391778703674], [-92.25313990096569, 34.8570325658407], [-92.25263165136523, 34.85766613566787], [-92.25211005713032, 34.85829229502789], [-92.25157527698396, 34.85891085301826], [-92.25102747368028, 34.85952162104992], [-92.2504668139551, 34.86012441290465], [-92.24989346847528, 34.860719044792084], [-92.24930761178695, 34.861305335406016], [-92.24870942226238, 34.86188310597966], [-92.24809908204583, 34.862452180340505], [-92.24747677699806, 34.863012384963994], [-92.24684269663987, 34.86356354902676], [-92.24619703409442, 34.86410550445886], [-92.24553998602833, 34.86463808599515], [-92.24487175259188, 34.865161131225705], [-92.24419253735802, 34.86567448064591], [-92.2435025472603, 34.86617797770482], [-92.24280199252986, 34.86667146885336], [-92.24209108663123, 34.86715480359117], [-92.24137004619729, 34.867627834512746], [-92.24063909096314, 34.86809041735248], [-92.23989844369912, 34.86854241102895], [-92.2391483301427, 34.86898367768789], [-92.23838897892968, 34.869414082744676], [-92.2376206215243, 34.86983349492527], [-92.23684349214852, 34.87024178630659], [-92.23605782771052, 34.870638832355525], [-92.23526386773233, 34.87102451196725], [-92.23446185427649, 34.87139870750218], [-92.23365203187223, 34.871761304822016], [-92.23283464744057, 34.87211219332473], [-92.23200995021887, 34.87245126597844], [-92.23117819168462, 34.8727784193542], [-92.23033962547845, 34.8730935536576], [-92.22949450732659, 34.8733965727595], [-92.22864309496254, 34.87368738422527], [-92.22778564804831, 34.87396589934332], [-92.22692242809485, 34.87423203315211], [-92.22605369838203, 34.874485704466245], [-92.22517972387799, 34.874726835901356], [-92.22430077115807, 34.874955353897896], [-92.22341710832316, 34.87517118874344], [-92.22252900491758, 34.87537427459429], [-92.22163673184647, 34.87556454949555], [-92.22074056129293, 34.87574195540009], [-92.2198407666345, 34.87590643818636], [-92.21893762235952, 34.876057947675044], [-92.21803140398288, 34.87619643764429], [-92.2171223879618, 34.876321865844005], [-92.21621085161092, 34.876434194008816], [-92.21529707301748, 34.8765333878696], [-92.21438133095592, 34.876619417164235], [-92.21346390480255, 34.87669225564676], [-92.21254507444995, 34.87675188109544], [-92.21162512022109, 34.87679827531944], [-92.21070432278344, 34.876831424164735], [-92.20978296306298, 34.876851317518], [-92.208861322158, 34.8768579493102]]]}, "properties": {"layer": "Proposed 3-statute-mile planning radius", "authorized_coverage": false}}, {"type": "Feature", "geometry": {"type": "Point", "coordinates": [-92.208861322158, 34.833337827083945]}, "properties": {"layer": "SPD / BRINC dock site", "site_verified": true, "pin_source": "April 14 2026 site survey p3; installation at police HQ confirmed August 19 summary p2; as-built coordinates not independently surveyed"}}, {"type": "Feature", "geometry": {"type": "Polygon", "coordinates": [[[-92.21667625693702, 34.83333894887609], [-92.21667625693702, 34.84167228417151], [-92.2083429216417, 34.84167228417151], [-92.2083429216417, 34.83333894887609], [-92.21667625693702, 34.83333894887609]]]}, "properties": {"OBJECTID": 25487, "CEILING": 400, "UNIT": "Feet", "MAP_EFF": "10/1/2026", "LAST_EDIT": "12/4/2024", "LATITUDE": 34.83750562, "LONGITUDE": -92.21250959000001, "GLOBALID": "850d0f2f-7ba9-4169-9d8a-96bd8327cb5d", "ARPT_COUNT": 1, "APT1_FAAID": "LRF", "APT1_ICAO": "KLRF", "APT1_NAME": "Little Rock AFB", "APT1_LAANC": 1, "APT2_FAAID": "", "APT2_ICAO": "", "APT2_NAME": "", "APT2_LAANC": null, "APT3_FAAID": "", "APT3_ICAO": "", "APT3_NAME": "", "APT3_LAANC": null, "APT4_FAAID": "", "APT4_ICAO": "", "APT4_NAME": "", "APT4_LAANC": null, "APT5_FAAID": "", "APT5_ICAO": "", "APT5_NAME": "", "APT5_LAANC": null, "AIRS_COUNT": 1, "AIRSPACE_1": "D", "AIRSPACE_2": "", "AIRSPACE_3": "", "AIRSPACE_4": "", "AIRSPACE_5": "", "REGION": "Central", "APT1_Enabled": "107-AA,107-FC,44809-AA", "APT2_Enabled": "", "APT3_Enabled": "", "APT4_Enabled": "", "APT5_Enabled": "", "Shape__Length": null, "Shape__Area": null, "Shape__Area_2": 6.944447704881895e-05, "Shape__Length_2": 0.0333333411813328, "layer": "UASFM intersecting city"}}, {"type": "Feature", "geometry": {"type": "Polygon", "coordinates": [[[-92.2083429216417, 34.83333894887609], [-92.2083429216417, 34.84167228417151], [-92.2000095873464, 34.84167228417151], [-92.2000095873464, 34.833338948876076], [-92.2083429216417, 34.83333894887609]]]}, "properties": {"OBJECTID": 25488, "CEILING": 400, "UNIT": "Feet", "MAP_EFF": "10/1/2026", "LAST_EDIT": "12/4/2024", "LATITUDE": 34.83750562, "LONGITUDE": -92.20417625, "GLOBALID": "8fe03253-7213-4b17-8abb-3d05b1662c8c", "ARPT_COUNT": 1, "APT1_FAAID": "LRF", "APT1_ICAO": "KLRF", "APT1_NAME": "Little Rock AFB", "APT1_LAANC": 1, "APT2_FAAID": "", "APT2_ICAO": "", "APT2_NAME": "", "APT2_LAANC": null, "APT3_FAAID": "", "APT3_ICAO": "", "APT3_NAME": "", "APT3_LAANC": null, "APT4_FAAID": "", "APT4_ICAO": "", "APT4_NAME": "", "APT4_LAANC": null, "APT5_FAAID": "", "APT5_ICAO": "", "APT5_NAME": "", "APT5_LAANC": null, "AIRS_COUNT": 1, "AIRSPACE_1": "D", "AIRSPACE_2": "", "AIRSPACE_3": "", "AIRSPACE_4": "", "AIRSPACE_5": "", "REGION": "Central", "APT1_Enabled": "107-AA,107-FC,44809-AA", "APT2_Enabled": "", "APT3_Enabled": "", "APT4_Enabled": "", "APT5_Enabled": "", "Shape__Length": null, "Shape__Area": null, "Shape__Area_2": 6.944446886336664e-05, "Shape__Length_2": 0.03333333918135395, "layer": "UASFM intersecting city"}}, {"type": "Feature", "geometry": {"type": "Polygon", "coordinates": [[[-92.2000095873464, 34.833338948876076], [-92.2000095873464, 34.84167228417151], [-92.191676252051, 34.841672284171516], [-92.191676252051, 34.83333894887609], [-92.2000095873464, 34.833338948876076]]]}, "properties": {"OBJECTID": 25489, "CEILING": 400, "UNIT": "Feet", "MAP_EFF": "10/1/2026", "LAST_EDIT": "12/4/2024", "LATITUDE": 34.83750562, "LONGITUDE": -92.19584292, "GLOBALID": "d60d68d7-0fb3-4fec-8459-c6b09254363b", "ARPT_COUNT": 1, "APT1_FAAID": "LRF", "APT1_ICAO": "KLRF", "APT1_NAME": "Little Rock AFB", "APT1_LAANC": 1, "APT2_FAAID": "", "APT2_ICAO": "", "APT2_NAME": "", "APT2_LAANC": null, "APT3_FAAID": "", "APT3_ICAO": "", "APT3_NAME": "", "APT3_LAANC": null, "APT4_FAAID": "", "APT4_ICAO": "", "APT4_NAME": "", "APT4_LAANC": null, "APT5_FAAID": "", "APT5_ICAO": "", "APT5_NAME": "", "APT5_LAANC": null, "AIRS_COUNT": 1, "AIRSPACE_1": "D", "AIRSPACE_2": "", "AIRSPACE_3": "", "AIRSPACE_4": "", "AIRSPACE_5": "", "REGION": "Central", "APT1_Enabled": "107-AA,107-FC,44809-AA", "APT2_Enabled": "", "APT3_Enabled": "", "APT4_Enabled": "", "APT5_Enabled": "", "Shape__Length": null, "Shape__Area": null, "Shape__Area_2": 6.944447704881895e-05, "Shape__Length_2": 0.0333333411813328, "layer": "UASFM intersecting city"}}, {"type": "Feature", "geometry": {"type": "Polygon", "coordinates": [[[-92.191676252051, 34.83333894887609], [-92.191676252051, 34.841672284171516], [-92.1833429167556, 34.84167228417151], [-92.1833429167556, 34.83333894887609], [-92.191676252051, 34.83333894887609]]]}, "properties": {"OBJECTID": 25490, "CEILING": 400, "UNIT": "Feet", "MAP_EFF": "10/1/2026", "LAST_EDIT": "12/4/2024", "LATITUDE": 34.83750562, "LONGITUDE": -92.18750958, "GLOBALID": "f0ac3063-1ec0-4091-abaa-bfdf585c07d1", "ARPT_COUNT": 1, "APT1_FAAID": "LRF", "APT1_ICAO": "KLRF", "APT1_NAME": "Little Rock AFB", "APT1_LAANC": 1, "APT2_FAAID": "", "APT2_ICAO": "", "APT2_NAME": "", "APT2_LAANC": null, "APT3_FAAID": "", "APT3_ICAO": "", "APT3_NAME": "", "APT3_LAANC": null, "APT4_FAAID": "", "APT4_ICAO": "", "APT4_NAME": "", "APT4_LAANC": null, "APT5_FAAID": "", "APT5_ICAO": "", "APT5_NAME": "", "APT5_LAANC": null, "AIRS_COUNT": 1, "AIRSPACE_1": "D", "AIRSPACE_2": "", "AIRSPACE_3": "", "AIRSPACE_4": "", "AIRSPACE_5": "", "REGION": "Central", "APT1_Enabled": "107-AA,107-FC,44809-AA", "APT2_Enabled": "", "APT3_Enabled": "", "APT4_Enabled": "", "APT5_Enabled": "", "Shape__Length": null, "Shape__Area": null, "Shape__Area_2": 6.94444775035663e-05, "Shape__Length_2": 0.033333341181446485, "layer": "UASFM intersecting city"}}, {"type": "Feature", "geometry": {"type": "Polygon", "coordinates": [[[-92.2333429265277, 34.850005619466785], [-92.2333429265277, 34.858338953762086], [-92.2250095922324, 34.858338953762086], [-92.2250095922324, 34.850005619466785], [-92.2333429265277, 34.850005619466785]]]}, "properties": {"OBJECTID": 25491, "CEILING": 400, "UNIT": "Feet", "MAP_EFF": "10/1/2026", "LAST_EDIT": "12/4/2024", "LATITUDE": 34.85417229, "LONGITUDE": -92.22917626, "GLOBALID": "5391429c-803a-4702-b10f-8cbe72dea995", "ARPT_COUNT": 1, "APT1_FAAID": "LRF", "APT1_ICAO": "KLRF", "APT1_NAME": "Little Rock AFB", "APT1_LAANC": 1, "APT2_FAAID": "", "APT2_ICAO": "", "APT2_NAME": "", "APT2_LAANC": null, "APT3_FAAID": "", "APT3_ICAO": "", "APT3_NAME": "", "APT3_LAANC": null, "APT4_FAAID": "", "APT4_ICAO": "", "APT4_NAME": "", "APT4_LAANC": null, "APT5_FAAID": "", "APT5_ICAO": "", "APT5_NAME": "", "APT5_LAANC": null, "AIRS_COUNT": 1, "AIRSPACE_1": "D", "AIRSPACE_2": "", "AIRSPACE_3": "", "AIRSPACE_4": "", "AIRSPACE_5": "", "REGION": "Central", "APT1_Enabled": "107-AA,107-FC,44809-AA", "APT2_Enabled": "", "APT3_Enabled": "", "APT4_Enabled": "", "APT5_Enabled": "", "Shape__Length": null, "Shape__Area": null, "Shape__Area_2": 6.944446067791432e-05, "Shape__Length_2": 0.0333333371813751, "layer": "UASFM intersecting city"}}, {"type": "Feature", "geometry": {"type": "Polygon", "coordinates": [[[-92.2250095922324, 34.850005619466785], [-92.2250095922324, 34.858338953762086], [-92.21667625693702, 34.858338953762086], [-92.21667625693702, 34.850005619466785], [-92.2250095922324, 34.850005619466785]]]}, "properties": {"OBJECTID": 25492, "CEILING": 400, "UNIT": "Feet", "MAP_EFF": "10/1/2026", "LAST_EDIT": "12/4/2024", "LATITUDE": 34.85417229, "LONGITUDE": -92.22084292, "GLOBALID": "e5a27e48-9db5-45ba-a8f1-8d01f5326f41", "ARPT_COUNT": 1, "APT1_FAAID": "LRF", "APT1_ICAO": "KLRF", "APT1_NAME": "Little Rock AFB", "APT1_LAANC": 1, "APT2_FAAID": "", "APT2_ICAO": "", "APT2_NAME": "", "APT2_LAANC": null, "APT3_FAAID": "", "APT3_ICAO": "", "APT3_NAME": "", "APT3_LAANC": null, "APT4_FAAID": "", "APT4_ICAO": "", "APT4_NAME": "", "APT4_LAANC": null, "APT5_FAAID": "", "APT5_ICAO": "", "APT5_NAME": "", "APT5_LAANC": null, "AIRS_COUNT": 1, "AIRSPACE_1": "D", "AIRSPACE_2": "", "AIRSPACE_3": "", "AIRSPACE_4": "", "AIRSPACE_5": "", "REGION": "Central", "APT1_Enabled": "107-AA,107-FC,44809-AA", "APT2_Enabled": "", "APT3_Enabled": "", "APT4_Enabled": "", "APT5_Enabled": "", "Shape__Length": null, "Shape__Area": null, "Shape__Area_2": 6.944446840861929e-05, "Shape__Length_2": 0.03333333918135395, "layer": "UASFM intersecting city"}}, {"type": "Feature", "geometry": {"type": "Polygon", "coordinates": [[[-92.2083429216417, 34.850005619466785], [-92.2083429216417, 34.858338953762086], [-92.2000095873464, 34.858338953762086], [-92.2000095873464, 34.850005619466785], [-92.2083429216417, 34.850005619466785]]]}, "properties": {"OBJECTID": 25493, "CEILING": 400, "UNIT": "Feet", "MAP_EFF": "10/1/2026", "LAST_EDIT": "12/4/2024", "LATITUDE": 34.85417229, "LONGITUDE": -92.20417625, "GLOBALID": "42c487d6-5ffd-4e88-803f-2bc3c112fd3e", "ARPT_COUNT": 1, "APT1_FAAID": "LRF", "APT1_ICAO": "KLRF", "APT1_NAME": "Little Rock AFB", "APT1_LAANC": 1, "APT2_FAAID": "", "APT2_ICAO": "", "APT2_NAME": "", "APT2_LAANC": null, "APT3_FAAID": "", "APT3_ICAO": "", "APT3_NAME": "", "APT3_LAANC": null, "APT4_FAAID": "", "APT4_ICAO": "", "APT4_NAME": "", "APT4_LAANC": null, "APT5_FAAID": "", "APT5_ICAO": "", "APT5_NAME": "", "APT5_LAANC": null, "AIRS_COUNT": 1, "AIRSPACE_1": "D", "AIRSPACE_2": "", "AIRSPACE_3": "", "AIRSPACE_4": "", "AIRSPACE_5": "", "REGION": "Central", "APT1_Enabled": "107-AA,107-FC,44809-AA", "APT2_Enabled": "", "APT3_Enabled": "", "APT4_Enabled": "", "APT5_Enabled": "", "Shape__Length": null, "Shape__Area": null, "Shape__Area_2": 6.944446022316697e-05, "Shape__Length_2": 0.0333333371813751, "layer": "UASFM intersecting city"}}, {"type": "Feature", "geometry": {"type": "Polygon", "coordinates": [[[-92.191676252051, 34.850005619466785], [-92.191676252051, 34.858338953762086], [-92.1833429167556, 34.858338953762086], [-92.1833429167556, 34.85000561946677], [-92.191676252051, 34.850005619466785]]]}, "properties": {"OBJECTID": 25495, "CEILING": 400, "UNIT": "Feet", "MAP_EFF": "10/1/2026", "LAST_EDIT": "12/4/2024", "LATITUDE": 34.85417229, "LONGITUDE": -92.18750958, "GLOBALID": "beb02360-ed80-4c83-8816-60876cb0752d", "ARPT_COUNT": 1, "APT1_FAAID": "LRF", "APT1_ICAO": "KLRF", "APT1_NAME": "Little Rock AFB", "APT1_LAANC": 1, "APT2_FAAID": "", "APT2_ICAO": "", "APT2_NAME": "", "APT2_LAANC": null, "APT3_FAAID": "", "APT3_ICAO": "", "APT3_NAME": "", "APT3_LAANC": null, "APT4_FAAID": "", "APT4_ICAO": "", "APT4_NAME": "", "APT4_LAANC": null, "APT5_FAAID": "", "APT5_ICAO": "", "APT5_NAME": "", "APT5_LAANC": null, "AIRS_COUNT": 1, "AIRSPACE_1": "D", "AIRSPACE_2": "", "AIRSPACE_3": "", "AIRSPACE_4": "", "AIRSPACE_5": "", "REGION": "Central", "APT1_Enabled": "107-AA,107-FC,44809-AA", "APT2_Enabled": "", "APT3_Enabled": "", "APT4_Enabled": "", "APT5_Enabled": "", "Shape__Length": null, "Shape__Area": null, "Shape__Area_2": 6.944446840861929e-05, "Shape__Length_2": 0.033333339181467636, "layer": "UASFM intersecting city"}}, {"type": "Feature", "geometry": {"type": "Polygon", "coordinates": [[[-92.1750095824603, 34.850005619466785], [-92.1750095824603, 34.858338953762086], [-92.166676247165, 34.858338953762086], [-92.166676247165, 34.850005619466785], [-92.1750095824603, 34.850005619466785]]]}, "properties": {"OBJECTID": 25496, "CEILING": 400, "UNIT": "Feet", "MAP_EFF": "10/1/2026", "LAST_EDIT": "12/4/2024", "LATITUDE": 34.85417229, "LONGITUDE": -92.17084291, "GLOBALID": "58469ff7-7764-4b3b-b80f-835b15436303", "ARPT_COUNT": 1, "APT1_FAAID": "LRF", "APT1_ICAO": "KLRF", "APT1_NAME": "Little Rock AFB", "APT1_LAANC": 1, "APT2_FAAID": "", "APT2_ICAO": "", "APT2_NAME": "", "APT2_LAANC": null, "APT3_FAAID": "", "APT3_ICAO": "", "APT3_NAME": "", "APT3_LAANC": null, "APT4_FAAID": "", "APT4_ICAO": "", "APT4_NAME": "", "APT4_LAANC": null, "APT5_FAAID": "", "APT5_ICAO": "", "APT5_NAME": "", "APT5_LAANC": null, "AIRS_COUNT": 1, "AIRSPACE_1": "D", "AIRSPACE_2": "", "AIRSPACE_3": "", "AIRSPACE_4": "", "AIRSPACE_5": "", "REGION": "Central", "APT1_Enabled": "107-AA,107-FC,44809-AA", "APT2_Enabled": "", "APT3_Enabled": "", "APT4_Enabled": "", "APT5_Enabled": "", "Shape__Length": null, "Shape__Area": null, "Shape__Area_2": 6.944446886336664e-05, "Shape__Length_2": 0.03333333918135395, "layer": "UASFM intersecting city"}}, {"type": "Feature", "geometry": {"type": "Polygon", "coordinates": [[[-92.2333429265277, 34.858338953762086], [-92.2333429265277, 34.86667228905746], [-92.2250095922324, 34.86667228905748], [-92.2250095922324, 34.858338953762086], [-92.2333429265277, 34.858338953762086]]]}, "properties": {"OBJECTID": 25558, "CEILING": 400, "UNIT": "Feet", "MAP_EFF": "10/1/2026", "LAST_EDIT": "12/4/2024", "LATITUDE": 34.86250562, "LONGITUDE": -92.22917626, "GLOBALID": "7a0d78d7-2368-42f4-ba39-f5759c320a85", "ARPT_COUNT": 1, "APT1_FAAID": "LRF", "APT1_ICAO": "KLRF", "APT1_NAME": "Little Rock AFB", "APT1_LAANC": 1, "APT2_FAAID": "", "APT2_ICAO": "", "APT2_NAME": "", "APT2_LAANC": null, "APT3_FAAID": "", "APT3_ICAO": "", "APT3_NAME": "", "APT3_LAANC": null, "APT4_FAAID": "", "APT4_ICAO": "", "APT4_NAME": "", "APT4_LAANC": null, "APT5_FAAID": "", "APT5_ICAO": "", "APT5_NAME": "", "APT5_LAANC": null, "AIRS_COUNT": 1, "AIRSPACE_1": "D", "AIRSPACE_2": "", "AIRSPACE_3": "", "AIRSPACE_4": "", "AIRSPACE_5": "", "REGION": "Central", "APT1_Enabled": "107-AA,107-FC,44809-AA", "APT2_Enabled": "", "APT3_Enabled": "", "APT4_Enabled": "", "APT5_Enabled": "", "Shape__Length": null, "Shape__Area": null, "Shape__Area_2": 6.944446886336664e-05, "Shape__Length_2": 0.03333333918135395, "layer": "UASFM intersecting city"}}, {"type": "Feature", "geometry": {"type": "Polygon", "coordinates": [[[-92.2250095922324, 34.858338953762086], [-92.2250095922324, 34.86667228905748], [-92.21667625693702, 34.86667228905748], [-92.21667625693702, 34.858338953762086], [-92.2250095922324, 34.858338953762086]]]}, "properties": {"OBJECTID": 25559, "CEILING": 400, "UNIT": "Feet", "MAP_EFF": "10/1/2026", "LAST_EDIT": "12/4/2024", "LATITUDE": 34.86250562, "LONGITUDE": -92.22084292, "GLOBALID": "61a77afe-6638-4552-a24d-41394e5021a8", "ARPT_COUNT": 1, "APT1_FAAID": "LRF", "APT1_ICAO": "KLRF", "APT1_NAME": "Little Rock AFB", "APT1_LAANC": 1, "APT2_FAAID": "", "APT2_ICAO": "", "APT2_NAME": "", "APT2_LAANC": null, "APT3_FAAID": "", "APT3_ICAO": "", "APT3_NAME": "", "APT3_LAANC": null, "APT4_FAAID": "", "APT4_ICAO": "", "APT4_NAME": "", "APT4_LAANC": null, "APT5_FAAID": "", "APT5_ICAO": "", "APT5_NAME": "", "APT5_LAANC": null, "AIRS_COUNT": 1, "AIRSPACE_1": "D", "AIRSPACE_2": "", "AIRSPACE_3": "", "AIRSPACE_4": "", "AIRSPACE_5": "", "REGION": "Central", "APT1_Enabled": "107-AA,107-FC,44809-AA", "APT2_Enabled": "", "APT3_Enabled": "", "APT4_Enabled": "", "APT5_Enabled": "", "Shape__Length": null, "Shape__Area": null, "Shape__Area_2": 6.94444775035663e-05, "Shape__Length_2": 0.0333333411813328, "layer": "UASFM intersecting city"}}, {"type": "Feature", "geometry": {"type": "Polygon", "coordinates": [[[-92.21667625693702, 34.858338953762086], [-92.21667625693702, 34.86667228905748], [-92.2083429216417, 34.866672289057504], [-92.2083429216417, 34.858338953762086], [-92.21667625693702, 34.858338953762086]]]}, "properties": {"OBJECTID": 25560, "CEILING": 400, "UNIT": "Feet", "MAP_EFF": "10/1/2026", "LAST_EDIT": "12/4/2024", "LATITUDE": 34.86250562, "LONGITUDE": -92.21250959000001, "GLOBALID": "5ac3dfad-6aa0-47b9-a7c6-a94ef94a78c4", "ARPT_COUNT": 1, "APT1_FAAID": "LRF", "APT1_ICAO": "KLRF", "APT1_NAME": "Little Rock AFB", "APT1_LAANC": 1, "APT2_FAAID": "", "APT2_ICAO": "", "APT2_NAME": "", "APT2_LAANC": null, "APT3_FAAID": "", "APT3_ICAO": "", "APT3_NAME": "", "APT3_LAANC": null, "APT4_FAAID": "", "APT4_ICAO": "", "APT4_NAME": "", "APT4_LAANC": null, "APT5_FAAID": "", "APT5_ICAO": "", "APT5_NAME": "", "APT5_LAANC": null, "AIRS_COUNT": 1, "AIRSPACE_1": "D", "AIRSPACE_2": "", "AIRSPACE_3": "", "AIRSPACE_4": "", "AIRSPACE_5": "", "REGION": "Central", "APT1_Enabled": "107-AA,107-FC,44809-AA", "APT2_Enabled": "", "APT3_Enabled": "", "APT4_Enabled": "", "APT5_Enabled": "", "Shape__Length": null, "Shape__Area": null, "Shape__Area_2": 6.944447704881895e-05, "Shape__Length_2": 0.0333333411813328, "layer": "UASFM intersecting city"}}, {"type": "Feature", "geometry": {"type": "Polygon", "coordinates": [[[-92.2083429216417, 34.858338953762086], [-92.2083429216417, 34.866672289057504], [-92.2000095873464, 34.86667228905748], [-92.2000095873464, 34.858338953762086], [-92.2083429216417, 34.858338953762086]]]}, "properties": {"OBJECTID": 25561, "CEILING": 400, "UNIT": "Feet", "MAP_EFF": "10/1/2026", "LAST_EDIT": "12/4/2024", "LATITUDE": 34.86250562, "LONGITUDE": -92.20417625, "GLOBALID": "4179366f-4913-4ffe-a976-991151b764af", "ARPT_COUNT": 1, "APT1_FAAID": "LRF", "APT1_ICAO": "KLRF", "APT1_NAME": "Little Rock AFB", "APT1_LAANC": 1, "APT2_FAAID": "", "APT2_ICAO": "", "APT2_NAME": "", "APT2_LAANC": null, "APT3_FAAID": "", "APT3_ICAO": "", "APT3_NAME": "", "APT3_LAANC": null, "APT4_FAAID": "", "APT4_ICAO": "", "APT4_NAME": "", "APT4_LAANC": null, "APT5_FAAID": "", "APT5_ICAO": "", "APT5_NAME": "", "APT5_LAANC": null, "AIRS_COUNT": 1, "AIRSPACE_1": "D", "AIRSPACE_2": "", "AIRSPACE_3": "", "AIRSPACE_4": "", "AIRSPACE_5": "", "REGION": "Central", "APT1_Enabled": "107-AA,107-FC,44809-AA", "APT2_Enabled": "", "APT3_Enabled": "", "APT4_Enabled": "", "APT5_Enabled": "", "Shape__Length": null, "Shape__Area": null, "Shape__Area_2": 6.944446886336664e-05, "Shape__Length_2": 0.03333333918135395, "layer": "UASFM intersecting city"}}, {"type": "Feature", "geometry": {"type": "Polygon", "coordinates": [[[-92.2000095873464, 34.858338953762086], [-92.2000095873464, 34.86667228905748], [-92.191676252051, 34.86667228905748], [-92.191676252051, 34.858338953762086], [-92.2000095873464, 34.858338953762086]]]}, "properties": {"OBJECTID": 25562, "CEILING": 400, "UNIT": "Feet", "MAP_EFF": "10/1/2026", "LAST_EDIT": "12/4/2024", "LATITUDE": 34.86250562, "LONGITUDE": -92.19584292, "GLOBALID": "9980332e-b538-4887-ad35-3410ee9886dd", "ARPT_COUNT": 1, "APT1_FAAID": "LRF", "APT1_ICAO": "KLRF", "APT1_NAME": "Little Rock AFB", "APT1_LAANC": 1, "APT2_FAAID": "", "APT2_ICAO": "", "APT2_NAME": "", "APT2_LAANC": null, "APT3_FAAID": "", "APT3_ICAO": "", "APT3_NAME": "", "APT3_LAANC": null, "APT4_FAAID": "", "APT4_ICAO": "", "APT4_NAME": "", "APT4_LAANC": null, "APT5_FAAID": "", "APT5_ICAO": "", "APT5_NAME": "", "APT5_LAANC": null, "AIRS_COUNT": 1, "AIRSPACE_1": "D", "AIRSPACE_2": "", "AIRSPACE_3": "", "AIRSPACE_4": "", "AIRSPACE_5": "", "REGION": "Central", "APT1_Enabled": "107-AA,107-FC,44809-AA", "APT2_Enabled": "", "APT3_Enabled": "", "APT4_Enabled": "", "APT5_Enabled": "", "Shape__Length": null, "Shape__Area": null, "Shape__Area_2": 6.944447704881895e-05, "Shape__Length_2": 0.0333333411813328, "layer": "UASFM intersecting city"}}, {"type": "Feature", "geometry": {"type": "Polygon", "coordinates": [[[-92.191676252051, 34.858338953762086], [-92.191676252051, 34.86667228905748], [-92.1833429167556, 34.86667228905748], [-92.1833429167556, 34.858338953762086], [-92.191676252051, 34.858338953762086]]]}, "properties": {"OBJECTID": 25563, "CEILING": 400, "UNIT": "Feet", "MAP_EFF": "10/1/2026", "LAST_EDIT": "12/4/2024", "LATITUDE": 34.86250562, "LONGITUDE": -92.18750958, "GLOBALID": "74e8720b-8e8d-41f1-946a-2742ab1988e8", "ARPT_COUNT": 1, "APT1_FAAID": "LRF", "APT1_ICAO": "KLRF", "APT1_NAME": "Little Rock AFB", "APT1_LAANC": 1, "APT2_FAAID": "", "APT2_ICAO": "", "APT2_NAME": "", "APT2_LAANC": null, "APT3_FAAID": "", "APT3_ICAO": "", "APT3_NAME": "", "APT3_LAANC": null, "APT4_FAAID": "", "APT4_ICAO": "", "APT4_NAME": "", "APT4_LAANC": null, "APT5_FAAID": "", "APT5_ICAO": "", "APT5_NAME": "", "APT5_LAANC": null, "AIRS_COUNT": 1, "AIRSPACE_1": "D", "AIRSPACE_2": "", "AIRSPACE_3": "", "AIRSPACE_4": "", "AIRSPACE_5": "", "REGION": "Central", "APT1_Enabled": "107-AA,107-FC,44809-AA", "APT2_Enabled": "", "APT3_Enabled": "", "APT4_Enabled": "", "APT5_Enabled": "", "Shape__Length": null, "Shape__Area": null, "Shape__Area_2": 6.94444775035663e-05, "Shape__Length_2": 0.033333341181446485, "layer": "UASFM intersecting city"}}, {"type": "Feature", "geometry": {"type": "Polygon", "coordinates": [[[-92.1833429167556, 34.858338953762086], [-92.1833429167556, 34.86667228905748], [-92.1750095824603, 34.86667228905748], [-92.1750095824603, 34.858338953762086], [-92.1833429167556, 34.858338953762086]]]}, "properties": {"OBJECTID": 25564, "CEILING": 400, "UNIT": "Feet", "MAP_EFF": "10/1/2026", "LAST_EDIT": "12/4/2024", "LATITUDE": 34.86250562, "LONGITUDE": -92.17917625000001, "GLOBALID": "a48bd2f5-ff02-4b70-a92f-c347ddbd29bc", "ARPT_COUNT": 1, "APT1_FAAID": "LRF", "APT1_ICAO": "KLRF", "APT1_NAME": "Little Rock AFB", "APT1_LAANC": 1, "APT2_FAAID": "", "APT2_ICAO": "", "APT2_NAME": "", "APT2_LAANC": null, "APT3_FAAID": "", "APT3_ICAO": "", "APT3_NAME": "", "APT3_LAANC": null, "APT4_FAAID": "", "APT4_ICAO": "", "APT4_NAME": "", "APT4_LAANC": null, "APT5_FAAID": "", "APT5_ICAO": "", "APT5_NAME": "", "APT5_LAANC": null, "AIRS_COUNT": 1, "AIRSPACE_1": "D", "AIRSPACE_2": "", "AIRSPACE_3": "", "AIRSPACE_4": "", "AIRSPACE_5": "", "REGION": "Central", "APT1_Enabled": "107-AA,107-FC,44809-AA", "APT2_Enabled": "", "APT3_Enabled": "", "APT4_Enabled": "", "APT5_Enabled": "", "Shape__Length": null, "Shape__Area": null, "Shape__Area_2": 6.944446840861929e-05, "Shape__Length_2": 0.03333333918135395, "layer": "UASFM intersecting city"}}, {"type": "Feature", "geometry": {"type": "Polygon", "coordinates": [[[-92.2000095873464, 34.825005613580686], [-92.2000095873464, 34.833338948876076], [-92.191676252051, 34.83333894887609], [-92.191676252051, 34.825005613580686], [-92.2000095873464, 34.825005613580686]]]}, "properties": {"OBJECTID": 25704, "CEILING": 400, "UNIT": "Feet", "MAP_EFF": "10/1/2026", "LAST_EDIT": "12/4/2024", "LATITUDE": 34.829172279999995, "LONGITUDE": -92.19584292, "GLOBALID": "779d28ac-c1c4-42a5-b947-e13bfddef516", "ARPT_COUNT": 1, "APT1_FAAID": "LRF", "APT1_ICAO": "KLRF", "APT1_NAME": "Little Rock AFB", "APT1_LAANC": 1, "APT2_FAAID": "", "APT2_ICAO": "", "APT2_NAME": "", "APT2_LAANC": null, "APT3_FAAID": "", "APT3_ICAO": "", "APT3_NAME": "", "APT3_LAANC": null, "APT4_FAAID": "", "APT4_ICAO": "", "APT4_NAME": "", "APT4_LAANC": null, "APT5_FAAID": "", "APT5_ICAO": "", "APT5_NAME": "", "APT5_LAANC": null, "AIRS_COUNT": 1, "AIRSPACE_1": "D", "AIRSPACE_2": "", "AIRSPACE_3": "", "AIRSPACE_4": "", "AIRSPACE_5": "", "REGION": "Central", "APT1_Enabled": "107-AA,107-FC,44809-AA", "APT2_Enabled": "", "APT3_Enabled": "", "APT4_Enabled": "", "APT5_Enabled": "", "Shape__Length": null, "Shape__Area": null, "Shape__Area_2": 6.94444775035663e-05, "Shape__Length_2": 0.033333341181446485, "layer": "UASFM intersecting city"}}, {"type": "Feature", "geometry": {"type": "Polygon", "coordinates": [[[-92.1833429167556, 34.825005613580686], [-92.1833429167556, 34.83333894887609], [-92.1750095824603, 34.83333894887609], [-92.1750095824603, 34.825005613580686], [-92.1833429167556, 34.825005613580686]]]}, "properties": {"OBJECTID": 25707, "CEILING": 400, "UNIT": "Feet", "MAP_EFF": "10/1/2026", "LAST_EDIT": "12/4/2024", "LATITUDE": 34.829172279999995, "LONGITUDE": -92.17917625000001, "GLOBALID": "203e4826-2511-48ef-97ea-872d494d8f56", "ARPT_COUNT": 1, "APT1_FAAID": "LRF", "APT1_ICAO": "KLRF", "APT1_NAME": "Little Rock AFB", "APT1_LAANC": 1, "APT2_FAAID": "", "APT2_ICAO": "", "APT2_NAME": "", "APT2_LAANC": null, "APT3_FAAID": "", "APT3_ICAO": "", "APT3_NAME": "", "APT3_LAANC": null, "APT4_FAAID": "", "APT4_ICAO": "", "APT4_NAME": "", "APT4_LAANC": null, "APT5_FAAID": "", "APT5_ICAO": "", "APT5_NAME": "", "APT5_LAANC": null, "AIRS_COUNT": 1, "AIRSPACE_1": "D", "AIRSPACE_2": "", "AIRSPACE_3": "", "AIRSPACE_4": "", "AIRSPACE_5": "", "REGION": "Central", "APT1_Enabled": "107-AA,107-FC,44809-AA", "APT2_Enabled": "", "APT3_Enabled": "", "APT4_Enabled": "", "APT5_Enabled": "", "Shape__Length": null, "Shape__Area": null, "Shape__Area_2": 6.944446931811399e-05, "Shape__Length_2": 0.033333339181467636, "layer": "UASFM intersecting city"}}, {"type": "Feature", "geometry": {"type": "Polygon", "coordinates": [[[-92.1833429167556, 34.83333894887609], [-92.1833429167556, 34.84167228417151], [-92.1750095824603, 34.84167228417151], [-92.1750095824603, 34.83333894887609], [-92.1833429167556, 34.83333894887609]]]}, "properties": {"OBJECTID": 25773, "CEILING": 400, "UNIT": "Feet", "MAP_EFF": "10/1/2026", "LAST_EDIT": "12/4/2024", "LATITUDE": 34.83750562, "LONGITUDE": -92.17917625000001, "GLOBALID": "2d9f8d68-a8d2-43fa-a9aa-1f3cc57ad934", "ARPT_COUNT": 1, "APT1_FAAID": "LRF", "APT1_ICAO": "KLRF", "APT1_NAME": "Little Rock AFB", "APT1_LAANC": 1, "APT2_FAAID": "", "APT2_ICAO": "", "APT2_NAME": "", "APT2_LAANC": null, "APT3_FAAID": "", "APT3_ICAO": "", "APT3_NAME": "", "APT3_LAANC": null, "APT4_FAAID": "", "APT4_ICAO": "", "APT4_NAME": "", "APT4_LAANC": null, "APT5_FAAID": "", "APT5_ICAO": "", "APT5_NAME": "", "APT5_LAANC": null, "AIRS_COUNT": 1, "AIRSPACE_1": "D", "AIRSPACE_2": "", "AIRSPACE_3": "", "AIRSPACE_4": "", "AIRSPACE_5": "", "REGION": "Central", "APT1_Enabled": "107-AA,107-FC,44809-AA", "APT2_Enabled": "", "APT3_Enabled": "", "APT4_Enabled": "", "APT5_Enabled": "", "Shape__Length": null, "Shape__Area": null, "Shape__Area_2": 6.944446840861929e-05, "Shape__Length_2": 0.03333333918135395, "layer": "UASFM intersecting city"}}, {"type": "Feature", "geometry": {"type": "Polygon", "coordinates": [[[-92.1750095824603, 34.83333894887609], [-92.1750095824603, 34.84167228417151], [-92.166676247165, 34.84167228417151], [-92.166676247165, 34.83333894887609], [-92.1750095824603, 34.83333894887609]]]}, "properties": {"OBJECTID": 25774, "CEILING": 400, "UNIT": "Feet", "MAP_EFF": "10/1/2026", "LAST_EDIT": "12/4/2024", "LATITUDE": 34.83750562, "LONGITUDE": -92.17084291, "GLOBALID": "804515fc-eb8f-40ac-bd82-e5523590dba6", "ARPT_COUNT": 1, "APT1_FAAID": "LRF", "APT1_ICAO": "KLRF", "APT1_NAME": "Little Rock AFB", "APT1_LAANC": 1, "APT2_FAAID": "", "APT2_ICAO": "", "APT2_NAME": "", "APT2_LAANC": null, "APT3_FAAID": "", "APT3_ICAO": "", "APT3_NAME": "", "APT3_LAANC": null, "APT4_FAAID": "", "APT4_ICAO": "", "APT4_NAME": "", "APT4_LAANC": null, "APT5_FAAID": "", "APT5_ICAO": "", "APT5_NAME": "", "APT5_LAANC": null, "AIRS_COUNT": 1, "AIRSPACE_1": "D", "AIRSPACE_2": "", "AIRSPACE_3": "", "AIRSPACE_4": "", "AIRSPACE_5": "", "REGION": "Central", "APT1_Enabled": "107-AA,107-FC,44809-AA", "APT2_Enabled": "", "APT3_Enabled": "", "APT4_Enabled": "", "APT5_Enabled": "", "Shape__Length": null, "Shape__Area": null, "Shape__Area_2": 6.944447704881895e-05, "Shape__Length_2": 0.0333333411813328, "layer": "UASFM intersecting city"}}, {"type": "Feature", "geometry": {"type": "Polygon", "coordinates": [[[-92.2083429216417, 34.84167228417151], [-92.2083429216417, 34.850005619466785], [-92.2000095873464, 34.850005619466785], [-92.2000095873464, 34.84167228417151], [-92.2083429216417, 34.84167228417151]]]}, "properties": {"OBJECTID": 25856, "CEILING": 400, "UNIT": "Feet", "MAP_EFF": "10/1/2026", "LAST_EDIT": "12/4/2024", "LATITUDE": 34.845838949999994, "LONGITUDE": -92.20417625, "GLOBALID": "fa03896b-b111-4905-a8e6-68f79daad750", "ARPT_COUNT": 1, "APT1_FAAID": "LRF", "APT1_ICAO": "KLRF", "APT1_NAME": "Little Rock AFB", "APT1_LAANC": 1, "APT2_FAAID": "", "APT2_ICAO": "", "APT2_NAME": "", "APT2_LAANC": null, "APT3_FAAID": "", "APT3_ICAO": "", "APT3_NAME": "", "APT3_LAANC": null, "APT4_FAAID": "", "APT4_ICAO": "", "APT4_NAME": "", "APT4_LAANC": null, "APT5_FAAID": "", "APT5_ICAO": "", "APT5_NAME": "", "APT5_LAANC": null, "AIRS_COUNT": 1, "AIRSPACE_1": "D", "AIRSPACE_2": "", "AIRSPACE_3": "", "AIRSPACE_4": "", "AIRSPACE_5": "", "REGION": "Central", "APT1_Enabled": "107-AA,107-FC,44809-AA", "APT2_Enabled": "", "APT3_Enabled": "", "APT4_Enabled": "", "APT5_Enabled": "", "Shape__Length": null, "Shape__Area": null, "Shape__Area_2": 6.944446886336664e-05, "Shape__Length_2": 0.03333333918135395, "layer": "UASFM intersecting city"}}, {"type": "Feature", "geometry": {"type": "Polygon", "coordinates": [[[-92.2000095873464, 34.84167228417151], [-92.2000095873464, 34.850005619466785], [-92.191676252051, 34.850005619466785], [-92.191676252051, 34.841672284171516], [-92.2000095873464, 34.84167228417151]]]}, "properties": {"OBJECTID": 25857, "CEILING": 400, "UNIT": "Feet", "MAP_EFF": "10/1/2026", "LAST_EDIT": "12/4/2024", "LATITUDE": 34.845838949999994, "LONGITUDE": -92.19584292, "GLOBALID": "d9208ba4-58f8-4cf8-b51f-785ee77a81df", "ARPT_COUNT": 1, "APT1_FAAID": "LRF", "APT1_ICAO": "KLRF", "APT1_NAME": "Little Rock AFB", "APT1_LAANC": 1, "APT2_FAAID": "", "APT2_ICAO": "", "APT2_NAME": "", "APT2_LAANC": null, "APT3_FAAID": "", "APT3_ICAO": "", "APT3_NAME": "", "APT3_LAANC": null, "APT4_FAAID": "", "APT4_ICAO": "", "APT4_NAME": "", "APT4_LAANC": null, "APT5_FAAID": "", "APT5_ICAO": "", "APT5_NAME": "", "APT5_LAANC": null, "AIRS_COUNT": 1, "AIRSPACE_1": "D", "AIRSPACE_2": "", "AIRSPACE_3": "", "AIRSPACE_4": "", "AIRSPACE_5": "", "REGION": "Central", "APT1_Enabled": "107-AA,107-FC,44809-AA", "APT2_Enabled": "", "APT3_Enabled": "", "APT4_Enabled": "", "APT5_Enabled": "", "Shape__Length": null, "Shape__Area": null, "Shape__Area_2": 6.944447704881895e-05, "Shape__Length_2": 0.0333333411813328, "layer": "UASFM intersecting city"}}, {"type": "Feature", "geometry": {"type": "Polygon", "coordinates": [[[-92.191676252051, 34.841672284171516], [-92.191676252051, 34.850005619466785], [-92.1833429167556, 34.85000561946677], [-92.1833429167556, 34.84167228417151], [-92.191676252051, 34.841672284171516]]]}, "properties": {"OBJECTID": 25858, "CEILING": 400, "UNIT": "Feet", "MAP_EFF": "10/1/2026", "LAST_EDIT": "12/4/2024", "LATITUDE": 34.845838949999994, "LONGITUDE": -92.18750958, "GLOBALID": "8e08b769-6f72-4f39-a2c8-52d4a2e36cc8", "ARPT_COUNT": 1, "APT1_FAAID": "LRF", "APT1_ICAO": "KLRF", "APT1_NAME": "Little Rock AFB", "APT1_LAANC": 1, "APT2_FAAID": "", "APT2_ICAO": "", "APT2_NAME": "", "APT2_LAANC": null, "APT3_FAAID": "", "APT3_ICAO": "", "APT3_NAME": "", "APT3_LAANC": null, "APT4_FAAID": "", "APT4_ICAO": "", "APT4_NAME": "", "APT4_LAANC": null, "APT5_FAAID": "", "APT5_ICAO": "", "APT5_NAME": "", "APT5_LAANC": null, "AIRS_COUNT": 1, "AIRSPACE_1": "D", "AIRSPACE_2": "", "AIRSPACE_3": "", "AIRSPACE_4": "", "AIRSPACE_5": "", "REGION": "Central", "APT1_Enabled": "107-AA,107-FC,44809-AA", "APT2_Enabled": "", "APT3_Enabled": "", "APT4_Enabled": "", "APT5_Enabled": "", "Shape__Length": null, "Shape__Area": null, "Shape__Area_2": 6.944447704881895e-05, "Shape__Length_2": 0.033333341181446485, "layer": "UASFM intersecting city"}}, {"type": "Feature", "geometry": {"type": "Polygon", "coordinates": [[[-92.1833429167556, 34.84167228417151], [-92.1833429167556, 34.85000561946677], [-92.1750095824603, 34.850005619466785], [-92.1750095824603, 34.84167228417151], [-92.1833429167556, 34.84167228417151]]]}, "properties": {"OBJECTID": 25859, "CEILING": 400, "UNIT": "Feet", "MAP_EFF": "10/1/2026", "LAST_EDIT": "12/4/2024", "LATITUDE": 34.845838949999994, "LONGITUDE": -92.17917625000001, "GLOBALID": "3a767808-1141-47dd-8338-526672ea01c2", "ARPT_COUNT": 1, "APT1_FAAID": "LRF", "APT1_ICAO": "KLRF", "APT1_NAME": "Little Rock AFB", "APT1_LAANC": 1, "APT2_FAAID": "", "APT2_ICAO": "", "APT2_NAME": "", "APT2_LAANC": null, "APT3_FAAID": "", "APT3_ICAO": "", "APT3_NAME": "", "APT3_LAANC": null, "APT4_FAAID": "", "APT4_ICAO": "", "APT4_NAME": "", "APT4_LAANC": null, "APT5_FAAID": "", "APT5_ICAO": "", "APT5_NAME": "", "APT5_LAANC": null, "AIRS_COUNT": 1, "AIRSPACE_1": "D", "AIRSPACE_2": "", "AIRSPACE_3": "", "AIRSPACE_4": "", "AIRSPACE_5": "", "REGION": "Central", "APT1_Enabled": "107-AA,107-FC,44809-AA", "APT2_Enabled": "", "APT3_Enabled": "", "APT4_Enabled": "", "APT5_Enabled": "", "Shape__Length": null, "Shape__Area": null, "Shape__Area_2": 6.944446886336664e-05, "Shape__Length_2": 0.03333333918135395, "layer": "UASFM intersecting city"}}, {"type": "Feature", "geometry": {"type": "Polygon", "coordinates": [[[-92.1750095824603, 34.84167228417151], [-92.1750095824603, 34.850005619466785], [-92.166676247165, 34.850005619466785], [-92.166676247165, 34.84167228417151], [-92.1750095824603, 34.84167228417151]]]}, "properties": {"OBJECTID": 25860, "CEILING": 400, "UNIT": "Feet", "MAP_EFF": "10/1/2026", "LAST_EDIT": "12/4/2024", "LATITUDE": 34.845838949999994, "LONGITUDE": -92.17084291, "GLOBALID": "e7b90071-1d6d-4b02-a51f-d15946ba01fa", "ARPT_COUNT": 1, "APT1_FAAID": "LRF", "APT1_ICAO": "KLRF", "APT1_NAME": "Little Rock AFB", "APT1_LAANC": 1, "APT2_FAAID": "", "APT2_ICAO": "", "APT2_NAME": "", "APT2_LAANC": null, "APT3_FAAID": "", "APT3_ICAO": "", "APT3_NAME": "", "APT3_LAANC": null, "APT4_FAAID": "", "APT4_ICAO": "", "APT4_NAME": "", "APT4_LAANC": null, "APT5_FAAID": "", "APT5_ICAO": "", "APT5_NAME": "", "APT5_LAANC": null, "AIRS_COUNT": 1, "AIRSPACE_1": "D", "AIRSPACE_2": "", "AIRSPACE_3": "", "AIRSPACE_4": "", "AIRSPACE_5": "", "REGION": "Central", "APT1_Enabled": "107-AA,107-FC,44809-AA", "APT2_Enabled": "", "APT3_Enabled": "", "APT4_Enabled": "", "APT5_Enabled": "", "Shape__Length": null, "Shape__Area": null, "Shape__Area_2": 6.94444775035663e-05, "Shape__Length_2": 0.0333333411813328, "layer": "UASFM intersecting city"}}, {"type": "Feature", "geometry": {"type": "Polygon", "coordinates": [[[-92.1750095824603, 34.858338953762086], [-92.1750095824603, 34.86667228905748], [-92.166676247165, 34.866672289057504], [-92.166676247165, 34.858338953762086], [-92.1750095824603, 34.858338953762086]]]}, "properties": {"OBJECTID": 25942, "CEILING": 400, "UNIT": "Feet", "MAP_EFF": "10/1/2026", "LAST_EDIT": "12/4/2024", "LATITUDE": 34.86250562, "LONGITUDE": -92.17084291, "GLOBALID": "fbf42635-0963-4a6a-b0d7-4a6f1cab5570", "ARPT_COUNT": 1, "APT1_FAAID": "LRF", "APT1_ICAO": "KLRF", "APT1_NAME": "Little Rock AFB", "APT1_LAANC": 1, "APT2_FAAID": "", "APT2_ICAO": "", "APT2_NAME": "", "APT2_LAANC": null, "APT3_FAAID": "", "APT3_ICAO": "", "APT3_NAME": "", "APT3_LAANC": null, "APT4_FAAID": "", "APT4_ICAO": "", "APT4_NAME": "", "APT4_LAANC": null, "APT5_FAAID": "", "APT5_ICAO": "", "APT5_NAME": "", "APT5_LAANC": null, "AIRS_COUNT": 1, "AIRSPACE_1": "D", "AIRSPACE_2": "", "AIRSPACE_3": "", "AIRSPACE_4": "", "AIRSPACE_5": "", "REGION": "Central", "APT1_Enabled": "107-AA,107-FC,44809-AA", "APT2_Enabled": "", "APT3_Enabled": "", "APT4_Enabled": "", "APT5_Enabled": "", "Shape__Length": null, "Shape__Area": null, "Shape__Area_2": 6.944447704881895e-05, "Shape__Length_2": 0.0333333411813328, "layer": "UASFM intersecting city"}}, {"type": "Feature", "geometry": {"type": "Polygon", "coordinates": [[[-92.166676247165, 34.858338953762086], [-92.166676247165, 34.866672289057504], [-92.1583429118696, 34.86667228905748], [-92.1583429118696, 34.858338953762086], [-92.166676247165, 34.858338953762086]]]}, "properties": {"OBJECTID": 25943, "CEILING": 400, "UNIT": "Feet", "MAP_EFF": "10/1/2026", "LAST_EDIT": "12/4/2024", "LATITUDE": 34.86250562, "LONGITUDE": -92.16250957999999, "GLOBALID": "ae1b97ab-3b35-4aea-9d72-9362629a585c", "ARPT_COUNT": 1, "APT1_FAAID": "LRF", "APT1_ICAO": "KLRF", "APT1_NAME": "Little Rock AFB", "APT1_LAANC": 1, "APT2_FAAID": "", "APT2_ICAO": "", "APT2_NAME": "", "APT2_LAANC": null, "APT3_FAAID": "", "APT3_ICAO": "", "APT3_NAME": "", "APT3_LAANC": null, "APT4_FAAID": "", "APT4_ICAO": "", "APT4_NAME": "", "APT4_LAANC": null, "APT5_FAAID": "", "APT5_ICAO": "", "APT5_NAME": "", "APT5_LAANC": null, "AIRS_COUNT": 1, "AIRSPACE_1": "D", "AIRSPACE_2": "", "AIRSPACE_3": "", "AIRSPACE_4": "", "AIRSPACE_5": "", "REGION": "Central", "APT1_Enabled": "107-AA,107-FC,44809-AA", "APT2_Enabled": "", "APT3_Enabled": "", "APT4_Enabled": "", "APT5_Enabled": "", "Shape__Length": null, "Shape__Area": null, "Shape__Area_2": 6.944447704881895e-05, "Shape__Length_2": 0.0333333411813328, "layer": "UASFM intersecting city"}}, {"type": "Feature", "geometry": {"type": "Polygon", "coordinates": [[[-92.2333429265277, 34.86667228905746], [-92.2333429265277, 34.87500562435289], [-92.2250095922324, 34.87500562435289], [-92.2250095922324, 34.86667228905748], [-92.2333429265277, 34.86667228905746]]]}, "properties": {"OBJECTID": 26019, "CEILING": 400, "UNIT": "Feet", "MAP_EFF": "10/1/2026", "LAST_EDIT": "12/4/2024", "LATITUDE": 34.87083896, "LONGITUDE": -92.22917626, "GLOBALID": "79de89bb-b77c-4d17-a3f3-f7f840dea7f1", "ARPT_COUNT": 1, "APT1_FAAID": "LRF", "APT1_ICAO": "KLRF", "APT1_NAME": "Little Rock AFB", "APT1_LAANC": 1, "APT2_FAAID": "", "APT2_ICAO": "", "APT2_NAME": "", "APT2_LAANC": null, "APT3_FAAID": "", "APT3_ICAO": "", "APT3_NAME": "", "APT3_LAANC": null, "APT4_FAAID": "", "APT4_ICAO": "", "APT4_NAME": "", "APT4_LAANC": null, "APT5_FAAID": "", "APT5_ICAO": "", "APT5_NAME": "", "APT5_LAANC": null, "AIRS_COUNT": 1, "AIRSPACE_1": "D", "AIRSPACE_2": "", "AIRSPACE_3": "", "AIRSPACE_4": "", "AIRSPACE_5": "", "REGION": "Central", "APT1_Enabled": "107-AA,107-FC,44809-AA", "APT2_Enabled": "", "APT3_Enabled": "", "APT4_Enabled": "", "APT5_Enabled": "", "Shape__Length": null, "Shape__Area": null, "Shape__Area_2": 6.944446840861929e-05, "Shape__Length_2": 0.033333339181467636, "layer": "UASFM intersecting city"}}, {"type": "Feature", "geometry": {"type": "Polygon", "coordinates": [[[-92.21667625693702, 34.86667228905748], [-92.21667625693702, 34.87500562435289], [-92.2083429216417, 34.8750056243529], [-92.2083429216417, 34.866672289057504], [-92.21667625693702, 34.86667228905748]]]}, "properties": {"OBJECTID": 26021, "CEILING": 400, "UNIT": "Feet", "MAP_EFF": "10/1/2026", "LAST_EDIT": "12/4/2024", "LATITUDE": 34.87083896, "LONGITUDE": -92.21250959000001, "GLOBALID": "7f0e8f52-f39e-45d4-bf54-eee3d194010e", "ARPT_COUNT": 1, "APT1_FAAID": "LRF", "APT1_ICAO": "KLRF", "APT1_NAME": "Little Rock AFB", "APT1_LAANC": 1, "APT2_FAAID": "", "APT2_ICAO": "", "APT2_NAME": "", "APT2_LAANC": null, "APT3_FAAID": "", "APT3_ICAO": "", "APT3_NAME": "", "APT3_LAANC": null, "APT4_FAAID": "", "APT4_ICAO": "", "APT4_NAME": "", "APT4_LAANC": null, "APT5_FAAID": "", "APT5_ICAO": "", "APT5_NAME": "", "APT5_LAANC": null, "AIRS_COUNT": 1, "AIRSPACE_1": "D", "AIRSPACE_2": "", "AIRSPACE_3": "", "AIRSPACE_4": "", "AIRSPACE_5": "", "REGION": "Central", "APT1_Enabled": "107-AA,107-FC,44809-AA", "APT2_Enabled": "", "APT3_Enabled": "", "APT4_Enabled": "", "APT5_Enabled": "", "Shape__Length": null, "Shape__Area": null, "Shape__Area_2": 6.94444775035663e-05, "Shape__Length_2": 0.033333341181446485, "layer": "UASFM intersecting city"}}, {"type": "Feature", "geometry": {"type": "Polygon", "coordinates": [[[-92.2000095873464, 34.86667228905748], [-92.2000095873464, 34.87500562435289], [-92.191676252051, 34.87500562435289], [-92.191676252051, 34.86667228905748], [-92.2000095873464, 34.86667228905748]]]}, "properties": {"OBJECTID": 26022, "CEILING": 0, "UNIT": "Feet", "MAP_EFF": "10/1/2026", "LAST_EDIT": "12/4/2024", "LATITUDE": 34.87083896, "LONGITUDE": -92.19584292, "GLOBALID": "cd88a71e-b8f1-4070-99bc-dca2b7528631", "ARPT_COUNT": 1, "APT1_FAAID": "LRF", "APT1_ICAO": "KLRF", "APT1_NAME": "Little Rock AFB", "APT1_LAANC": 1, "APT2_FAAID": "", "APT2_ICAO": "", "APT2_NAME": "", "APT2_LAANC": null, "APT3_FAAID": "", "APT3_ICAO": "", "APT3_NAME": "", "APT3_LAANC": null, "APT4_FAAID": "", "APT4_ICAO": "", "APT4_NAME": "", "APT4_LAANC": null, "APT5_FAAID": "", "APT5_ICAO": "", "APT5_NAME": "", "APT5_LAANC": null, "AIRS_COUNT": 1, "AIRSPACE_1": "D", "AIRSPACE_2": "", "AIRSPACE_3": "", "AIRSPACE_4": "", "AIRSPACE_5": "", "REGION": "Central", "APT1_Enabled": "107-AA,107-FC,44809-AA", "APT2_Enabled": "", "APT3_Enabled": "", "APT4_Enabled": "", "APT5_Enabled": "", "Shape__Length": null, "Shape__Area": null, "Shape__Area_2": 6.944447704881895e-05, "Shape__Length_2": 0.033333341181446485, "layer": "UASFM intersecting city"}}, {"type": "Feature", "geometry": {"type": "Polygon", "coordinates": [[[-92.191676252051, 34.86667228905748], [-92.191676252051, 34.87500562435289], [-92.1833429167556, 34.87500562435289], [-92.1833429167556, 34.86667228905748], [-92.191676252051, 34.86667228905748]]]}, "properties": {"OBJECTID": 26023, "CEILING": 0, "UNIT": "Feet", "MAP_EFF": "10/1/2026", "LAST_EDIT": "12/4/2024", "LATITUDE": 34.87083896, "LONGITUDE": -92.18750958, "GLOBALID": "005a0090-fa3a-45fe-b7e1-0f2ac35741dd", "ARPT_COUNT": 1, "APT1_FAAID": "LRF", "APT1_ICAO": "KLRF", "APT1_NAME": "Little Rock AFB", "APT1_LAANC": 1, "APT2_FAAID": "", "APT2_ICAO": "", "APT2_NAME": "", "APT2_LAANC": null, "APT3_FAAID": "", "APT3_ICAO": "", "APT3_NAME": "", "APT3_LAANC": null, "APT4_FAAID": "", "APT4_ICAO": "", "APT4_NAME": "", "APT4_LAANC": null, "APT5_FAAID": "", "APT5_ICAO": "", "APT5_NAME": "", "APT5_LAANC": null, "AIRS_COUNT": 1, "AIRSPACE_1": "D", "AIRSPACE_2": "", "AIRSPACE_3": "", "AIRSPACE_4": "", "AIRSPACE_5": "", "REGION": "Central", "APT1_Enabled": "107-AA,107-FC,44809-AA", "APT2_Enabled": "", "APT3_Enabled": "", "APT4_Enabled": "", "APT5_Enabled": "", "Shape__Length": null, "Shape__Area": null, "Shape__Area_2": 6.944447704881895e-05, "Shape__Length_2": 0.03333334118156017, "layer": "UASFM intersecting city"}}, {"type": "Feature", "geometry": {"type": "Polygon", "coordinates": [[[-92.1833429167556, 34.86667228905748], [-92.1833429167556, 34.87500562435289], [-92.1750095824603, 34.87500562435289], [-92.1750095824603, 34.86667228905748], [-92.1833429167556, 34.86667228905748]]]}, "properties": {"OBJECTID": 26024, "CEILING": 0, "UNIT": "Feet", "MAP_EFF": "10/1/2026", "LAST_EDIT": "12/4/2024", "LATITUDE": 34.87083896, "LONGITUDE": -92.17917625000001, "GLOBALID": "def8d4d1-d35e-4eba-ad1e-ea9232f63497", "ARPT_COUNT": 1, "APT1_FAAID": "LRF", "APT1_ICAO": "KLRF", "APT1_NAME": "Little Rock AFB", "APT1_LAANC": 1, "APT2_FAAID": "", "APT2_ICAO": "", "APT2_NAME": "", "APT2_LAANC": null, "APT3_FAAID": "", "APT3_ICAO": "", "APT3_NAME": "", "APT3_LAANC": null, "APT4_FAAID": "", "APT4_ICAO": "", "APT4_NAME": "", "APT4_LAANC": null, "APT5_FAAID": "", "APT5_ICAO": "", "APT5_NAME": "", "APT5_LAANC": null, "AIRS_COUNT": 1, "AIRSPACE_1": "D", "AIRSPACE_2": "", "AIRSPACE_3": "", "AIRSPACE_4": "", "AIRSPACE_5": "", "REGION": "Central", "APT1_Enabled": "107-AA,107-FC,44809-AA", "APT2_Enabled": "", "APT3_Enabled": "", "APT4_Enabled": "", "APT5_Enabled": "", "Shape__Length": null, "Shape__Area": null, "Shape__Area_2": 6.944446931811399e-05, "Shape__Length_2": 0.033333339181467636, "layer": "UASFM intersecting city"}}, {"type": "Feature", "geometry": {"type": "Polygon", "coordinates": [[[-92.1750095824603, 34.86667228905748], [-92.1750095824603, 34.87500562435289], [-92.166676247165, 34.8750056243529], [-92.166676247165, 34.866672289057504], [-92.1750095824603, 34.86667228905748]]]}, "properties": {"OBJECTID": 26025, "CEILING": 0, "UNIT": "Feet", "MAP_EFF": "10/1/2026", "LAST_EDIT": "12/4/2024", "LATITUDE": 34.87083896, "LONGITUDE": -92.17084291, "GLOBALID": "8844b79c-76ff-47ed-99ce-249d381efa1a", "ARPT_COUNT": 1, "APT1_FAAID": "LRF", "APT1_ICAO": "KLRF", "APT1_NAME": "Little Rock AFB", "APT1_LAANC": 1, "APT2_FAAID": "", "APT2_ICAO": "", "APT2_NAME": "", "APT2_LAANC": null, "APT3_FAAID": "", "APT3_ICAO": "", "APT3_NAME": "", "APT3_LAANC": null, "APT4_FAAID": "", "APT4_ICAO": "", "APT4_NAME": "", "APT4_LAANC": null, "APT5_FAAID": "", "APT5_ICAO": "", "APT5_NAME": "", "APT5_LAANC": null, "AIRS_COUNT": 1, "AIRSPACE_1": "D", "AIRSPACE_2": "", "AIRSPACE_3": "", "AIRSPACE_4": "", "AIRSPACE_5": "", "REGION": "Central", "APT1_Enabled": "107-AA,107-FC,44809-AA", "APT2_Enabled": "", "APT3_Enabled": "", "APT4_Enabled": "", "APT5_Enabled": "", "Shape__Length": null, "Shape__Area": null, "Shape__Area_2": 6.944447704881895e-05, "Shape__Length_2": 0.033333341181446485, "layer": "UASFM intersecting city"}}, {"type": "Feature", "geometry": {"type": "Polygon", "coordinates": [[[-92.166676247165, 34.866672289057504], [-92.166676247165, 34.8750056243529], [-92.1583429118696, 34.87500562435289], [-92.1583429118696, 34.86667228905748], [-92.166676247165, 34.866672289057504]]]}, "properties": {"OBJECTID": 26026, "CEILING": 0, "UNIT": "Feet", "MAP_EFF": "10/1/2026", "LAST_EDIT": "12/4/2024", "LATITUDE": 34.87083896, "LONGITUDE": -92.16250957999999, "GLOBALID": "a7d2f06a-1d81-41b9-9233-2d285b6c4805", "ARPT_COUNT": 1, "APT1_FAAID": "LRF", "APT1_ICAO": "KLRF", "APT1_NAME": "Little Rock AFB", "APT1_LAANC": 1, "APT2_FAAID": "", "APT2_ICAO": "", "APT2_NAME": "", "APT2_LAANC": null, "APT3_FAAID": "", "APT3_ICAO": "", "APT3_NAME": "", "APT3_LAANC": null, "APT4_FAAID": "", "APT4_ICAO": "", "APT4_NAME": "", "APT4_LAANC": null, "APT5_FAAID": "", "APT5_ICAO": "", "APT5_NAME": "", "APT5_LAANC": null, "AIRS_COUNT": 1, "AIRSPACE_1": "D", "AIRSPACE_2": "", "AIRSPACE_3": "", "AIRSPACE_4": "", "AIRSPACE_5": "", "REGION": "Central", "APT1_Enabled": "107-AA,107-FC,44809-AA", "APT2_Enabled": "", "APT3_Enabled": "", "APT4_Enabled": "", "APT5_Enabled": "", "Shape__Length": null, "Shape__Area": null, "Shape__Area_2": 6.94444775035663e-05, "Shape__Length_2": 0.033333341181446485, "layer": "UASFM intersecting city"}}, {"type": "Feature", "geometry": {"type": "Polygon", "coordinates": [[[-92.2250095922324, 34.87500562435289], [-92.2250095922324, 34.883338958648196], [-92.21667625693702, 34.883338958648196], [-92.21667625693702, 34.87500562435289], [-92.2250095922324, 34.87500562435289]]]}, "properties": {"OBJECTID": 26093, "CEILING": 400, "UNIT": "Feet", "MAP_EFF": "10/1/2026", "LAST_EDIT": "12/4/2024", "LATITUDE": 34.87917229, "LONGITUDE": -92.22084292, "GLOBALID": "35d8b068-e6e7-4ce2-a407-5f14c80de8bf", "ARPT_COUNT": 1, "APT1_FAAID": "LRF", "APT1_ICAO": "KLRF", "APT1_NAME": "Little Rock AFB", "APT1_LAANC": 1, "APT2_FAAID": "", "APT2_ICAO": "", "APT2_NAME": "", "APT2_LAANC": null, "APT3_FAAID": "", "APT3_ICAO": "", "APT3_NAME": "", "APT3_LAANC": null, "APT4_FAAID": "", "APT4_ICAO": "", "APT4_NAME": "", "APT4_LAANC": null, "APT5_FAAID": "", "APT5_ICAO": "", "APT5_NAME": "", "APT5_LAANC": null, "AIRS_COUNT": 1, "AIRSPACE_1": "D", "AIRSPACE_2": "", "AIRSPACE_3": "", "AIRSPACE_4": "", "AIRSPACE_5": "", "REGION": "Central", "APT1_Enabled": "107-AA,107-FC,44809-AA", "APT2_Enabled": "", "APT3_Enabled": "", "APT4_Enabled": "", "APT5_Enabled": "", "Shape__Length": null, "Shape__Area": null, "Shape__Area_2": 6.944446886336664e-05, "Shape__Length_2": 0.03333333918135395, "layer": "UASFM intersecting city"}}, {"type": "Feature", "geometry": {"type": "Polygon", "coordinates": [[[-92.2083429216417, 34.8750056243529], [-92.2083429216417, 34.883338958648196], [-92.2000095873464, 34.88333895864819], [-92.2000095873464, 34.87500562435289], [-92.2083429216417, 34.8750056243529]]]}, "properties": {"OBJECTID": 26094, "CEILING": 400, "UNIT": "Feet", "MAP_EFF": "10/1/2026", "LAST_EDIT": "12/4/2024", "LATITUDE": 34.87917229, "LONGITUDE": -92.20417625, "GLOBALID": "0d7312b6-993e-46cb-a684-fa2f8a7ef2f4", "ARPT_COUNT": 1, "APT1_FAAID": "LRF", "APT1_ICAO": "KLRF", "APT1_NAME": "Little Rock AFB", "APT1_LAANC": 1, "APT2_FAAID": "", "APT2_ICAO": "", "APT2_NAME": "", "APT2_LAANC": null, "APT3_FAAID": "", "APT3_ICAO": "", "APT3_NAME": "", "APT3_LAANC": null, "APT4_FAAID": "", "APT4_ICAO": "", "APT4_NAME": "", "APT4_LAANC": null, "APT5_FAAID": "", "APT5_ICAO": "", "APT5_NAME": "", "APT5_LAANC": null, "AIRS_COUNT": 1, "AIRSPACE_1": "D", "AIRSPACE_2": "", "AIRSPACE_3": "", "AIRSPACE_4": "", "AIRSPACE_5": "", "REGION": "Central", "APT1_Enabled": "107-AA,107-FC,44809-AA", "APT2_Enabled": "", "APT3_Enabled": "", "APT4_Enabled": "", "APT5_Enabled": "", "Shape__Length": null, "Shape__Area": null, "Shape__Area_2": 6.944446067791432e-05, "Shape__Length_2": 0.0333333371813751, "layer": "UASFM intersecting city"}}, {"type": "Feature", "geometry": {"type": "Polygon", "coordinates": [[[-92.2000095873464, 34.87500562435289], [-92.2000095873464, 34.88333895864819], [-92.191676252051, 34.883338958648196], [-92.191676252051, 34.87500562435289], [-92.2000095873464, 34.87500562435289]]]}, "properties": {"OBJECTID": 26095, "CEILING": 0, "UNIT": "Feet", "MAP_EFF": "10/1/2026", "LAST_EDIT": "12/4/2024", "LATITUDE": 34.87917229, "LONGITUDE": -92.19584292, "GLOBALID": "cdb9e591-e918-4ba8-82a6-b2585493df85", "ARPT_COUNT": 1, "APT1_FAAID": "LRF", "APT1_ICAO": "KLRF", "APT1_NAME": "Little Rock AFB", "APT1_LAANC": 1, "APT2_FAAID": "", "APT2_ICAO": "", "APT2_NAME": "", "APT2_LAANC": null, "APT3_FAAID": "", "APT3_ICAO": "", "APT3_NAME": "", "APT3_LAANC": null, "APT4_FAAID": "", "APT4_ICAO": "", "APT4_NAME": "", "APT4_LAANC": null, "APT5_FAAID": "", "APT5_ICAO": "", "APT5_NAME": "", "APT5_LAANC": null, "AIRS_COUNT": 1, "AIRSPACE_1": "D", "AIRSPACE_2": "", "AIRSPACE_3": "", "AIRSPACE_4": "", "AIRSPACE_5": "", "REGION": "Central", "APT1_Enabled": "107-AA,107-FC,44809-AA", "APT2_Enabled": "", "APT3_Enabled": "", "APT4_Enabled": "", "APT5_Enabled": "", "Shape__Length": null, "Shape__Area": null, "Shape__Area_2": 6.944446886336664e-05, "Shape__Length_2": 0.03333333918135395, "layer": "UASFM intersecting city"}}, {"type": "Feature", "geometry": {"type": "Polygon", "coordinates": [[[-92.191676252051, 34.87500562435289], [-92.191676252051, 34.883338958648196], [-92.1833429167556, 34.883338958648196], [-92.1833429167556, 34.87500562435289], [-92.191676252051, 34.87500562435289]]]}, "properties": {"OBJECTID": 26096, "CEILING": 0, "UNIT": "Feet", "MAP_EFF": "10/1/2026", "LAST_EDIT": "12/4/2024", "LATITUDE": 34.87917229, "LONGITUDE": -92.18750958, "GLOBALID": "15d69d6a-3549-47a4-91e0-fe31ee916b78", "ARPT_COUNT": 1, "APT1_FAAID": "LRF", "APT1_ICAO": "KLRF", "APT1_NAME": "Little Rock AFB", "APT1_LAANC": 1, "APT2_FAAID": "", "APT2_ICAO": "", "APT2_NAME": "", "APT2_LAANC": null, "APT3_FAAID": "", "APT3_ICAO": "", "APT3_NAME": "", "APT3_LAANC": null, "APT4_FAAID": "", "APT4_ICAO": "", "APT4_NAME": "", "APT4_LAANC": null, "APT5_FAAID": "", "APT5_ICAO": "", "APT5_NAME": "", "APT5_LAANC": null, "AIRS_COUNT": 1, "AIRSPACE_1": "D", "AIRSPACE_2": "", "AIRSPACE_3": "", "AIRSPACE_4": "", "AIRSPACE_5": "", "REGION": "Central", "APT1_Enabled": "107-AA,107-FC,44809-AA", "APT2_Enabled": "", "APT3_Enabled": "", "APT4_Enabled": "", "APT5_Enabled": "", "Shape__Length": null, "Shape__Area": null, "Shape__Area_2": 6.944446886336664e-05, "Shape__Length_2": 0.033333339181467636, "layer": "UASFM intersecting city"}}, {"type": "Feature", "geometry": {"type": "Polygon", "coordinates": [[[-92.1833429167556, 34.87500562435289], [-92.1833429167556, 34.883338958648196], [-92.1750095824603, 34.883338958648196], [-92.1750095824603, 34.87500562435289], [-92.1833429167556, 34.87500562435289]]]}, "properties": {"OBJECTID": 26097, "CEILING": 0, "UNIT": "Feet", "MAP_EFF": "10/1/2026", "LAST_EDIT": "12/4/2024", "LATITUDE": 34.87917229, "LONGITUDE": -92.17917625000001, "GLOBALID": "f266a3bd-5d0b-412f-a120-ae8f14b97b0b", "ARPT_COUNT": 1, "APT1_FAAID": "LRF", "APT1_ICAO": "KLRF", "APT1_NAME": "Little Rock AFB", "APT1_LAANC": 1, "APT2_FAAID": "", "APT2_ICAO": "", "APT2_NAME": "", "APT2_LAANC": null, "APT3_FAAID": "", "APT3_ICAO": "", "APT3_NAME": "", "APT3_LAANC": null, "APT4_FAAID": "", "APT4_ICAO": "", "APT4_NAME": "", "APT4_LAANC": null, "APT5_FAAID": "", "APT5_ICAO": "", "APT5_NAME": "", "APT5_LAANC": null, "AIRS_COUNT": 1, "AIRSPACE_1": "D", "AIRSPACE_2": "", "AIRSPACE_3": "", "AIRSPACE_4": "", "AIRSPACE_5": "", "REGION": "Central", "APT1_Enabled": "107-AA,107-FC,44809-AA", "APT2_Enabled": "", "APT3_Enabled": "", "APT4_Enabled": "", "APT5_Enabled": "", "Shape__Length": null, "Shape__Area": null, "Shape__Area_2": 6.944446022316697e-05, "Shape__Length_2": 0.0333333371813751, "layer": "UASFM intersecting city"}}, {"type": "Feature", "geometry": {"type": "Polygon", "coordinates": [[[-92.1750095824603, 34.87500562435289], [-92.1750095824603, 34.883338958648196], [-92.166676247165, 34.883338958648196], [-92.166676247165, 34.8750056243529], [-92.1750095824603, 34.87500562435289]]]}, "properties": {"OBJECTID": 26098, "CEILING": 0, "UNIT": "Feet", "MAP_EFF": "10/1/2026", "LAST_EDIT": "12/4/2024", "LATITUDE": 34.87917229, "LONGITUDE": -92.17084291, "GLOBALID": "74753ab9-fc1d-4e40-9137-1f25dd2c457b", "ARPT_COUNT": 1, "APT1_FAAID": "LRF", "APT1_ICAO": "KLRF", "APT1_NAME": "Little Rock AFB", "APT1_LAANC": 1, "APT2_FAAID": "", "APT2_ICAO": "", "APT2_NAME": "", "APT2_LAANC": null, "APT3_FAAID": "", "APT3_ICAO": "", "APT3_NAME": "", "APT3_LAANC": null, "APT4_FAAID": "", "APT4_ICAO": "", "APT4_NAME": "", "APT4_LAANC": null, "APT5_FAAID": "", "APT5_ICAO": "", "APT5_NAME": "", "APT5_LAANC": null, "AIRS_COUNT": 1, "AIRSPACE_1": "D", "AIRSPACE_2": "", "AIRSPACE_3": "", "AIRSPACE_4": "", "AIRSPACE_5": "", "REGION": "Central", "APT1_Enabled": "107-AA,107-FC,44809-AA", "APT2_Enabled": "", "APT3_Enabled": "", "APT4_Enabled": "", "APT5_Enabled": "", "Shape__Length": null, "Shape__Area": null, "Shape__Area_2": 6.944446886336664e-05, "Shape__Length_2": 0.03333333918135395, "layer": "UASFM intersecting city"}}, {"type": "Feature", "geometry": {"type": "Polygon", "coordinates": [[[-92.166676247165, 34.8750056243529], [-92.166676247165, 34.883338958648196], [-92.1583429118696, 34.883338958648196], [-92.1583429118696, 34.87500562435289], [-92.166676247165, 34.8750056243529]]]}, "properties": {"OBJECTID": 26099, "CEILING": 0, "UNIT": "Feet", "MAP_EFF": "10/1/2026", "LAST_EDIT": "12/4/2024", "LATITUDE": 34.87917229, "LONGITUDE": -92.16250957999999, "GLOBALID": "69c6e901-a902-458c-a485-c0d0b6ad96ee", "ARPT_COUNT": 1, "APT1_FAAID": "LRF", "APT1_ICAO": "KLRF", "APT1_NAME": "Little Rock AFB", "APT1_LAANC": 1, "APT2_FAAID": "", "APT2_ICAO": "", "APT2_NAME": "", "APT2_LAANC": null, "APT3_FAAID": "", "APT3_ICAO": "", "APT3_NAME": "", "APT3_LAANC": null, "APT4_FAAID": "", "APT4_ICAO": "", "APT4_NAME": "", "APT4_LAANC": null, "APT5_FAAID": "", "APT5_ICAO": "", "APT5_NAME": "", "APT5_LAANC": null, "AIRS_COUNT": 1, "AIRSPACE_1": "D", "AIRSPACE_2": "", "AIRSPACE_3": "", "AIRSPACE_4": "", "AIRSPACE_5": "", "REGION": "Central", "APT1_Enabled": "107-AA,107-FC,44809-AA", "APT2_Enabled": "", "APT3_Enabled": "", "APT4_Enabled": "", "APT5_Enabled": "", "Shape__Length": null, "Shape__Area": null, "Shape__Area_2": 6.944446840861929e-05, "Shape__Length_2": 0.03333333918135395, "layer": "UASFM intersecting city"}}, {"type": "Feature", "geometry": {"type": "Polygon", "coordinates": [[[-92.2250095922324, 34.883338958648196], [-92.2250095922324, 34.89167229394349], [-92.21667625693702, 34.89167229394349], [-92.21667625693702, 34.883338958648196], [-92.2250095922324, 34.883338958648196]]]}, "properties": {"OBJECTID": 26165, "CEILING": 0, "UNIT": "Feet", "MAP_EFF": "10/1/2026", "LAST_EDIT": "12/4/2024", "LATITUDE": 34.88750563, "LONGITUDE": -92.22084292, "GLOBALID": "48205354-f9c7-44b4-b485-e47cf5b6252f", "ARPT_COUNT": 1, "APT1_FAAID": "LRF", "APT1_ICAO": "KLRF", "APT1_NAME": "Little Rock AFB", "APT1_LAANC": 1, "APT2_FAAID": "", "APT2_ICAO": "", "APT2_NAME": "", "APT2_LAANC": null, "APT3_FAAID": "", "APT3_ICAO": "", "APT3_NAME": "", "APT3_LAANC": null, "APT4_FAAID": "", "APT4_ICAO": "", "APT4_NAME": "", "APT4_LAANC": null, "APT5_FAAID": "", "APT5_ICAO": "", "APT5_NAME": "", "APT5_LAANC": null, "AIRS_COUNT": 1, "AIRSPACE_1": "D", "AIRSPACE_2": "", "AIRSPACE_3": "", "AIRSPACE_4": "", "AIRSPACE_5": "", "REGION": "Central", "APT1_Enabled": "107-AA,107-FC,44809-AA", "APT2_Enabled": "", "APT3_Enabled": "", "APT4_Enabled": "", "APT5_Enabled": "", "Shape__Length": null, "Shape__Area": null, "Shape__Area_2": 6.944447704881895e-05, "Shape__Length_2": 0.0333333411813328, "layer": "UASFM intersecting city"}}, {"type": "Feature", "geometry": {"type": "Polygon", "coordinates": [[[-92.2083429216417, 34.883338958648196], [-92.2083429216417, 34.89167229394349], [-92.2000095873464, 34.89167229394349], [-92.2000095873464, 34.88333895864819], [-92.2083429216417, 34.883338958648196]]]}, "properties": {"OBJECTID": 26166, "CEILING": 0, "UNIT": "Feet", "MAP_EFF": "10/1/2026", "LAST_EDIT": "12/4/2024", "LATITUDE": 34.88750563, "LONGITUDE": -92.20417625, "GLOBALID": "ea8be41a-ae4d-4368-a49e-38daa8d462e0", "ARPT_COUNT": 1, "APT1_FAAID": "LRF", "APT1_ICAO": "KLRF", "APT1_NAME": "Little Rock AFB", "APT1_LAANC": 1, "APT2_FAAID": "", "APT2_ICAO": "", "APT2_NAME": "", "APT2_LAANC": null, "APT3_FAAID": "", "APT3_ICAO": "", "APT3_NAME": "", "APT3_LAANC": null, "APT4_FAAID": "", "APT4_ICAO": "", "APT4_NAME": "", "APT4_LAANC": null, "APT5_FAAID": "", "APT5_ICAO": "", "APT5_NAME": "", "APT5_LAANC": null, "AIRS_COUNT": 1, "AIRSPACE_1": "D", "AIRSPACE_2": "", "AIRSPACE_3": "", "AIRSPACE_4": "", "AIRSPACE_5": "", "REGION": "Central", "APT1_Enabled": "107-AA,107-FC,44809-AA", "APT2_Enabled": "", "APT3_Enabled": "", "APT4_Enabled": "", "APT5_Enabled": "", "Shape__Length": null, "Shape__Area": null, "Shape__Area_2": 6.944446886336664e-05, "Shape__Length_2": 0.03333333918135395, "layer": "UASFM intersecting city"}}, {"type": "Feature", "geometry": {"type": "Polygon", "coordinates": [[[-92.2000095873464, 34.88333895864819], [-92.2000095873464, 34.89167229394349], [-92.191676252051, 34.89167229394349], [-92.191676252051, 34.883338958648196], [-92.2000095873464, 34.88333895864819]]]}, "properties": {"OBJECTID": 26167, "CEILING": 0, "UNIT": "Feet", "MAP_EFF": "10/1/2026", "LAST_EDIT": "12/4/2024", "LATITUDE": 34.88750563, "LONGITUDE": -92.19584292, "GLOBALID": "625e3fa7-70f4-419f-89cb-5a3b131173aa", "ARPT_COUNT": 1, "APT1_FAAID": "LRF", "APT1_ICAO": "KLRF", "APT1_NAME": "Little Rock AFB", "APT1_LAANC": 1, "APT2_FAAID": "", "APT2_ICAO": "", "APT2_NAME": "", "APT2_LAANC": null, "APT3_FAAID": "", "APT3_ICAO": "", "APT3_NAME": "", "APT3_LAANC": null, "APT4_FAAID": "", "APT4_ICAO": "", "APT4_NAME": "", "APT4_LAANC": null, "APT5_FAAID": "", "APT5_ICAO": "", "APT5_NAME": "", "APT5_LAANC": null, "AIRS_COUNT": 1, "AIRSPACE_1": "D", "AIRSPACE_2": "", "AIRSPACE_3": "", "AIRSPACE_4": "", "AIRSPACE_5": "", "REGION": "Central", "APT1_Enabled": "107-AA,107-FC,44809-AA", "APT2_Enabled": "", "APT3_Enabled": "", "APT4_Enabled": "", "APT5_Enabled": "", "Shape__Length": null, "Shape__Area": null, "Shape__Area_2": 6.944447704881895e-05, "Shape__Length_2": 0.0333333411813328, "layer": "UASFM intersecting city"}}, {"type": "Feature", "geometry": {"type": "Polygon", "coordinates": [[[-92.191676252051, 34.883338958648196], [-92.191676252051, 34.89167229394349], [-92.1833429167556, 34.89167229394349], [-92.1833429167556, 34.883338958648196], [-92.191676252051, 34.883338958648196]]]}, "properties": {"OBJECTID": 26168, "CEILING": 0, "UNIT": "Feet", "MAP_EFF": "10/1/2026", "LAST_EDIT": "12/4/2024", "LATITUDE": 34.88750563, "LONGITUDE": -92.18750958, "GLOBALID": "c267f418-e7f2-4afd-b99a-c57551f3d081", "ARPT_COUNT": 1, "APT1_FAAID": "LRF", "APT1_ICAO": "KLRF", "APT1_NAME": "Little Rock AFB", "APT1_LAANC": 1, "APT2_FAAID": "", "APT2_ICAO": "", "APT2_NAME": "", "APT2_LAANC": null, "APT3_FAAID": "", "APT3_ICAO": "", "APT3_NAME": "", "APT3_LAANC": null, "APT4_FAAID": "", "APT4_ICAO": "", "APT4_NAME": "", "APT4_LAANC": null, "APT5_FAAID": "", "APT5_ICAO": "", "APT5_NAME": "", "APT5_LAANC": null, "AIRS_COUNT": 1, "AIRSPACE_1": "D", "AIRSPACE_2": "", "AIRSPACE_3": "", "AIRSPACE_4": "", "AIRSPACE_5": "", "REGION": "Central", "APT1_Enabled": "107-AA,107-FC,44809-AA", "APT2_Enabled": "", "APT3_Enabled": "", "APT4_Enabled": "", "APT5_Enabled": "", "Shape__Length": null, "Shape__Area": null, "Shape__Area_2": 6.944447704881895e-05, "Shape__Length_2": 0.033333341181446485, "layer": "UASFM intersecting city"}}, {"type": "Feature", "geometry": {"type": "Polygon", "coordinates": [[[-92.1833429167556, 34.883338958648196], [-92.1833429167556, 34.89167229394349], [-92.1750095824603, 34.89167229394349], [-92.1750095824603, 34.883338958648196], [-92.1833429167556, 34.883338958648196]]]}, "properties": {"OBJECTID": 26169, "CEILING": 0, "UNIT": "Feet", "MAP_EFF": "10/1/2026", "LAST_EDIT": "12/4/2024", "LATITUDE": 34.88750563, "LONGITUDE": -92.17917625000001, "GLOBALID": "12662559-fefc-4df1-8a52-8c39488f53b7", "ARPT_COUNT": 1, "APT1_FAAID": "LRF", "APT1_ICAO": "KLRF", "APT1_NAME": "Little Rock AFB", "APT1_LAANC": 1, "APT2_FAAID": "", "APT2_ICAO": "", "APT2_NAME": "", "APT2_LAANC": null, "APT3_FAAID": "", "APT3_ICAO": "", "APT3_NAME": "", "APT3_LAANC": null, "APT4_FAAID": "", "APT4_ICAO": "", "APT4_NAME": "", "APT4_LAANC": null, "APT5_FAAID": "", "APT5_ICAO": "", "APT5_NAME": "", "APT5_LAANC": null, "AIRS_COUNT": 1, "AIRSPACE_1": "D", "AIRSPACE_2": "", "AIRSPACE_3": "", "AIRSPACE_4": "", "AIRSPACE_5": "", "REGION": "Central", "APT1_Enabled": "107-AA,107-FC,44809-AA", "APT2_Enabled": "", "APT3_Enabled": "", "APT4_Enabled": "", "APT5_Enabled": "", "Shape__Length": null, "Shape__Area": null, "Shape__Area_2": 6.944446886336664e-05, "Shape__Length_2": 0.03333333918135395, "layer": "UASFM intersecting city"}}, {"type": "Feature", "geometry": {"type": "Polygon", "coordinates": [[[-92.1750095824603, 34.883338958648196], [-92.1750095824603, 34.89167229394349], [-92.166676247165, 34.8916722939435], [-92.166676247165, 34.883338958648196], [-92.1750095824603, 34.883338958648196]]]}, "properties": {"OBJECTID": 26170, "CEILING": 0, "UNIT": "Feet", "MAP_EFF": "10/1/2026", "LAST_EDIT": "12/4/2024", "LATITUDE": 34.88750563, "LONGITUDE": -92.17084291, "GLOBALID": "d9c98636-cfb4-472d-826b-4f8dd9161d4f", "ARPT_COUNT": 1, "APT1_FAAID": "LRF", "APT1_ICAO": "KLRF", "APT1_NAME": "Little Rock AFB", "APT1_LAANC": 1, "APT2_FAAID": "", "APT2_ICAO": "", "APT2_NAME": "", "APT2_LAANC": null, "APT3_FAAID": "", "APT3_ICAO": "", "APT3_NAME": "", "APT3_LAANC": null, "APT4_FAAID": "", "APT4_ICAO": "", "APT4_NAME": "", "APT4_LAANC": null, "APT5_FAAID": "", "APT5_ICAO": "", "APT5_NAME": "", "APT5_LAANC": null, "AIRS_COUNT": 1, "AIRSPACE_1": "D", "AIRSPACE_2": "", "AIRSPACE_3": "", "AIRSPACE_4": "", "AIRSPACE_5": "", "REGION": "Central", "APT1_Enabled": "107-AA,107-FC,44809-AA", "APT2_Enabled": "", "APT3_Enabled": "", "APT4_Enabled": "", "APT5_Enabled": "", "Shape__Length": null, "Shape__Area": null, "Shape__Area_2": 6.944447704881895e-05, "Shape__Length_2": 0.0333333411813328, "layer": "UASFM intersecting city"}}, {"type": "Feature", "geometry": {"type": "Polygon", "coordinates": [[[-92.2083429216417, 34.89167229394349], [-92.2083429216417, 34.9000056292389], [-92.2000095873464, 34.9000056292389], [-92.2000095873464, 34.89167229394349], [-92.2083429216417, 34.89167229394349]]]}, "properties": {"OBJECTID": 26262, "CEILING": 0, "UNIT": "Feet", "MAP_EFF": "10/1/2026", "LAST_EDIT": "12/4/2024", "LATITUDE": 34.89583896, "LONGITUDE": -92.20417625, "GLOBALID": "6495943e-f422-437e-b3b2-52f37f9f2596", "ARPT_COUNT": 1, "APT1_FAAID": "LRF", "APT1_ICAO": "KLRF", "APT1_NAME": "Little Rock AFB", "APT1_LAANC": 1, "APT2_FAAID": "", "APT2_ICAO": "", "APT2_NAME": "", "APT2_LAANC": null, "APT3_FAAID": "", "APT3_ICAO": "", "APT3_NAME": "", "APT3_LAANC": null, "APT4_FAAID": "", "APT4_ICAO": "", "APT4_NAME": "", "APT4_LAANC": null, "APT5_FAAID": "", "APT5_ICAO": "", "APT5_NAME": "", "APT5_LAANC": null, "AIRS_COUNT": 1, "AIRSPACE_1": "D", "AIRSPACE_2": "", "AIRSPACE_3": "", "AIRSPACE_4": "", "AIRSPACE_5": "", "REGION": "Central", "APT1_Enabled": "107-AA,107-FC,44809-AA", "APT2_Enabled": "", "APT3_Enabled": "", "APT4_Enabled": "", "APT5_Enabled": "", "Shape__Length": null, "Shape__Area": null, "Shape__Area_2": 6.944446886336664e-05, "Shape__Length_2": 0.03333333918135395, "layer": "UASFM intersecting city"}}, {"type": "Feature", "geometry": {"type": "Polygon", "coordinates": [[[-92.2000095873464, 34.89167229394349], [-92.2000095873464, 34.9000056292389], [-92.191676252051, 34.9000056292389], [-92.191676252051, 34.89167229394349], [-92.2000095873464, 34.89167229394349]]]}, "properties": {"OBJECTID": 26263, "CEILING": 0, "UNIT": "Feet", "MAP_EFF": "10/1/2026", "LAST_EDIT": "12/4/2024", "LATITUDE": 34.89583896, "LONGITUDE": -92.19584292, "GLOBALID": "87ae8e2a-21e2-4d34-b545-e45881ec1c11", "ARPT_COUNT": 1, "APT1_FAAID": "LRF", "APT1_ICAO": "KLRF", "APT1_NAME": "Little Rock AFB", "APT1_LAANC": 1, "APT2_FAAID": "", "APT2_ICAO": "", "APT2_NAME": "", "APT2_LAANC": null, "APT3_FAAID": "", "APT3_ICAO": "", "APT3_NAME": "", "APT3_LAANC": null, "APT4_FAAID": "", "APT4_ICAO": "", "APT4_NAME": "", "APT4_LAANC": null, "APT5_FAAID": "", "APT5_ICAO": "", "APT5_NAME": "", "APT5_LAANC": null, "AIRS_COUNT": 1, "AIRSPACE_1": "D", "AIRSPACE_2": "", "AIRSPACE_3": "", "AIRSPACE_4": "", "AIRSPACE_5": "", "REGION": "Central", "APT1_Enabled": "107-AA,107-FC,44809-AA", "APT2_Enabled": "", "APT3_Enabled": "", "APT4_Enabled": "", "APT5_Enabled": "", "Shape__Length": null, "Shape__Area": null, "Shape__Area_2": 6.944447704881895e-05, "Shape__Length_2": 0.0333333411813328, "layer": "UASFM intersecting city"}}, {"type": "Feature", "geometry": {"type": "Polygon", "coordinates": [[[-92.191676252051, 34.89167229394349], [-92.191676252051, 34.9000056292389], [-92.1833429167556, 34.90000562923888], [-92.1833429167556, 34.89167229394349], [-92.191676252051, 34.89167229394349]]]}, "properties": {"OBJECTID": 26264, "CEILING": 0, "UNIT": "Feet", "MAP_EFF": "10/1/2026", "LAST_EDIT": "12/4/2024", "LATITUDE": 34.89583896, "LONGITUDE": -92.18750958, "GLOBALID": "b8c1ac05-bec0-4c74-bc66-e4b271bc2542", "ARPT_COUNT": 1, "APT1_FAAID": "LRF", "APT1_ICAO": "KLRF", "APT1_NAME": "Little Rock AFB", "APT1_LAANC": 1, "APT2_FAAID": "", "APT2_ICAO": "", "APT2_NAME": "", "APT2_LAANC": null, "APT3_FAAID": "", "APT3_ICAO": "", "APT3_NAME": "", "APT3_LAANC": null, "APT4_FAAID": "", "APT4_ICAO": "", "APT4_NAME": "", "APT4_LAANC": null, "APT5_FAAID": "", "APT5_ICAO": "", "APT5_NAME": "", "APT5_LAANC": null, "AIRS_COUNT": 1, "AIRSPACE_1": "D", "AIRSPACE_2": "", "AIRSPACE_3": "", "AIRSPACE_4": "", "AIRSPACE_5": "", "REGION": "Central", "APT1_Enabled": "107-AA,107-FC,44809-AA", "APT2_Enabled": "", "APT3_Enabled": "", "APT4_Enabled": "", "APT5_Enabled": "", "Shape__Length": null, "Shape__Area": null, "Shape__Area_2": 6.944447704881895e-05, "Shape__Length_2": 0.033333341181446485, "layer": "UASFM intersecting city"}}, {"type": "Feature", "geometry": {"type": "Polygon", "coordinates": [[[-92.1833429167556, 34.89167229394349], [-92.1833429167556, 34.90000562923888], [-92.1750095824603, 34.9000056292389], [-92.1750095824603, 34.89167229394349], [-92.1833429167556, 34.89167229394349]]]}, "properties": {"OBJECTID": 26265, "CEILING": 0, "UNIT": "Feet", "MAP_EFF": "10/1/2026", "LAST_EDIT": "12/4/2024", "LATITUDE": 34.89583896, "LONGITUDE": -92.17917625000001, "GLOBALID": "79c4c4fa-676c-4829-99e1-7b968ec105d2", "ARPT_COUNT": 1, "APT1_FAAID": "LRF", "APT1_ICAO": "KLRF", "APT1_NAME": "Little Rock AFB", "APT1_LAANC": 1, "APT2_FAAID": "", "APT2_ICAO": "", "APT2_NAME": "", "APT2_LAANC": null, "APT3_FAAID": "", "APT3_ICAO": "", "APT3_NAME": "", "APT3_LAANC": null, "APT4_FAAID": "", "APT4_ICAO": "", "APT4_NAME": "", "APT4_LAANC": null, "APT5_FAAID": "", "APT5_ICAO": "", "APT5_NAME": "", "APT5_LAANC": null, "AIRS_COUNT": 1, "AIRSPACE_1": "D", "AIRSPACE_2": "", "AIRSPACE_3": "", "AIRSPACE_4": "", "AIRSPACE_5": "", "REGION": "Central", "APT1_Enabled": "107-AA,107-FC,44809-AA", "APT2_Enabled": "", "APT3_Enabled": "", "APT4_Enabled": "", "APT5_Enabled": "", "Shape__Length": null, "Shape__Area": null, "Shape__Area_2": 6.944446886336664e-05, "Shape__Length_2": 0.03333333918135395, "layer": "UASFM intersecting city"}}, {"type": "Feature", "geometry": {"type": "Polygon", "coordinates": [[[-92.1750095824603, 34.89167229394349], [-92.1750095824603, 34.9000056292389], [-92.166676247165, 34.9000056292389], [-92.166676247165, 34.8916722939435], [-92.1750095824603, 34.89167229394349]]]}, "properties": {"OBJECTID": 26266, "CEILING": 0, "UNIT": "Feet", "MAP_EFF": "10/1/2026", "LAST_EDIT": "12/4/2024", "LATITUDE": 34.89583896, "LONGITUDE": -92.17084291, "GLOBALID": "4fe9be52-50c2-4f5d-8acb-b3500f3c38c6", "ARPT_COUNT": 1, "APT1_FAAID": "LRF", "APT1_ICAO": "KLRF", "APT1_NAME": "Little Rock AFB", "APT1_LAANC": 1, "APT2_FAAID": "", "APT2_ICAO": "", "APT2_NAME": "", "APT2_LAANC": null, "APT3_FAAID": "", "APT3_ICAO": "", "APT3_NAME": "", "APT3_LAANC": null, "APT4_FAAID": "", "APT4_ICAO": "", "APT4_NAME": "", "APT4_LAANC": null, "APT5_FAAID": "", "APT5_ICAO": "", "APT5_NAME": "", "APT5_LAANC": null, "AIRS_COUNT": 1, "AIRSPACE_1": "D", "AIRSPACE_2": "", "AIRSPACE_3": "", "AIRSPACE_4": "", "AIRSPACE_5": "", "REGION": "Central", "APT1_Enabled": "107-AA,107-FC,44809-AA", "APT2_Enabled": "", "APT3_Enabled": "", "APT4_Enabled": "", "APT5_Enabled": "", "Shape__Length": null, "Shape__Area": null, "Shape__Area_2": 6.944447704881895e-05, "Shape__Length_2": 0.0333333411813328, "layer": "UASFM intersecting city"}}, {"type": "Feature", "geometry": {"type": "Polygon", "coordinates": [[[-92.2000095873464, 34.9000056292389], [-92.2000095873464, 34.9083389635342], [-92.191676252051, 34.9083389635342], [-92.191676252051, 34.9000056292389], [-92.2000095873464, 34.9000056292389]]]}, "properties": {"OBJECTID": 26323, "CEILING": 0, "UNIT": "Feet", "MAP_EFF": "10/1/2026", "LAST_EDIT": "12/4/2024", "LATITUDE": 34.9041723, "LONGITUDE": -92.19584292, "GLOBALID": "25594fa5-2f08-4a48-9cb8-ebb37d0b101a", "ARPT_COUNT": 1, "APT1_FAAID": "LRF", "APT1_ICAO": "KLRF", "APT1_NAME": "Little Rock AFB", "APT1_LAANC": 1, "APT2_FAAID": "", "APT2_ICAO": "", "APT2_NAME": "", "APT2_LAANC": null, "APT3_FAAID": "", "APT3_ICAO": "", "APT3_NAME": "", "APT3_LAANC": null, "APT4_FAAID": "", "APT4_ICAO": "", "APT4_NAME": "", "APT4_LAANC": null, "APT5_FAAID": "", "APT5_ICAO": "", "APT5_NAME": "", "APT5_LAANC": null, "AIRS_COUNT": 1, "AIRSPACE_1": "D", "AIRSPACE_2": "", "AIRSPACE_3": "", "AIRSPACE_4": "", "AIRSPACE_5": "", "REGION": "Central", "APT1_Enabled": "107-AA,107-FC,44809-AA", "APT2_Enabled": "", "APT3_Enabled": "", "APT4_Enabled": "", "APT5_Enabled": "", "Shape__Length": null, "Shape__Area": null, "Shape__Area_2": 6.944446886336664e-05, "Shape__Length_2": 0.03333333918135395, "layer": "UASFM intersecting city"}}, {"type": "Feature", "geometry": {"type": "Polygon", "coordinates": [[[-92.191676252051, 34.9000056292389], [-92.191676252051, 34.9083389635342], [-92.1833429167556, 34.9083389635342], [-92.1833429167556, 34.90000562923888], [-92.191676252051, 34.9000056292389]]]}, "properties": {"OBJECTID": 26324, "CEILING": 0, "UNIT": "Feet", "MAP_EFF": "10/1/2026", "LAST_EDIT": "12/4/2024", "LATITUDE": 34.9041723, "LONGITUDE": -92.18750958, "GLOBALID": "8fb6e988-8f4e-4df1-8229-0842c54424d4", "ARPT_COUNT": 1, "APT1_FAAID": "LRF", "APT1_ICAO": "KLRF", "APT1_NAME": "Little Rock AFB", "APT1_LAANC": 1, "APT2_FAAID": "", "APT2_ICAO": "", "APT2_NAME": "", "APT2_LAANC": null, "APT3_FAAID": "", "APT3_ICAO": "", "APT3_NAME": "", "APT3_LAANC": null, "APT4_FAAID": "", "APT4_ICAO": "", "APT4_NAME": "", "APT4_LAANC": null, "APT5_FAAID": "", "APT5_ICAO": "", "APT5_NAME": "", "APT5_LAANC": null, "AIRS_COUNT": 1, "AIRSPACE_1": "D", "AIRSPACE_2": "", "AIRSPACE_3": "", "AIRSPACE_4": "", "AIRSPACE_5": "", "REGION": "Central", "APT1_Enabled": "107-AA,107-FC,44809-AA", "APT2_Enabled": "", "APT3_Enabled": "", "APT4_Enabled": "", "APT5_Enabled": "", "Shape__Length": null, "Shape__Area": null, "Shape__Area_2": 6.944446931811399e-05, "Shape__Length_2": 0.033333339181467636, "layer": "UASFM intersecting city"}}, {"type": "Feature", "geometry": {"type": "Polygon", "coordinates": [[[-92.1833429167556, 34.90000562923888], [-92.1833429167556, 34.9083389635342], [-92.1750095824603, 34.9083389635342], [-92.1750095824603, 34.9000056292389], [-92.1833429167556, 34.90000562923888]]]}, "properties": {"OBJECTID": 26325, "CEILING": 0, "UNIT": "Feet", "MAP_EFF": "10/1/2026", "LAST_EDIT": "12/4/2024", "LATITUDE": 34.9041723, "LONGITUDE": -92.17917625000001, "GLOBALID": "c914b423-0fdd-420a-9c4c-b441612b6ffe", "ARPT_COUNT": 1, "APT1_FAAID": "LRF", "APT1_ICAO": "KLRF", "APT1_NAME": "Little Rock AFB", "APT1_LAANC": 1, "APT2_FAAID": "", "APT2_ICAO": "", "APT2_NAME": "", "APT2_LAANC": null, "APT3_FAAID": "", "APT3_ICAO": "", "APT3_NAME": "", "APT3_LAANC": null, "APT4_FAAID": "", "APT4_ICAO": "", "APT4_NAME": "", "APT4_LAANC": null, "APT5_FAAID": "", "APT5_ICAO": "", "APT5_NAME": "", "APT5_LAANC": null, "AIRS_COUNT": 1, "AIRSPACE_1": "D", "AIRSPACE_2": "", "AIRSPACE_3": "", "AIRSPACE_4": "", "AIRSPACE_5": "", "REGION": "Central", "APT1_Enabled": "107-AA,107-FC,44809-AA", "APT2_Enabled": "", "APT3_Enabled": "", "APT4_Enabled": "", "APT5_Enabled": "", "Shape__Length": null, "Shape__Area": null, "Shape__Area_2": 6.944446022316697e-05, "Shape__Length_2": 0.0333333371813751, "layer": "UASFM intersecting city"}}, {"type": "Feature", "geometry": {"type": "Polygon", "coordinates": [[[-92.1750095824603, 34.9000056292389], [-92.1750095824603, 34.9083389635342], [-92.166676247165, 34.908338963534206], [-92.166676247165, 34.9000056292389], [-92.1750095824603, 34.9000056292389]]]}, "properties": {"OBJECTID": 26326, "CEILING": 0, "UNIT": "Feet", "MAP_EFF": "10/1/2026", "LAST_EDIT": "12/4/2024", "LATITUDE": 34.9041723, "LONGITUDE": -92.17084291, "GLOBALID": "2cc83e48-c4ce-43aa-b31a-7b3e0da81879", "ARPT_COUNT": 1, "APT1_FAAID": "LRF", "APT1_ICAO": "KLRF", "APT1_NAME": "Little Rock AFB", "APT1_LAANC": 1, "APT2_FAAID": "", "APT2_ICAO": "", "APT2_NAME": "", "APT2_LAANC": null, "APT3_FAAID": "", "APT3_ICAO": "", "APT3_NAME": "", "APT3_LAANC": null, "APT4_FAAID": "", "APT4_ICAO": "", "APT4_NAME": "", "APT4_LAANC": null, "APT5_FAAID": "", "APT5_ICAO": "", "APT5_NAME": "", "APT5_LAANC": null, "AIRS_COUNT": 1, "AIRSPACE_1": "D", "AIRSPACE_2": "", "AIRSPACE_3": "", "AIRSPACE_4": "", "AIRSPACE_5": "", "REGION": "Central", "APT1_Enabled": "107-AA,107-FC,44809-AA", "APT2_Enabled": "", "APT3_Enabled": "", "APT4_Enabled": "", "APT5_Enabled": "", "Shape__Length": null, "Shape__Area": null, "Shape__Area_2": 6.944446886336664e-05, "Shape__Length_2": 0.03333333918135395, "layer": "UASFM intersecting city"}}, {"type": "Feature", "geometry": {"type": "Polygon", "coordinates": [[[-92.21667625693702, 34.79167227439939], [-92.21667625693702, 34.80000560869469], [-92.2083429216417, 34.80000560869469], [-92.2083429216417, 34.79167227439939], [-92.21667625693702, 34.79167227439939]]]}, "properties": {"OBJECTID": 64204, "CEILING": 400, "UNIT": "Feet", "MAP_EFF": "10/1/2026", "LAST_EDIT": "9/12/2019", "LATITUDE": 34.79583894, "LONGITUDE": -92.21250959000001, "GLOBALID": "829833d0-7438-4cfb-8481-de78298c0e82", "ARPT_COUNT": 1, "APT1_FAAID": "LIT", "APT1_ICAO": "KLIT", "APT1_NAME": "Bill and Hillary Clinton Ntl/Adams Fld", "APT1_LAANC": 1, "APT2_FAAID": "", "APT2_ICAO": "", "APT2_NAME": "", "APT2_LAANC": null, "APT3_FAAID": "", "APT3_ICAO": "", "APT3_NAME": "", "APT3_LAANC": null, "APT4_FAAID": "", "APT4_ICAO": "", "APT4_NAME": "", "APT4_LAANC": null, "APT5_FAAID": "", "APT5_ICAO": "", "APT5_NAME": "", "APT5_LAANC": null, "AIRS_COUNT": 1, "AIRSPACE_1": "C", "AIRSPACE_2": "", "AIRSPACE_3": "", "AIRSPACE_4": "", "AIRSPACE_5": "", "REGION": "Central", "APT1_Enabled": "107-AA,107-FC,44809-AA", "APT2_Enabled": "", "APT3_Enabled": "", "APT4_Enabled": "", "APT5_Enabled": "", "Shape__Length": null, "Shape__Area": null, "Shape__Area_2": 6.944446886336664e-05, "Shape__Length_2": 0.03333333918135395, "layer": "UASFM intersecting city"}}, {"type": "Feature", "geometry": {"type": "Polygon", "coordinates": [[[-92.2083429216417, 34.79167227439939], [-92.2083429216417, 34.80000560869469], [-92.2000095873464, 34.80000560869469], [-92.2000095873464, 34.79167227439939], [-92.2083429216417, 34.79167227439939]]]}, "properties": {"OBJECTID": 64205, "CEILING": 400, "UNIT": "Feet", "MAP_EFF": "10/1/2026", "LAST_EDIT": "9/12/2019", "LATITUDE": 34.79583894, "LONGITUDE": -92.20417625, "GLOBALID": "b6430c45-165d-4ca6-ab16-7063f62290f2", "ARPT_COUNT": 1, "APT1_FAAID": "LIT", "APT1_ICAO": "KLIT", "APT1_NAME": "Bill and Hillary Clinton Ntl/Adams Fld", "APT1_LAANC": 1, "APT2_FAAID": "", "APT2_ICAO": "", "APT2_NAME": "", "APT2_LAANC": null, "APT3_FAAID": "", "APT3_ICAO": "", "APT3_NAME": "", "APT3_LAANC": null, "APT4_FAAID": "", "APT4_ICAO": "", "APT4_NAME": "", "APT4_LAANC": null, "APT5_FAAID": "", "APT5_ICAO": "", "APT5_NAME": "", "APT5_LAANC": null, "AIRS_COUNT": 1, "AIRSPACE_1": "C", "AIRSPACE_2": "", "AIRSPACE_3": "", "AIRSPACE_4": "", "AIRSPACE_5": "", "REGION": "Central", "APT1_Enabled": "107-AA,107-FC,44809-AA", "APT2_Enabled": "", "APT3_Enabled": "", "APT4_Enabled": "", "APT5_Enabled": "", "Shape__Length": null, "Shape__Area": null, "Shape__Area_2": 6.944446022316697e-05, "Shape__Length_2": 0.0333333371813751, "layer": "UASFM intersecting city"}}, {"type": "Feature", "geometry": {"type": "Polygon", "coordinates": [[[-92.2416762618231, 34.80000560869469], [-92.2416762618231, 34.808338943990094], [-92.2333429265277, 34.808338943990094], [-92.2333429265277, 34.8000056086947], [-92.2416762618231, 34.80000560869469]]]}, "properties": {"OBJECTID": 64291, "CEILING": 400, "UNIT": "Feet", "MAP_EFF": "10/1/2026", "LAST_EDIT": "9/12/2019", "LATITUDE": 34.804172279999996, "LONGITUDE": -92.23750959, "GLOBALID": "88a36849-10e6-425a-801c-827fc25af13f", "ARPT_COUNT": 1, "APT1_FAAID": "LIT", "APT1_ICAO": "KLIT", "APT1_NAME": "Bill and Hillary Clinton Ntl/Adams Fld", "APT1_LAANC": 1, "APT2_FAAID": "", "APT2_ICAO": "", "APT2_NAME": "", "APT2_LAANC": null, "APT3_FAAID": "", "APT3_ICAO": "", "APT3_NAME": "", "APT3_LAANC": null, "APT4_FAAID": "", "APT4_ICAO": "", "APT4_NAME": "", "APT4_LAANC": null, "APT5_FAAID": "", "APT5_ICAO": "", "APT5_NAME": "", "APT5_LAANC": null, "AIRS_COUNT": 1, "AIRSPACE_1": "C", "AIRSPACE_2": "", "AIRSPACE_3": "", "AIRSPACE_4": "", "AIRSPACE_5": "", "REGION": "Central", "APT1_Enabled": "107-AA,107-FC,44809-AA", "APT2_Enabled": "", "APT3_Enabled": "", "APT4_Enabled": "", "APT5_Enabled": "", "Shape__Length": null, "Shape__Area": null, "Shape__Area_2": 6.944447704881895e-05, "Shape__Length_2": 0.033333341181446485, "layer": "UASFM intersecting city"}}, {"type": "Feature", "geometry": {"type": "Polygon", "coordinates": [[[-92.2250095922324, 34.8000056086947], [-92.2250095922324, 34.808338943990094], [-92.21667625693702, 34.808338943990094], [-92.21667625693702, 34.80000560869469], [-92.2250095922324, 34.8000056086947]]]}, "properties": {"OBJECTID": 64292, "CEILING": 400, "UNIT": "Feet", "MAP_EFF": "10/1/2026", "LAST_EDIT": "9/12/2019", "LATITUDE": 34.804172279999996, "LONGITUDE": -92.22084292, "GLOBALID": "6cfa9c6e-01fa-4a91-ac5c-43051f345a79", "ARPT_COUNT": 1, "APT1_FAAID": "LIT", "APT1_ICAO": "KLIT", "APT1_NAME": "Bill and Hillary Clinton Ntl/Adams Fld", "APT1_LAANC": 1, "APT2_FAAID": "", "APT2_ICAO": "", "APT2_NAME": "", "APT2_LAANC": null, "APT3_FAAID": "", "APT3_ICAO": "", "APT3_NAME": "", "APT3_LAANC": null, "APT4_FAAID": "", "APT4_ICAO": "", "APT4_NAME": "", "APT4_LAANC": null, "APT5_FAAID": "", "APT5_ICAO": "", "APT5_NAME": "", "APT5_LAANC": null, "AIRS_COUNT": 1, "AIRSPACE_1": "C", "AIRSPACE_2": "", "AIRSPACE_3": "", "AIRSPACE_4": "", "AIRSPACE_5": "", "REGION": "Central", "APT1_Enabled": "107-AA,107-FC,44809-AA", "APT2_Enabled": "", "APT3_Enabled": "", "APT4_Enabled": "", "APT5_Enabled": "", "Shape__Length": null, "Shape__Area": null, "Shape__Area_2": 6.94444775035663e-05, "Shape__Length_2": 0.0333333411813328, "layer": "UASFM intersecting city"}}, {"type": "Feature", "geometry": {"type": "Polygon", "coordinates": [[[-92.21667625693702, 34.80000560869469], [-92.21667625693702, 34.808338943990094], [-92.2083429216417, 34.808338943990094], [-92.2083429216417, 34.80000560869469], [-92.21667625693702, 34.80000560869469]]]}, "properties": {"OBJECTID": 64293, "CEILING": 400, "UNIT": "Feet", "MAP_EFF": "10/1/2026", "LAST_EDIT": "9/12/2019", "LATITUDE": 34.804172279999996, "LONGITUDE": -92.21250959000001, "GLOBALID": "c19d50b2-b633-443a-a92c-5d6e7dbcde47", "ARPT_COUNT": 1, "APT1_FAAID": "LIT", "APT1_ICAO": "KLIT", "APT1_NAME": "Bill and Hillary Clinton Ntl/Adams Fld", "APT1_LAANC": 1, "APT2_FAAID": "", "APT2_ICAO": "", "APT2_NAME": "", "APT2_LAANC": null, "APT3_FAAID": "", "APT3_ICAO": "", "APT3_NAME": "", "APT3_LAANC": null, "APT4_FAAID": "", "APT4_ICAO": "", "APT4_NAME": "", "APT4_LAANC": null, "APT5_FAAID": "", "APT5_ICAO": "", "APT5_NAME": "", "APT5_LAANC": null, "AIRS_COUNT": 1, "AIRSPACE_1": "C", "AIRSPACE_2": "", "AIRSPACE_3": "", "AIRSPACE_4": "", "AIRSPACE_5": "", "REGION": "Central", "APT1_Enabled": "107-AA,107-FC,44809-AA", "APT2_Enabled": "", "APT3_Enabled": "", "APT4_Enabled": "", "APT5_Enabled": "", "Shape__Length": null, "Shape__Area": null, "Shape__Area_2": 6.944447704881895e-05, "Shape__Length_2": 0.0333333411813328, "layer": "UASFM intersecting city"}}, {"type": "Feature", "geometry": {"type": "Polygon", "coordinates": [[[-92.2083429216417, 34.80000560869469], [-92.2083429216417, 34.808338943990094], [-92.2000095873464, 34.808338943990094], [-92.2000095873464, 34.80000560869469], [-92.2083429216417, 34.80000560869469]]]}, "properties": {"OBJECTID": 64294, "CEILING": 400, "UNIT": "Feet", "MAP_EFF": "10/1/2026", "LAST_EDIT": "9/12/2019", "LATITUDE": 34.804172279999996, "LONGITUDE": -92.20417625, "GLOBALID": "fd572351-9282-48ac-9d62-740141f8ede9", "ARPT_COUNT": 1, "APT1_FAAID": "LIT", "APT1_ICAO": "KLIT", "APT1_NAME": "Bill and Hillary Clinton Ntl/Adams Fld", "APT1_LAANC": 1, "APT2_FAAID": "", "APT2_ICAO": "", "APT2_NAME": "", "APT2_LAANC": null, "APT3_FAAID": "", "APT3_ICAO": "", "APT3_NAME": "", "APT3_LAANC": null, "APT4_FAAID": "", "APT4_ICAO": "", "APT4_NAME": "", "APT4_LAANC": null, "APT5_FAAID": "", "APT5_ICAO": "", "APT5_NAME": "", "APT5_LAANC": null, "AIRS_COUNT": 1, "AIRSPACE_1": "C", "AIRSPACE_2": "", "AIRSPACE_3": "", "AIRSPACE_4": "", "AIRSPACE_5": "", "REGION": "Central", "APT1_Enabled": "107-AA,107-FC,44809-AA", "APT2_Enabled": "", "APT3_Enabled": "", "APT4_Enabled": "", "APT5_Enabled": "", "Shape__Length": null, "Shape__Area": null, "Shape__Area_2": 6.944446886336664e-05, "Shape__Length_2": 0.03333333918135395, "layer": "UASFM intersecting city"}}, {"type": "Feature", "geometry": {"type": "Polygon", "coordinates": [[[-92.2000095873464, 34.80000560869469], [-92.2000095873464, 34.808338943990094], [-92.191676252051, 34.808338943990094], [-92.191676252051, 34.80000560869469], [-92.2000095873464, 34.80000560869469]]]}, "properties": {"OBJECTID": 64295, "CEILING": 400, "UNIT": "Feet", "MAP_EFF": "10/1/2026", "LAST_EDIT": "9/12/2019", "LATITUDE": 34.804172279999996, "LONGITUDE": -92.19584292, "GLOBALID": "865d8d49-1a70-4d2f-9f49-a02cea2f75d0", "ARPT_COUNT": 1, "APT1_FAAID": "LIT", "APT1_ICAO": "KLIT", "APT1_NAME": "Bill and Hillary Clinton Ntl/Adams Fld", "APT1_LAANC": 1, "APT2_FAAID": "", "APT2_ICAO": "", "APT2_NAME": "", "APT2_LAANC": null, "APT3_FAAID": "", "APT3_ICAO": "", "APT3_NAME": "", "APT3_LAANC": null, "APT4_FAAID": "", "APT4_ICAO": "", "APT4_NAME": "", "APT4_LAANC": null, "APT5_FAAID": "", "APT5_ICAO": "", "APT5_NAME": "", "APT5_LAANC": null, "AIRS_COUNT": 1, "AIRSPACE_1": "C", "AIRSPACE_2": "", "AIRSPACE_3": "", "AIRSPACE_4": "", "AIRSPACE_5": "", "REGION": "Central", "APT1_Enabled": "107-AA,107-FC,44809-AA", "APT2_Enabled": "", "APT3_Enabled": "", "APT4_Enabled": "", "APT5_Enabled": "", "Shape__Length": null, "Shape__Area": null, "Shape__Area_2": 6.944447704881895e-05, "Shape__Length_2": 0.0333333411813328, "layer": "UASFM intersecting city"}}, {"type": "Feature", "geometry": {"type": "Polygon", "coordinates": [[[-92.191676252051, 34.80000560869469], [-92.191676252051, 34.808338943990094], [-92.1833429167556, 34.808338943990094], [-92.1833429167556, 34.80000560869469], [-92.191676252051, 34.80000560869469]]]}, "properties": {"OBJECTID": 64296, "CEILING": 400, "UNIT": "Feet", "MAP_EFF": "10/1/2026", "LAST_EDIT": "9/12/2019", "LATITUDE": 34.804172279999996, "LONGITUDE": -92.18750958, "GLOBALID": "d3db29b5-3c7e-4d16-8d17-e32882025a6b", "ARPT_COUNT": 1, "APT1_FAAID": "LIT", "APT1_ICAO": "KLIT", "APT1_NAME": "Bill and Hillary Clinton Ntl/Adams Fld", "APT1_LAANC": 1, "APT2_FAAID": "", "APT2_ICAO": "", "APT2_NAME": "", "APT2_LAANC": null, "APT3_FAAID": "", "APT3_ICAO": "", "APT3_NAME": "", "APT3_LAANC": null, "APT4_FAAID": "", "APT4_ICAO": "", "APT4_NAME": "", "APT4_LAANC": null, "APT5_FAAID": "", "APT5_ICAO": "", "APT5_NAME": "", "APT5_LAANC": null, "AIRS_COUNT": 1, "AIRSPACE_1": "C", "AIRSPACE_2": "", "AIRSPACE_3": "", "AIRSPACE_4": "", "AIRSPACE_5": "", "REGION": "Central", "APT1_Enabled": "107-AA,107-FC,44809-AA", "APT2_Enabled": "", "APT3_Enabled": "", "APT4_Enabled": "", "APT5_Enabled": "", "Shape__Length": null, "Shape__Area": null, "Shape__Area_2": 6.944447704881895e-05, "Shape__Length_2": 0.033333341181446485, "layer": "UASFM intersecting city"}}, {"type": "Feature", "geometry": {"type": "Polygon", "coordinates": [[[-92.2416762618231, 34.808338943990094], [-92.2416762618231, 34.816672279285385], [-92.2333429265277, 34.816672279285385], [-92.2333429265277, 34.808338943990094], [-92.2416762618231, 34.808338943990094]]]}, "properties": {"OBJECTID": 64373, "CEILING": 400, "UNIT": "Feet", "MAP_EFF": "10/1/2026", "LAST_EDIT": "9/12/2019", "LATITUDE": 34.81250561, "LONGITUDE": -92.23750959, "GLOBALID": "d2c05425-7e62-4406-afab-99401d255d65", "ARPT_COUNT": 1, "APT1_FAAID": "LIT", "APT1_ICAO": "KLIT", "APT1_NAME": "Bill and Hillary Clinton Ntl/Adams Fld", "APT1_LAANC": 1, "APT2_FAAID": "", "APT2_ICAO": "", "APT2_NAME": "", "APT2_LAANC": null, "APT3_FAAID": "", "APT3_ICAO": "", "APT3_NAME": "", "APT3_LAANC": null, "APT4_FAAID": "", "APT4_ICAO": "", "APT4_NAME": "", "APT4_LAANC": null, "APT5_FAAID": "", "APT5_ICAO": "", "APT5_NAME": "", "APT5_LAANC": null, "AIRS_COUNT": 1, "AIRSPACE_1": "C", "AIRSPACE_2": "", "AIRSPACE_3": "", "AIRSPACE_4": "", "AIRSPACE_5": "", "REGION": "Central", "APT1_Enabled": "107-AA,107-FC,44809-AA", "APT2_Enabled": "", "APT3_Enabled": "", "APT4_Enabled": "", "APT5_Enabled": "", "Shape__Length": null, "Shape__Area": null, "Shape__Area_2": 6.944447704881895e-05, "Shape__Length_2": 0.033333341181446485, "layer": "UASFM intersecting city"}}, {"type": "Feature", "geometry": {"type": "Polygon", "coordinates": [[[-92.2333429265277, 34.808338943990094], [-92.2333429265277, 34.816672279285385], [-92.2250095922324, 34.816672279285385], [-92.2250095922324, 34.808338943990094], [-92.2333429265277, 34.808338943990094]]]}, "properties": {"OBJECTID": 64374, "CEILING": 400, "UNIT": "Feet", "MAP_EFF": "10/1/2026", "LAST_EDIT": "9/12/2019", "LATITUDE": 34.81250561, "LONGITUDE": -92.22917626, "GLOBALID": "aa1e2d88-11c7-4f41-a22a-171ac5e148d0", "ARPT_COUNT": 1, "APT1_FAAID": "LIT", "APT1_ICAO": "KLIT", "APT1_NAME": "Bill and Hillary Clinton Ntl/Adams Fld", "APT1_LAANC": 1, "APT2_FAAID": "", "APT2_ICAO": "", "APT2_NAME": "", "APT2_LAANC": null, "APT3_FAAID": "", "APT3_ICAO": "", "APT3_NAME": "", "APT3_LAANC": null, "APT4_FAAID": "", "APT4_ICAO": "", "APT4_NAME": "", "APT4_LAANC": null, "APT5_FAAID": "", "APT5_ICAO": "", "APT5_NAME": "", "APT5_LAANC": null, "AIRS_COUNT": 1, "AIRSPACE_1": "C", "AIRSPACE_2": "", "AIRSPACE_3": "", "AIRSPACE_4": "", "AIRSPACE_5": "", "REGION": "Central", "APT1_Enabled": "107-AA,107-FC,44809-AA", "APT2_Enabled": "", "APT3_Enabled": "", "APT4_Enabled": "", "APT5_Enabled": "", "Shape__Length": null, "Shape__Area": null, "Shape__Area_2": 6.944446886336664e-05, "Shape__Length_2": 0.03333333918135395, "layer": "UASFM intersecting city"}}, {"type": "Feature", "geometry": {"type": "Polygon", "coordinates": [[[-92.21667625693702, 34.808338943990094], [-92.21667625693702, 34.816672279285385], [-92.2083429216417, 34.816672279285385], [-92.2083429216417, 34.808338943990094], [-92.21667625693702, 34.808338943990094]]]}, "properties": {"OBJECTID": 64375, "CEILING": 400, "UNIT": "Feet", "MAP_EFF": "10/1/2026", "LAST_EDIT": "9/12/2019", "LATITUDE": 34.81250561, "LONGITUDE": -92.21250959000001, "GLOBALID": "698e4069-fc3a-460a-87d2-25ea6222df28", "ARPT_COUNT": 1, "APT1_FAAID": "LIT", "APT1_ICAO": "KLIT", "APT1_NAME": "Bill and Hillary Clinton Ntl/Adams Fld", "APT1_LAANC": 1, "APT2_FAAID": "", "APT2_ICAO": "", "APT2_NAME": "", "APT2_LAANC": null, "APT3_FAAID": "", "APT3_ICAO": "", "APT3_NAME": "", "APT3_LAANC": null, "APT4_FAAID": "", "APT4_ICAO": "", "APT4_NAME": "", "APT4_LAANC": null, "APT5_FAAID": "", "APT5_ICAO": "", "APT5_NAME": "", "APT5_LAANC": null, "AIRS_COUNT": 1, "AIRSPACE_1": "C", "AIRSPACE_2": "", "AIRSPACE_3": "", "AIRSPACE_4": "", "AIRSPACE_5": "", "REGION": "Central", "APT1_Enabled": "107-AA,107-FC,44809-AA", "APT2_Enabled": "", "APT3_Enabled": "", "APT4_Enabled": "", "APT5_Enabled": "", "Shape__Length": null, "Shape__Area": null, "Shape__Area_2": 6.944447704881895e-05, "Shape__Length_2": 0.0333333411813328, "layer": "UASFM intersecting city"}}, {"type": "Feature", "geometry": {"type": "Polygon", "coordinates": [[[-92.2083429216417, 34.808338943990094], [-92.2083429216417, 34.816672279285385], [-92.2000095873464, 34.816672279285385], [-92.2000095873464, 34.808338943990094], [-92.2083429216417, 34.808338943990094]]]}, "properties": {"OBJECTID": 64376, "CEILING": 400, "UNIT": "Feet", "MAP_EFF": "10/1/2026", "LAST_EDIT": "9/12/2019", "LATITUDE": 34.81250561, "LONGITUDE": -92.20417625, "GLOBALID": "f5681399-18b5-4aba-b1e9-117de00c504a", "ARPT_COUNT": 1, "APT1_FAAID": "LIT", "APT1_ICAO": "KLIT", "APT1_NAME": "Bill and Hillary Clinton Ntl/Adams Fld", "APT1_LAANC": 1, "APT2_FAAID": "", "APT2_ICAO": "", "APT2_NAME": "", "APT2_LAANC": null, "APT3_FAAID": "", "APT3_ICAO": "", "APT3_NAME": "", "APT3_LAANC": null, "APT4_FAAID": "", "APT4_ICAO": "", "APT4_NAME": "", "APT4_LAANC": null, "APT5_FAAID": "", "APT5_ICAO": "", "APT5_NAME": "", "APT5_LAANC": null, "AIRS_COUNT": 1, "AIRSPACE_1": "C", "AIRSPACE_2": "", "AIRSPACE_3": "", "AIRSPACE_4": "", "AIRSPACE_5": "", "REGION": "Central", "APT1_Enabled": "107-AA,107-FC,44809-AA", "APT2_Enabled": "", "APT3_Enabled": "", "APT4_Enabled": "", "APT5_Enabled": "", "Shape__Length": null, "Shape__Area": null, "Shape__Area_2": 6.944446886336664e-05, "Shape__Length_2": 0.03333333918135395, "layer": "UASFM intersecting city"}}, {"type": "Feature", "geometry": {"type": "Polygon", "coordinates": [[[-92.2000095873464, 34.808338943990094], [-92.2000095873464, 34.816672279285385], [-92.191676252051, 34.816672279285385], [-92.191676252051, 34.808338943990094], [-92.2000095873464, 34.808338943990094]]]}, "properties": {"OBJECTID": 64377, "CEILING": 400, "UNIT": "Feet", "MAP_EFF": "10/1/2026", "LAST_EDIT": "9/12/2019", "LATITUDE": 34.81250561, "LONGITUDE": -92.19584292, "GLOBALID": "1fd6e24e-c628-42fe-b1fe-a3642245662b", "ARPT_COUNT": 1, "APT1_FAAID": "LIT", "APT1_ICAO": "KLIT", "APT1_NAME": "Bill and Hillary Clinton Ntl/Adams Fld", "APT1_LAANC": 1, "APT2_FAAID": "", "APT2_ICAO": "", "APT2_NAME": "", "APT2_LAANC": null, "APT3_FAAID": "", "APT3_ICAO": "", "APT3_NAME": "", "APT3_LAANC": null, "APT4_FAAID": "", "APT4_ICAO": "", "APT4_NAME": "", "APT4_LAANC": null, "APT5_FAAID": "", "APT5_ICAO": "", "APT5_NAME": "", "APT5_LAANC": null, "AIRS_COUNT": 1, "AIRSPACE_1": "C", "AIRSPACE_2": "", "AIRSPACE_3": "", "AIRSPACE_4": "", "AIRSPACE_5": "", "REGION": "Central", "APT1_Enabled": "107-AA,107-FC,44809-AA", "APT2_Enabled": "", "APT3_Enabled": "", "APT4_Enabled": "", "APT5_Enabled": "", "Shape__Length": null, "Shape__Area": null, "Shape__Area_2": 6.944447704881895e-05, "Shape__Length_2": 0.0333333411813328, "layer": "UASFM intersecting city"}}, {"type": "Feature", "geometry": {"type": "Polygon", "coordinates": [[[-92.2250095922324, 34.841672284171516], [-92.2250095922324, 34.850005619466785], [-92.21667625693702, 34.850005619466785], [-92.21667625693702, 34.84167228417151], [-92.2250095922324, 34.841672284171516]]]}, "properties": {"OBJECTID": 64763, "CEILING": 400, "UNIT": "Feet", "MAP_EFF": "10/1/2026", "LAST_EDIT": "12/4/2024", "LATITUDE": 34.845838949999994, "LONGITUDE": -92.22084292, "GLOBALID": "6789186c-0449-47da-90f8-795f58faa97c", "ARPT_COUNT": 1, "APT1_FAAID": "LRF", "APT1_ICAO": "KLRF", "APT1_NAME": "Little Rock AFB", "APT1_LAANC": 1, "APT2_FAAID": "", "APT2_ICAO": "", "APT2_NAME": "", "APT2_LAANC": null, "APT3_FAAID": "", "APT3_ICAO": "", "APT3_NAME": "", "APT3_LAANC": null, "APT4_FAAID": "", "APT4_ICAO": "", "APT4_NAME": "", "APT4_LAANC": null, "APT5_FAAID": "", "APT5_ICAO": "", "APT5_NAME": "", "APT5_LAANC": null, "AIRS_COUNT": 1, "AIRSPACE_1": "D", "AIRSPACE_2": "", "AIRSPACE_3": "", "AIRSPACE_4": "", "AIRSPACE_5": "", "REGION": "Central", "APT1_Enabled": "107-AA,107-FC,44809-AA", "APT2_Enabled": "", "APT3_Enabled": "", "APT4_Enabled": "", "APT5_Enabled": "", "Shape__Length": null, "Shape__Area": null, "Shape__Area_2": 6.94444775035663e-05, "Shape__Length_2": 0.0333333411813328, "layer": "UASFM intersecting city"}}, {"type": "Feature", "geometry": {"type": "Polygon", "coordinates": [[[-92.21667625693702, 34.850005619466785], [-92.21667625693702, 34.858338953762086], [-92.2083429216417, 34.858338953762086], [-92.2083429216417, 34.850005619466785], [-92.21667625693702, 34.850005619466785]]]}, "properties": {"OBJECTID": 333066, "CEILING": 400, "UNIT": "Feet", "MAP_EFF": "10/1/2026", "LAST_EDIT": "12/4/2024", "LATITUDE": 34.85417229, "LONGITUDE": -92.21250959000001, "GLOBALID": "c85ce88a-8dea-492c-b25b-dbc9602a4777", "ARPT_COUNT": 1, "APT1_FAAID": "LRF", "APT1_ICAO": "KLRF", "APT1_NAME": "Little Rock AFB", "APT1_LAANC": 1, "APT2_FAAID": "", "APT2_ICAO": "", "APT2_NAME": "", "APT2_LAANC": null, "APT3_FAAID": "", "APT3_ICAO": "", "APT3_NAME": "", "APT3_LAANC": null, "APT4_FAAID": "", "APT4_ICAO": "", "APT4_NAME": "", "APT4_LAANC": null, "APT5_FAAID": "", "APT5_ICAO": "", "APT5_NAME": "", "APT5_LAANC": null, "AIRS_COUNT": 1, "AIRSPACE_1": "D", "AIRSPACE_2": "", "AIRSPACE_3": "", "AIRSPACE_4": "", "AIRSPACE_5": "", "REGION": "Central", "APT1_Enabled": "107-AA,107-FC,44809-AA", "APT2_Enabled": "", "APT3_Enabled": "", "APT4_Enabled": "", "APT5_Enabled": "", "Shape__Length": null, "Shape__Area": null, "Shape__Area_2": 6.944446886336664e-05, "Shape__Length_2": 0.03333333918135395, "layer": "UASFM intersecting city"}}, {"type": "Feature", "geometry": {"type": "Polygon", "coordinates": [[[-92.2000095873464, 34.850005619466785], [-92.2000095873464, 34.858338953762086], [-92.191676252051, 34.858338953762086], [-92.191676252051, 34.850005619466785], [-92.2000095873464, 34.850005619466785]]]}, "properties": {"OBJECTID": 333067, "CEILING": 400, "UNIT": "Feet", "MAP_EFF": "10/1/2026", "LAST_EDIT": "12/4/2024", "LATITUDE": 34.85417229, "LONGITUDE": -92.19584292, "GLOBALID": "6522c337-cd25-4bbc-8469-16e82f6aeba1", "ARPT_COUNT": 1, "APT1_FAAID": "LRF", "APT1_ICAO": "KLRF", "APT1_NAME": "Little Rock AFB", "APT1_LAANC": 1, "APT2_FAAID": "", "APT2_ICAO": "", "APT2_NAME": "", "APT2_LAANC": null, "APT3_FAAID": "", "APT3_ICAO": "", "APT3_NAME": "", "APT3_LAANC": null, "APT4_FAAID": "", "APT4_ICAO": "", "APT4_NAME": "", "APT4_LAANC": null, "APT5_FAAID": "", "APT5_ICAO": "", "APT5_NAME": "", "APT5_LAANC": null, "AIRS_COUNT": 1, "AIRSPACE_1": "D", "AIRSPACE_2": "", "AIRSPACE_3": "", "AIRSPACE_4": "", "AIRSPACE_5": "", "REGION": "Central", "APT1_Enabled": "107-AA,107-FC,44809-AA", "APT2_Enabled": "", "APT3_Enabled": "", "APT4_Enabled": "", "APT5_Enabled": "", "Shape__Length": null, "Shape__Area": null, "Shape__Area_2": 6.944446931811399e-05, "Shape__Length_2": 0.03333333918135395, "layer": "UASFM intersecting city"}}, {"type": "Feature", "geometry": {"type": "Polygon", "coordinates": [[[-92.1833429167556, 34.85000561946677], [-92.1833429167556, 34.858338953762086], [-92.1750095824603, 34.858338953762086], [-92.1750095824603, 34.850005619466785], [-92.1833429167556, 34.85000561946677]]]}, "properties": {"OBJECTID": 333068, "CEILING": 400, "UNIT": "Feet", "MAP_EFF": "10/1/2026", "LAST_EDIT": "12/4/2024", "LATITUDE": 34.85417229, "LONGITUDE": -92.17917625000001, "GLOBALID": "9500f919-e0d7-4968-8d43-7ea8eb5b3fba", "ARPT_COUNT": 1, "APT1_FAAID": "LRF", "APT1_ICAO": "KLRF", "APT1_NAME": "Little Rock AFB", "APT1_LAANC": 1, "APT2_FAAID": "", "APT2_ICAO": "", "APT2_NAME": "", "APT2_LAANC": null, "APT3_FAAID": "", "APT3_ICAO": "", "APT3_NAME": "", "APT3_LAANC": null, "APT4_FAAID": "", "APT4_ICAO": "", "APT4_NAME": "", "APT4_LAANC": null, "APT5_FAAID": "", "APT5_ICAO": "", "APT5_NAME": "", "APT5_LAANC": null, "AIRS_COUNT": 1, "AIRSPACE_1": "D", "AIRSPACE_2": "", "AIRSPACE_3": "", "AIRSPACE_4": "", "AIRSPACE_5": "", "REGION": "Central", "APT1_Enabled": "107-AA,107-FC,44809-AA", "APT2_Enabled": "", "APT3_Enabled": "", "APT4_Enabled": "", "APT5_Enabled": "", "Shape__Length": null, "Shape__Area": null, "Shape__Area_2": 6.944446067791432e-05, "Shape__Length_2": 0.0333333371813751, "layer": "UASFM intersecting city"}}, {"type": "Feature", "geometry": {"type": "Polygon", "coordinates": [[[-92.191676252051, 34.825005613580686], [-92.191676252051, 34.83333894887609], [-92.1833429167556, 34.83333894887609], [-92.1833429167556, 34.825005613580686], [-92.191676252051, 34.825005613580686]]]}, "properties": {"OBJECTID": 333103, "CEILING": 400, "UNIT": "Feet", "MAP_EFF": "10/1/2026", "LAST_EDIT": "12/4/2024", "LATITUDE": 34.829172279999995, "LONGITUDE": -92.18750958, "GLOBALID": "30edd7dc-258a-4e39-a20e-8b95eb9a92c1", "ARPT_COUNT": 1, "APT1_FAAID": "LRF", "APT1_ICAO": "KLRF", "APT1_NAME": "Little Rock AFB", "APT1_LAANC": 1, "APT2_FAAID": "", "APT2_ICAO": "", "APT2_NAME": "", "APT2_LAANC": null, "APT3_FAAID": "", "APT3_ICAO": "", "APT3_NAME": "", "APT3_LAANC": null, "APT4_FAAID": "", "APT4_ICAO": "", "APT4_NAME": "", "APT4_LAANC": null, "APT5_FAAID": "", "APT5_ICAO": "", "APT5_NAME": "", "APT5_LAANC": null, "AIRS_COUNT": 1, "AIRSPACE_1": "D", "AIRSPACE_2": "", "AIRSPACE_3": "", "AIRSPACE_4": "", "AIRSPACE_5": "", "REGION": "Central", "APT1_Enabled": "107-AA,107-FC,44809-AA", "APT2_Enabled": "", "APT3_Enabled": "", "APT4_Enabled": "", "APT5_Enabled": "", "Shape__Length": null, "Shape__Area": null, "Shape__Area_2": 6.94444765940716e-05, "Shape__Length_2": 0.03333334118156017, "layer": "UASFM intersecting city"}}, {"type": "Feature", "geometry": {"type": "Polygon", "coordinates": [[[-92.1750095824603, 34.825005613580686], [-92.1750095824603, 34.83333894887609], [-92.166676247165, 34.83333894887609], [-92.166676247165, 34.825005613580686], [-92.1750095824603, 34.825005613580686]]]}, "properties": {"OBJECTID": 333104, "CEILING": 400, "UNIT": "Feet", "MAP_EFF": "10/1/2026", "LAST_EDIT": "12/4/2024", "LATITUDE": 34.829172279999995, "LONGITUDE": -92.17084291, "GLOBALID": "1ebac3d5-585d-4335-b360-d7017b4aa7c5", "ARPT_COUNT": 1, "APT1_FAAID": "LRF", "APT1_ICAO": "KLRF", "APT1_NAME": "Little Rock AFB", "APT1_LAANC": 1, "APT2_FAAID": "", "APT2_ICAO": "", "APT2_NAME": "", "APT2_LAANC": null, "APT3_FAAID": "", "APT3_ICAO": "", "APT3_NAME": "", "APT3_LAANC": null, "APT4_FAAID": "", "APT4_ICAO": "", "APT4_NAME": "", "APT4_LAANC": null, "APT5_FAAID": "", "APT5_ICAO": "", "APT5_NAME": "", "APT5_LAANC": null, "AIRS_COUNT": 1, "AIRSPACE_1": "D", "AIRSPACE_2": "", "AIRSPACE_3": "", "AIRSPACE_4": "", "AIRSPACE_5": "", "REGION": "Central", "APT1_Enabled": "107-AA,107-FC,44809-AA", "APT2_Enabled": "", "APT3_Enabled": "", "APT4_Enabled": "", "APT5_Enabled": "", "Shape__Length": null, "Shape__Area": null, "Shape__Area_2": 6.944447704881895e-05, "Shape__Length_2": 0.033333341181446485, "layer": "UASFM intersecting city"}}, {"type": "Feature", "geometry": {"type": "Polygon", "coordinates": [[[-92.21667625693702, 34.84167228417151], [-92.21667625693702, 34.850005619466785], [-92.2083429216417, 34.850005619466785], [-92.2083429216417, 34.84167228417151], [-92.21667625693702, 34.84167228417151]]]}, "properties": {"OBJECTID": 333118, "CEILING": 400, "UNIT": "Feet", "MAP_EFF": "10/1/2026", "LAST_EDIT": "12/4/2024", "LATITUDE": 34.845838949999994, "LONGITUDE": -92.21250959000001, "GLOBALID": "5ccd7af1-46d5-4010-b5ae-ba1d3773b20c", "ARPT_COUNT": 1, "APT1_FAAID": "LRF", "APT1_ICAO": "KLRF", "APT1_NAME": "Little Rock AFB", "APT1_LAANC": 1, "APT2_FAAID": "", "APT2_ICAO": "", "APT2_NAME": "", "APT2_LAANC": null, "APT3_FAAID": "", "APT3_ICAO": "", "APT3_NAME": "", "APT3_LAANC": null, "APT4_FAAID": "", "APT4_ICAO": "", "APT4_NAME": "", "APT4_LAANC": null, "APT5_FAAID": "", "APT5_ICAO": "", "APT5_NAME": "", "APT5_LAANC": null, "AIRS_COUNT": 1, "AIRSPACE_1": "D", "AIRSPACE_2": "", "AIRSPACE_3": "", "AIRSPACE_4": "", "AIRSPACE_5": "", "REGION": "Central", "APT1_Enabled": "107-AA,107-FC,44809-AA", "APT2_Enabled": "", "APT3_Enabled": "", "APT4_Enabled": "", "APT5_Enabled": "", "Shape__Length": null, "Shape__Area": null, "Shape__Area_2": 6.944447704881895e-05, "Shape__Length_2": 0.0333333411813328, "layer": "UASFM intersecting city"}}, {"type": "Feature", "geometry": {"type": "Polygon", "coordinates": [[[-92.2250095922324, 34.86667228905748], [-92.2250095922324, 34.87500562435289], [-92.21667625693702, 34.87500562435289], [-92.21667625693702, 34.86667228905748], [-92.2250095922324, 34.86667228905748]]]}, "properties": {"OBJECTID": 333156, "CEILING": 400, "UNIT": "Feet", "MAP_EFF": "10/1/2026", "LAST_EDIT": "12/4/2024", "LATITUDE": 34.87083896, "LONGITUDE": -92.22084292, "GLOBALID": "c9f845ba-f108-420f-ae00-dbc287aee989", "ARPT_COUNT": 1, "APT1_FAAID": "LRF", "APT1_ICAO": "KLRF", "APT1_NAME": "Little Rock AFB", "APT1_LAANC": 1, "APT2_FAAID": "", "APT2_ICAO": "", "APT2_NAME": "", "APT2_LAANC": null, "APT3_FAAID": "", "APT3_ICAO": "", "APT3_NAME": "", "APT3_LAANC": null, "APT4_FAAID": "", "APT4_ICAO": "", "APT4_NAME": "", "APT4_LAANC": null, "APT5_FAAID": "", "APT5_ICAO": "", "APT5_NAME": "", "APT5_LAANC": null, "AIRS_COUNT": 1, "AIRSPACE_1": "D", "AIRSPACE_2": "", "AIRSPACE_3": "", "AIRSPACE_4": "", "AIRSPACE_5": "", "REGION": "Central", "APT1_Enabled": "107-AA,107-FC,44809-AA", "APT2_Enabled": "", "APT3_Enabled": "", "APT4_Enabled": "", "APT5_Enabled": "", "Shape__Length": null, "Shape__Area": null, "Shape__Area_2": 6.944447704881895e-05, "Shape__Length_2": 0.033333341181446485, "layer": "UASFM intersecting city"}}, {"type": "Feature", "geometry": {"type": "Polygon", "coordinates": [[[-92.2083429216417, 34.866672289057504], [-92.2083429216417, 34.8750056243529], [-92.2000095873464, 34.87500562435289], [-92.2000095873464, 34.86667228905748], [-92.2083429216417, 34.866672289057504]]]}, "properties": {"OBJECTID": 333157, "CEILING": 400, "UNIT": "Feet", "MAP_EFF": "10/1/2026", "LAST_EDIT": "12/4/2024", "LATITUDE": 34.87083896, "LONGITUDE": -92.20417625, "GLOBALID": "b7300c6d-fc79-4af8-8f8a-10a19b8cc97e", "ARPT_COUNT": 1, "APT1_FAAID": "LRF", "APT1_ICAO": "KLRF", "APT1_NAME": "Little Rock AFB", "APT1_LAANC": 1, "APT2_FAAID": "", "APT2_ICAO": "", "APT2_NAME": "", "APT2_LAANC": null, "APT3_FAAID": "", "APT3_ICAO": "", "APT3_NAME": "", "APT3_LAANC": null, "APT4_FAAID": "", "APT4_ICAO": "", "APT4_NAME": "", "APT4_LAANC": null, "APT5_FAAID": "", "APT5_ICAO": "", "APT5_NAME": "", "APT5_LAANC": null, "AIRS_COUNT": 1, "AIRSPACE_1": "D", "AIRSPACE_2": "", "AIRSPACE_3": "", "AIRSPACE_4": "", "AIRSPACE_5": "", "REGION": "Central", "APT1_Enabled": "107-AA,107-FC,44809-AA", "APT2_Enabled": "", "APT3_Enabled": "", "APT4_Enabled": "", "APT5_Enabled": "", "Shape__Length": null, "Shape__Area": null, "Shape__Area_2": 6.944446840861929e-05, "Shape__Length_2": 0.033333339181467636, "layer": "UASFM intersecting city"}}, {"type": "Feature", "geometry": {"type": "Polygon", "coordinates": [[[-92.2333429265277, 34.87500562435289], [-92.2333429265277, 34.883338958648196], [-92.2250095922324, 34.883338958648196], [-92.2250095922324, 34.87500562435289], [-92.2333429265277, 34.87500562435289]]]}, "properties": {"OBJECTID": 333168, "CEILING": 400, "UNIT": "Feet", "MAP_EFF": "10/1/2026", "LAST_EDIT": "12/4/2024", "LATITUDE": 34.87917229, "LONGITUDE": -92.22917626, "GLOBALID": "f39be6aa-d8d1-44bf-aaf1-264417efa4dc", "ARPT_COUNT": 1, "APT1_FAAID": "LRF", "APT1_ICAO": "KLRF", "APT1_NAME": "Little Rock AFB", "APT1_LAANC": 1, "APT2_FAAID": "", "APT2_ICAO": "", "APT2_NAME": "", "APT2_LAANC": null, "APT3_FAAID": "", "APT3_ICAO": "", "APT3_NAME": "", "APT3_LAANC": null, "APT4_FAAID": "", "APT4_ICAO": "", "APT4_NAME": "", "APT4_LAANC": null, "APT5_FAAID": "", "APT5_ICAO": "", "APT5_NAME": "", "APT5_LAANC": null, "AIRS_COUNT": 1, "AIRSPACE_1": "D", "AIRSPACE_2": "", "AIRSPACE_3": "", "AIRSPACE_4": "", "AIRSPACE_5": "", "REGION": "Central", "APT1_Enabled": "107-AA,107-FC,44809-AA", "APT2_Enabled": "", "APT3_Enabled": "", "APT4_Enabled": "", "APT5_Enabled": "", "Shape__Length": null, "Shape__Area": null, "Shape__Area_2": 6.944446067791432e-05, "Shape__Length_2": 0.0333333371813751, "layer": "UASFM intersecting city"}}, {"type": "Feature", "geometry": {"type": "Polygon", "coordinates": [[[-92.21667625693702, 34.87500562435289], [-92.21667625693702, 34.883338958648196], [-92.2083429216417, 34.883338958648196], [-92.2083429216417, 34.8750056243529], [-92.21667625693702, 34.87500562435289]]]}, "properties": {"OBJECTID": 333169, "CEILING": 400, "UNIT": "Feet", "MAP_EFF": "10/1/2026", "LAST_EDIT": "12/4/2024", "LATITUDE": 34.87917229, "LONGITUDE": -92.21250959000001, "GLOBALID": "5195e42f-7e53-40b0-b190-4b9eb2d0dbd6", "ARPT_COUNT": 1, "APT1_FAAID": "LRF", "APT1_ICAO": "KLRF", "APT1_NAME": "Little Rock AFB", "APT1_LAANC": 1, "APT2_FAAID": "", "APT2_ICAO": "", "APT2_NAME": "", "APT2_LAANC": null, "APT3_FAAID": "", "APT3_ICAO": "", "APT3_NAME": "", "APT3_LAANC": null, "APT4_FAAID": "", "APT4_ICAO": "", "APT4_NAME": "", "APT4_LAANC": null, "APT5_FAAID": "", "APT5_ICAO": "", "APT5_NAME": "", "APT5_LAANC": null, "AIRS_COUNT": 1, "AIRSPACE_1": "D", "AIRSPACE_2": "", "AIRSPACE_3": "", "AIRSPACE_4": "", "AIRSPACE_5": "", "REGION": "Central", "APT1_Enabled": "107-AA,107-FC,44809-AA", "APT2_Enabled": "", "APT3_Enabled": "", "APT4_Enabled": "", "APT5_Enabled": "", "Shape__Length": null, "Shape__Area": null, "Shape__Area_2": 6.944446886336664e-05, "Shape__Length_2": 0.03333333918135395, "layer": "UASFM intersecting city"}}, {"type": "Feature", "geometry": {"type": "Polygon", "coordinates": [[[-92.21667625693702, 34.883338958648196], [-92.21667625693702, 34.89167229394349], [-92.2083429216417, 34.89167229394349], [-92.2083429216417, 34.883338958648196], [-92.21667625693702, 34.883338958648196]]]}, "properties": {"OBJECTID": 333181, "CEILING": 0, "UNIT": "Feet", "MAP_EFF": "10/1/2026", "LAST_EDIT": "12/4/2024", "LATITUDE": 34.88750563, "LONGITUDE": -92.21250959000001, "GLOBALID": "9d51e2f3-7034-4eac-89e8-3cd160456b8c", "ARPT_COUNT": 1, "APT1_FAAID": "LRF", "APT1_ICAO": "KLRF", "APT1_NAME": "Little Rock AFB", "APT1_LAANC": 1, "APT2_FAAID": "", "APT2_ICAO": "", "APT2_NAME": "", "APT2_LAANC": null, "APT3_FAAID": "", "APT3_ICAO": "", "APT3_NAME": "", "APT3_LAANC": null, "APT4_FAAID": "", "APT4_ICAO": "", "APT4_NAME": "", "APT4_LAANC": null, "APT5_FAAID": "", "APT5_ICAO": "", "APT5_NAME": "", "APT5_LAANC": null, "AIRS_COUNT": 1, "AIRSPACE_1": "D", "AIRSPACE_2": "", "AIRSPACE_3": "", "AIRSPACE_4": "", "AIRSPACE_5": "", "REGION": "Central", "APT1_Enabled": "107-AA,107-FC,44809-AA", "APT2_Enabled": "", "APT3_Enabled": "", "APT4_Enabled": "", "APT5_Enabled": "", "Shape__Length": null, "Shape__Area": null, "Shape__Area_2": 6.944447704881895e-05, "Shape__Length_2": 0.0333333411813328, "layer": "UASFM intersecting city"}}, {"type": "Feature", "geometry": {"type": "Polygon", "coordinates": [[[-92.21667625693702, 34.89167229394349], [-92.21667625693702, 34.90000562923888], [-92.2083429216417, 34.9000056292389], [-92.2083429216417, 34.89167229394349], [-92.21667625693702, 34.89167229394349]]]}, "properties": {"OBJECTID": 333197, "CEILING": 0, "UNIT": "Feet", "MAP_EFF": "10/1/2026", "LAST_EDIT": "12/4/2024", "LATITUDE": 34.89583896, "LONGITUDE": -92.21250959000001, "GLOBALID": "7bdfeb9b-eab0-4599-abcc-7edb9d5c7148", "ARPT_COUNT": 1, "APT1_FAAID": "LRF", "APT1_ICAO": "KLRF", "APT1_NAME": "Little Rock AFB", "APT1_LAANC": 1, "APT2_FAAID": "", "APT2_ICAO": "", "APT2_NAME": "", "APT2_LAANC": null, "APT3_FAAID": "", "APT3_ICAO": "", "APT3_NAME": "", "APT3_LAANC": null, "APT4_FAAID": "", "APT4_ICAO": "", "APT4_NAME": "", "APT4_LAANC": null, "APT5_FAAID": "", "APT5_ICAO": "", "APT5_NAME": "", "APT5_LAANC": null, "AIRS_COUNT": 1, "AIRSPACE_1": "D", "AIRSPACE_2": "", "AIRSPACE_3": "", "AIRSPACE_4": "", "AIRSPACE_5": "", "REGION": "Central", "APT1_Enabled": "107-AA,107-FC,44809-AA", "APT2_Enabled": "", "APT3_Enabled": "", "APT4_Enabled": "", "APT5_Enabled": "", "Shape__Length": null, "Shape__Area": null, "Shape__Area_2": 6.944447704881895e-05, "Shape__Length_2": 0.0333333411813328, "layer": "UASFM intersecting city"}}, {"type": "Feature", "geometry": {"type": "Polygon", "coordinates": [[[-92.2333429265277, 34.8000056086947], [-92.2333429265277, 34.808338943990094], [-92.2250095922324, 34.808338943990094], [-92.2250095922324, 34.8000056086947], [-92.2333429265277, 34.8000056086947]]]}, "properties": {"OBJECTID": 339692, "CEILING": 400, "UNIT": "Feet", "MAP_EFF": "10/1/2026", "LAST_EDIT": "9/12/2019", "LATITUDE": 34.804172279999996, "LONGITUDE": -92.22917626, "GLOBALID": "7468e2f7-10e2-4757-9a1e-f06d3195dbbc", "ARPT_COUNT": 1, "APT1_FAAID": "LIT", "APT1_ICAO": "KLIT", "APT1_NAME": "Bill and Hillary Clinton Ntl/Adams Fld", "APT1_LAANC": 1, "APT2_FAAID": "", "APT2_ICAO": "", "APT2_NAME": "", "APT2_LAANC": null, "APT3_FAAID": "", "APT3_ICAO": "", "APT3_NAME": "", "APT3_LAANC": null, "APT4_FAAID": "", "APT4_ICAO": "", "APT4_NAME": "", "APT4_LAANC": null, "APT5_FAAID": "", "APT5_ICAO": "", "APT5_NAME": "", "APT5_LAANC": null, "AIRS_COUNT": 1, "AIRSPACE_1": "C", "AIRSPACE_2": "", "AIRSPACE_3": "", "AIRSPACE_4": "", "AIRSPACE_5": "", "REGION": "Central", "APT1_Enabled": "107-AA,107-FC,44809-AA", "APT2_Enabled": "", "APT3_Enabled": "", "APT4_Enabled": "", "APT5_Enabled": "", "Shape__Length": null, "Shape__Area": null, "Shape__Area_2": 6.944446886336664e-05, "Shape__Length_2": 0.03333333918135395, "layer": "UASFM intersecting city"}}, {"type": "Feature", "geometry": {"type": "Polygon", "coordinates": [[[-92.1833429167556, 34.80000560869469], [-92.1833429167556, 34.808338943990094], [-92.1750095824603, 34.808338943990094], [-92.1750095824603, 34.80000560869469], [-92.1833429167556, 34.80000560869469]]]}, "properties": {"OBJECTID": 339693, "CEILING": 400, "UNIT": "Feet", "MAP_EFF": "10/1/2026", "LAST_EDIT": "9/12/2019", "LATITUDE": 34.804172279999996, "LONGITUDE": -92.17917625000001, "GLOBALID": "70ff4b40-53b0-4d51-b7e7-55c439b071ab", "ARPT_COUNT": 1, "APT1_FAAID": "LIT", "APT1_ICAO": "KLIT", "APT1_NAME": "Bill and Hillary Clinton Ntl/Adams Fld", "APT1_LAANC": 1, "APT2_FAAID": "", "APT2_ICAO": "", "APT2_NAME": "", "APT2_LAANC": null, "APT3_FAAID": "", "APT3_ICAO": "", "APT3_NAME": "", "APT3_LAANC": null, "APT4_FAAID": "", "APT4_ICAO": "", "APT4_NAME": "", "APT4_LAANC": null, "APT5_FAAID": "", "APT5_ICAO": "", "APT5_NAME": "", "APT5_LAANC": null, "AIRS_COUNT": 1, "AIRSPACE_1": "C", "AIRSPACE_2": "", "AIRSPACE_3": "", "AIRSPACE_4": "", "AIRSPACE_5": "", "REGION": "Central", "APT1_Enabled": "107-AA,107-FC,44809-AA", "APT2_Enabled": "", "APT3_Enabled": "", "APT4_Enabled": "", "APT5_Enabled": "", "Shape__Length": null, "Shape__Area": null, "Shape__Area_2": 6.944446886336664e-05, "Shape__Length_2": 0.03333333918135395, "layer": "UASFM intersecting city"}}, {"type": "Feature", "geometry": {"type": "Polygon", "coordinates": [[[-92.2250095922324, 34.808338943990094], [-92.2250095922324, 34.816672279285385], [-92.21667625693702, 34.816672279285385], [-92.21667625693702, 34.808338943990094], [-92.2250095922324, 34.808338943990094]]]}, "properties": {"OBJECTID": 339706, "CEILING": 400, "UNIT": "Feet", "MAP_EFF": "10/1/2026", "LAST_EDIT": "9/12/2019", "LATITUDE": 34.81250561, "LONGITUDE": -92.22084292, "GLOBALID": "86d0f493-4896-4e9a-8958-56a35d565b12", "ARPT_COUNT": 1, "APT1_FAAID": "LIT", "APT1_ICAO": "KLIT", "APT1_NAME": "Bill and Hillary Clinton Ntl/Adams Fld", "APT1_LAANC": 1, "APT2_FAAID": "", "APT2_ICAO": "", "APT2_NAME": "", "APT2_LAANC": null, "APT3_FAAID": "", "APT3_ICAO": "", "APT3_NAME": "", "APT3_LAANC": null, "APT4_FAAID": "", "APT4_ICAO": "", "APT4_NAME": "", "APT4_LAANC": null, "APT5_FAAID": "", "APT5_ICAO": "", "APT5_NAME": "", "APT5_LAANC": null, "AIRS_COUNT": 1, "AIRSPACE_1": "C", "AIRSPACE_2": "", "AIRSPACE_3": "", "AIRSPACE_4": "", "AIRSPACE_5": "", "REGION": "Central", "APT1_Enabled": "107-AA,107-FC,44809-AA", "APT2_Enabled": "", "APT3_Enabled": "", "APT4_Enabled": "", "APT5_Enabled": "", "Shape__Length": null, "Shape__Area": null, "Shape__Area_2": 6.944447704881895e-05, "Shape__Length_2": 0.0333333411813328, "layer": "UASFM intersecting city"}}, {"type": "Feature", "geometry": {"type": "Polygon", "coordinates": [[[-92.1450074776, 35.011003315394284], [-92.1448938525693, 35.01100326839948], [-92.1447802285387, 35.01100312840459], [-92.1446666045079, 35.0110028944098], [-92.1445529804772, 35.01100256641496], [-92.1444393564465, 35.011002145419994], [-92.1443257334158, 35.0110016304252], [-92.1442121113851, 35.0110010224303], [-92.1440984903544, 35.011000320435286], [-92.1439848693236, 35.010999524440294], [-92.1438712502929, 35.01099863544529], [-92.1437576322621, 35.01099765345041], [-92.1436440142314, 35.010996576455284], [-92.1435303992006, 35.01099540746029], [-92.1434167841699, 35.01099414346528], [-92.1433031721391, 35.010992786470204], [-92.1431895611083, 35.01099133547509], [-92.1430759520775, 35.01098979147998], [-92.1429623450468, 35.01098815448499], [-92.142848740016, 35.010986422489786], [-92.1427351369852, 35.01098459749469], [-92.1426215359544, 35.0109826794994], [-92.1425079379236, 35.01098066750429], [-92.14239434189281, 35.0109785615091], [-92.1422807488619, 35.010976362513816], [-92.1421671578311, 35.01097406951861], [-92.1420535708003, 35.01097168352329], [-92.1419399857694, 35.010969203528006], [-92.1418264047386, 35.01096663053269], [-92.1417128267078, 35.010963963537414], [-92.1415992516769, 35.01096120254209], [-92.141485679646, 35.01095834854669], [-92.1413721116152, 35.010955401551286], [-92.1412585465843, 35.010952359555986], [-92.1411449865534, 35.010949225560594], [-92.1410314295226, 35.0109459975651], [-92.14091787649171, 35.0109426755697], [-92.14080432846082, 35.01093926057417], [-92.1406907834298, 35.01093575157871], [-92.140577243399, 35.010932148583194], [-92.1404637073681, 35.010928453587695], [-92.1403501763371, 35.010924663592185], [-92.1402366503062, 35.010920780596585], [-92.1401231282753, 35.010916804600996], [-92.1400096112444, 35.010912734605476], [-92.1398961002135, 35.010908571609896], [-92.1397825931825, 35.01090431461432], [-92.1396690921515, 35.010899963618606], [-92.1395555961206, 35.01089552062289], [-92.1394421050897, 35.010890982627195], [-92.1393286200587, 35.01088635163159], [-92.1392151410277, 35.010881627635804], [-92.1391016669968, 35.01087680964012], [-92.1389881999658, 35.01087189864428], [-92.1388747379348, 35.010866893648604], [-92.1387612829039, 35.010861795652794], [-92.13864783387291, 35.0108566046569], [-92.1385343908419, 35.01085131966108], [-92.1384209548109, 35.01084594066521], [-92.1383075257799, 35.0108404686694], [-92.1381941027489, 35.0108349036735], [-92.1380806867179, 35.0108292446776], [-92.1379672776869, 35.01082349268169], [-92.1378538756559, 35.010817646685794], [-92.1377404806248, 35.010811707689875], [-92.1376270925938, 35.01080567569378], [-92.1375137125628, 35.01079954969788], [-92.1374003395318, 35.010793330701894], [-92.1372869745007, 35.0107870187058], [-92.1371736174697, 35.010780612709695], [-92.1370602684386, 35.01077411271368], [-92.1369469264076, 35.0107675207176], [-92.1368335933765, 35.010760834721495], [-92.1367202683454, 35.01075405472541], [-92.1366069513144, 35.010747182729204], [-92.1364936432833, 35.01074021673308], [-92.1363803432522, 35.0107331567369], [-92.1362670522212, 35.0107260047407], [-92.1361537701901, 35.01071875874449], [-92.136040496159, 35.01071141974829], [-92.1359272321279, 35.01070398675209], [-92.1358139760968, 35.0106964607557], [-92.1357007300657, 35.01068884175949], [-92.1355874930346, 35.0106811297631], [-92.1354742660036, 35.010673323766795], [-92.1353610479724, 35.01066542477048], [-92.1352478399413, 35.010657432774195], [-92.1351346409102, 35.010649346777676], [-92.1350214528791, 35.01064116878139], [-92.134908274848, 35.010632896785], [-92.1347951058169, 35.01062453178851], [-92.1346819477857, 35.01061607279208], [-92.1345688007546, 35.0106075217956], [-92.1344556627234, 35.0105988767991], [-92.1343425366923, 35.010590138802606], [-92.1342294206612, 35.010581307806106], [-92.1341163156301, 35.0105723838095], [-92.1340032215989, 35.010563365813], [-92.13389013756772, 35.01055425581637], [-92.1337770655366, 35.0105450518198], [-92.1336640055054, 35.0105357548232], [-92.1335509554743, 35.01052636482648], [-92.1334379184431, 35.01051688182991], [-92.1333248914119, 35.0105073058332], [-92.1332118773807, 35.0104976368365], [-92.1330988743495, 35.0104878748398], [-92.1329858833184, 35.01047801884311], [-92.1328729052872, 35.01046807084631], [-92.132759938256, 35.01045802884961], [-92.1326469842248, 35.01044789485279], [-92.1325340421937, 35.01043766685591], [-92.1324211131625, 35.01042734585909], [-92.1323081961312, 35.010416932862285], [-92.1321952931, 35.0104064258654], [-92.1320824020688, 35.01039582586863], [-92.1319695230377, 35.01038513387169], [-92.1318566580065, 35.010374347874794], [-92.1317438069753, 35.01036346987778], [-92.131630967944, 35.010352497880916], [-92.1315181429128, 35.010341433883895], [-92.1314053318816, 35.01033027588689], [-92.1312925338504, 35.010319025889885], [-92.1311797498192, 35.01030768289289], [-92.1310669787879, 35.01029624689589], [-92.1309542227567, 35.01028471789879], [-92.1308414807255, 35.01027309590171], [-92.1307287526943, 35.010261381904584], [-92.130616038663, 35.010249573907515], [-92.1305033396318, 35.010237673910396], [-92.1303906556005, 35.01022568091317], [-92.13027798556931, 35.010213594915996], [-92.130165329538, 35.01020141591878], [-92.1300526895068, 35.010189143921586], [-92.1299400644755, 35.0101767799244], [-92.12982745444431, 35.010164322927196], [-92.12971485941301, 35.010151772929895], [-92.1296022793818, 35.010139129932604], [-92.1294897153505, 35.010126394935305], [-92.1293771663193, 35.010113566938], [-92.129264634288, 35.01010064594058], [-92.1291521172567, 35.0100876329433], [-92.1290396152255, 35.010074526945864], [-92.1289271301942, 35.010061327948584], [-92.1288146611629, 35.0100480369511], [-92.12870220813161, 35.010034652953685], [-92.1285897721003, 35.01002117595619], [-92.1284773520691, 35.0100076069588], [-92.1283649490378, 35.00999394496128], [-92.1282525620065, 35.00998019096369], [-92.1281401919752, 35.00996634396618], [-92.128027838944, 35.009952403968704], [-92.1279155029127, 35.00993837197112], [-92.1278031848814, 35.0099242469735], [-92.1276908828501, 35.0099100299759], [-92.1275785988188, 35.0098957209783], [-92.1274663327875, 35.00988131898068], [-92.1273540837562, 35.009866823983], [-92.1272418517249, 35.00985223698539], [-92.1271296386936, 35.009837557987694], [-92.1270174426623, 35.009822785989996], [-92.126905265631, 35.00980792199219], [-92.1267931065998, 35.00979296499451], [-92.1266809645684, 35.00977791599669], [-92.12656884253721, 35.00976277499889], [-92.1264567385058, 35.00974754100109], [-92.1263446524745, 35.00973221500329], [-92.1262325854432, 35.009716797005375], [-92.1261205374119, 35.009701286007605], [-92.1260085083806, 35.00968568300968], [-92.1258964983493, 35.00966998801188], [-92.125784508318, 35.00965420101391], [-92.1256725362867, 35.0096383210159], [-92.1255605842554, 35.00962234901799], [-92.125448651224, 35.00960628501999], [-92.1253367381928, 35.009590129022094], [-92.1252248451615, 35.00957388002413], [-92.1251129721301, 35.009557539026], [-92.1250011180988, 35.009541107028014], [-92.1248892850675, 35.00952458202986], [-92.1247774720361, 35.009507965031794], [-92.1246656790048, 35.0094912560337], [-92.1245539069735, 35.00947445503557], [-92.1244421549422, 35.009457561037486], [-92.1243304239109, 35.009440576039296], [-92.1242187128795, 35.00942349904108], [-92.1241070228482, 35.009406329042996], [-92.1239953548169, 35.0093890680447], [-92.1238837067856, 35.00937171504649], [-92.1237720807543, 35.0093542700482], [-92.1236604747229, 35.00933673304998], [-92.1235488916916, 35.009319104051706], [-92.1234373296602, 35.0093013830534], [-92.1233257886289, 35.009283570055096], [-92.1232142695976, 35.0092656650567], [-92.1231027725663, 35.009247669058304], [-92.12299129753501, 35.0092295800599], [-92.1228798455037, 35.00921140006151], [-92.1227684144723, 35.0091931280631], [-92.12265700644102, 35.0091747640647], [-92.12254562040971, 35.00915630906619], [-92.12243425637831, 35.00913776106779], [-92.122322916347, 35.009119122069194], [-92.1222115983157, 35.00910039207069], [-92.1221003032843, 35.00908156907218], [-92.121989030253, 35.00906265507369], [-92.1218777812217, 35.009043650075085], [-92.1217665561903, 35.00902455307647], [-92.121655353159, 35.009005364077915], [-92.1215441741277, 35.00898608307929], [-92.1214330190964, 35.0089667110806], [-92.121321887065, 35.008947248082], [-92.1212107790337, 35.00892769208329], [-92.1210996940024, 35.008908046084606], [-92.120988633971, 35.008888308085886], [-92.1208775979397, 35.00886847808709], [-92.1207665859084, 35.008848557088285], [-92.12065559887711, 35.00882854508957], [-92.1205446348458, 35.00880844109081], [-92.1204336968144, 35.00878824609199], [-92.1203227827831, 35.00876795909309], [-92.12021189375182, 35.00874758109428], [-92.1201010287204, 35.00872711209541], [-92.1199901896891, 35.00870655109658], [-92.1198793756578, 35.00868589909769], [-92.1197685866265, 35.00866515609871], [-92.1196578225951, 35.00864432209969], [-92.1195470845638, 35.008623396100795], [-92.1194363715325, 35.00860237910181], [-92.1193256845012, 35.00858127110282], [-92.1192150234699, 35.00856007210377], [-92.1191043874386, 35.008538782104814], [-92.1189937784073, 35.00851740110579], [-92.1188831943759, 35.008495928106676], [-92.1187726373446, 35.00847436410749], [-92.1186621073133, 35.008452710108386], [-92.118551602282, 35.00843096410929], [-92.1184411242507, 35.00840912711021], [-92.1183306732194, 35.008387200110874], [-92.11822024918811, 35.0083651811118], [-92.1181098511567, 35.00834307211259], [-92.1179994811254, 35.0083208711133], [-92.11788913709421, 35.0082985801141], [-92.1177788210628, 35.008276197114895], [-92.1176685320315, 35.00825372411558], [-92.1175582710002, 35.0082311601163], [-92.1174480369689, 35.0082085061169], [-92.1173378299376, 35.00818576011759], [-92.1172276519063, 35.008162924118324], [-92.117117500875, 35.00813999711889], [-92.1170073788437, 35.00811697911949], [-92.1168972838124, 35.008093870120106], [-92.1167872177811, 35.00807067112071], [-92.1166771797499, 35.008047382121205], [-92.1165671697185, 35.00802400112168], [-92.1164571886873, 35.0080005301223], [-92.1163472356559, 35.0079769681227], [-92.1162373126247, 35.007953316123185], [-92.1161274175934, 35.00792957412371], [-92.1160175515621, 35.0079057411241], [-92.11590771453082, 35.00788181712449], [-92.11579790749961, 35.00785780312488], [-92.1156881284682, 35.00783369812528], [-92.115578379437, 35.007809503125685], [-92.1154686604057, 35.00778521812599], [-92.1153589703744, 35.00776084212629], [-92.1152493103432, 35.00773637612659], [-92.1151396803119, 35.00771182012688], [-92.1150300802806, 35.00768717312719], [-92.11492051024942, 35.007662436127504], [-92.1148109702181, 35.00763760912769], [-92.1147014611869, 35.0076126921279], [-92.1145919821556, 35.00758768412809], [-92.1144825331243, 35.0075625861283], [-92.1143731150931, 35.0075373991284], [-92.1142637280619, 35.00751212112859], [-92.1141543710306, 35.00748675312869], [-92.1140450459993, 35.00746129412879], [-92.1139357509681, 35.007435746128884], [-92.1138264879369, 35.00741010812889], [-92.1137172559056, 35.0073843801289], [-92.1136080548744, 35.007358562129], [-92.1134988858431, 35.007332654128994], [-92.1133897488119, 35.007306656129], [-92.1132806427807, 35.00728056812889], [-92.11317156874951, 35.00725439012891], [-92.1130625267182, 35.00722812312879], [-92.112953516687, 35.00720176512879], [-92.1128445396558, 35.00717531812861], [-92.1127355936246, 35.00714878212851], [-92.1126266805933, 35.00712215512839], [-92.1125177995621, 35.00709543912819], [-92.1124089515309, 35.007068633128], [-92.11230013649971, 35.007041737127786], [-92.1121913534685, 35.007014752127596], [-92.1120826044373, 35.00698767712739], [-92.11197388740611, 35.00696051312711], [-92.1118652043749, 35.00693325912679], [-92.1117565543437, 35.006905916126485], [-92.1116479373125, 35.0068784831262], [-92.1115393542813, 35.00685096012581], [-92.1114308042502, 35.00682334912559], [-92.111322288219, 35.006795648125085], [-92.1112138051878, 35.006767857124814], [-92.11110535715662, 35.00673997712439], [-92.1109969431255, 35.00671200812389], [-92.11088856209432, 35.0066839501235], [-92.1107802160631, 35.00665580212297], [-92.110671905032, 35.00662756512249], [-92.1105636280008, 35.00659923912199], [-92.1104553849697, 35.006570824121496], [-92.1103471769385, 35.006542319120996], [-92.1102390039074, 35.0065137261204], [-92.1101308648762, 35.006485043119916], [-92.1100227618451, 35.006456271119305], [-92.1099146938139, 35.00642741111869], [-92.1098066607828, 35.006398461117996], [-92.1096986627517, 35.00636942211739], [-92.1095906997205, 35.00634029411667], [-92.1094827736894, 35.006311078116006], [-92.1093748826583, 35.00628177211528], [-92.1092670266272, 35.00625237811458], [-92.109159207596, 35.0062228951138], [-92.109051423565, 35.0061933231131], [-92.1089436755339, 35.006163663112304], [-92.1088359645028, 35.0061339131115], [-92.1087282894716, 35.006104075110684], [-92.1086206504406, 35.006074148109796], [-92.1085130484095, 35.006044133109], [-92.1084054833784, 35.00601402910811], [-92.1082979543473, 35.00598383610719], [-92.1081904623162, 35.005953555106295], [-92.1080830072851, 35.00592318510539], [-92.1079755892541, 35.00589272710439], [-92.107868208223, 35.00586218010339], [-92.107760865192, 35.005831545102424], [-92.10765355816092, 35.0058008221014], [-92.1075462901298, 35.00577001010039], [-92.1074390580988, 35.005739110099384], [-92.1073318650678, 35.005708121098294], [-92.1072247090367, 35.005677044097176], [-92.1071175910057, 35.005645879096086], [-92.1070105119746, 35.00561462609502], [-92.1069034699436, 35.005583285093905], [-92.1067964669126, 35.0055518550927], [-92.1066895018816, 35.005520337091504], [-92.1065825748505, 35.0054887320904], [-92.1064756868195, 35.005457038089084], [-92.1063688367885, 35.0054252560879], [-92.1062620267575, 35.00539338608661], [-92.1061552547265, 35.0053614280854], [-92.1060485216955, 35.0053293820841], [-92.10594182766461, 35.00529724908278], [-92.1058351736336, 35.00526502708139], [-92.1057285576026, 35.00523271808008], [-92.1056219825716, 35.00520032107872], [-92.1055154455406, 35.0051678360774], [-92.1054089495097, 35.005135263076], [-92.1053024924787, 35.0051026030745], [-92.1051960744478, 35.00506985407307], [-92.1050896974168, 35.00503701907171], [-92.1049833603859, 35.0050040960702], [-92.1048770633549, 35.0049710850687], [-92.104770806324, 35.0049379860672], [-92.104664590293, 35.0049048000656], [-92.1045584142621, 35.00487152706408], [-92.10445227823121, 35.00483816606251], [-92.10434618420031, 35.004804718060996], [-92.1042401301694, 35.0047711820593], [-92.1041341171385, 35.004737559057695], [-92.1040281451076, 35.00470384905599], [-92.1039222140767, 35.004670052054394], [-92.1038163240458, 35.004636167052695], [-92.1037104760149, 35.004602195051], [-92.103604668984, 35.0045681360493], [-92.1034989039532, 35.00453399004749], [-92.10339317992232, 35.00449975604579], [-92.1032874978914, 35.00446543604401], [-92.1031818578605, 35.00443102804229], [-92.1030762598297, 35.0043965340404], [-92.1029707037989, 35.00436195303859], [-92.102865189768, 35.004327284036776], [-92.1027597177372, 35.0042925290349], [-92.1026542887064, 35.00425768703301], [-92.1025489016755, 35.00422275803111], [-92.1024435576447, 35.0041877420292], [-92.1023382556139, 35.00415264002721], [-92.1022329975831, 35.0041174510252], [-92.1021277815523, 35.00408217502319], [-92.1020226085215, 35.004046812021315], [-92.1019174784907, 35.00401136301919], [-92.1018123924599, 35.0039758280172], [-92.1017073494291, 35.003940205015176], [-92.1016023493983, 35.003904497013096], [-92.1014973933676, 35.00386870201099], [-92.1013924813368, 35.003832820008896], [-92.1012876123061, 35.00379685200679], [-92.1011827872753, 35.00376079800459], [-92.1010780062445, 35.003724657002394], [-92.1009732692139, 35.00368843000019], [-92.1008685771831, 35.003652116998076], [-92.1007639281524, 35.0036157169959], [-92.1006593241217, 35.00357923199359], [-92.10055476509092, 35.00354265999128], [-92.1004502500603, 35.003506001989116], [-92.1003457800296, 35.00346925798681], [-92.1002413539989, 35.00343242798439], [-92.1001369739682, 35.003395511982085], [-92.1000326379375, 35.00335850997979], [-92.0999283479068, 35.003321421977404], [-92.0998241028762, 35.00328424797502], [-92.09971990284551, 35.003246988972606], [-92.0996157478148, 35.003209642970184], [-92.0995116387842, 35.0031722119677], [-92.0994075757535, 35.00313469496519], [-92.09930355872291, 35.0030970929627], [-92.0991995866923, 35.003059403960286], [-92.0990956606616, 35.00302163095769], [-92.098991781631, 35.00298377095517], [-92.0988879476004, 35.00294582595259], [-92.0987841605698, 35.002907795950094], [-92.0986804195392, 35.0028696799475], [-92.0985767255086, 35.002831477944795], [-92.098473077478, 35.00279319094221], [-92.0983694764475, 35.002754818939486], [-92.0982659214169, 35.002716361936905], [-92.0981624143864, 35.00267781893419], [-92.09805895435582, 35.002639190931475], [-92.0979555403252, 35.0026004779288], [-92.0978521742947, 35.00256167992609], [-92.0977488552642, 35.0025227959233], [-92.0976455842337, 35.002483827920486], [-92.0975423602031, 35.00244477391767], [-92.0974391831726, 35.0024056349149], [-92.0973360551421, 35.00236641191199], [-92.0972329741116, 35.0023271029092], [-92.0971299410811, 35.00228770990629], [-92.0970269560506, 35.00224823190341], [-92.0969240190202, 35.0022086689005], [-92.09682113098971, 35.00216902089761], [-92.0967182909592, 35.00212928789459], [-92.0966154989288, 35.002089470891704], [-92.0965127558983, 35.00204956888861], [-92.0964100608679, 35.002009582885684], [-92.0963074148375, 35.00196951188259], [-92.096204817807, 35.00192935587959], [-92.0961022697766, 35.00188911587659], [-92.0959997717462, 35.00184879187348], [-92.0958973217158, 35.0018083828704], [-92.0957949206854, 35.0017678888672], [-92.095692569655, 35.001727311864094], [-92.0955902676247, 35.00168664986099], [-92.0954880155943, 35.00164590385779], [-92.0953858135639, 35.00160507385457], [-92.0952836605336, 35.001564158851394], [-92.0951815575032, 35.00152315984818], [-92.0950795054729, 35.00148207784489], [-92.0949775024425, 35.00144091084168], [-92.0948755494122, 35.0013996598384], [-92.0947736473819, 35.00135832583509], [-92.0946717953516, 35.001316906831796], [-92.09456999432132, 35.0012754048285], [-92.094468243291, 35.0012338178251], [-92.0943665432607, 35.001192147821705], [-92.0942648932304, 35.00115039381831], [-92.09416329520012, 35.0011085568149], [-92.0940617481699, 35.00106663581148], [-92.0939602511396, 35.00102463080798], [-92.0938588061094, 35.00098254180458], [-92.0937574120792, 35.000940369801114], [-92.0936560700489, 35.000898114797614], [-92.0935547790187, 35.0008557757941], [-92.0934535399885, 35.00081335379058], [-92.0933523519583, 35.000770847786995], [-92.09325121592812, 35.00072825878339], [-92.0931501328979, 35.000685586779795], [-92.0930491008677, 35.000642830776194], [-92.0929481208376, 35.000599992772486], [-92.0928471938074, 35.000557070768906], [-92.0927463177773, 35.000514065765294], [-92.09264549574712, 35.0004709777615], [-92.092544724717, 35.0004278067579], [-92.0924440076869, 35.00038455275409], [-92.0923433426567, 35.00034121575041], [-92.0922427306266, 35.0002977957466], [-92.0921421715965, 35.000254292742795], [-92.0920416645664, 35.00021070673899], [-92.0919412115363, 35.0001670387352], [-92.0918408125063, 35.0001232877314], [-92.0917404654762, 35.000079453727594], [-92.0916401724462, 35.00003553772368], [-92.0915399334161, 34.9999915387198], [-92.0914397473861, 34.999947457715784], [-92.0913396153561, 34.9999032937119], [-92.09123953632611, 34.99985904670799], [-92.091139512296, 34.99981471770399], [-92.091039542266, 34.999770306700114], [-92.090939625236, 34.9997258136961], [-92.090839763206, 34.99968123769198], [-92.090739956176, 34.99963657968798], [-92.0906402031461, 34.99959183968399], [-92.0905405041161, 34.999547016679884], [-92.0904408600862, 34.99950211267579], [-92.0903412700562, 34.9994571256717], [-92.0902417360263, 34.999412057667485], [-92.0901422559964, 34.99936690666339], [-92.0900428319665, 34.9993216746592], [-92.0899434619366, 34.99927636065509], [-92.0898441479067, 34.99923096465081], [-92.0897448888768, 34.99918548664658], [-92.0896456858469, 34.99913992664239], [-92.0895465378171, 34.9990942856382], [-92.0894474457872, 34.99904856263391], [-92.0893484087574, 34.9990027576295], [-92.0892494277275, 34.99895687162518], [-92.0891505036977, 34.998910904620885], [-92.0890516346679, 34.99886485561658], [-92.0889528216381, 34.99881872461219], [-92.0888540656083, 34.998772512607886], [-92.0887553655785, 34.9987262196034], [-92.0886567215487, 34.99867984559899], [-92.088558134519, 34.998633389594495], [-92.08845960348921, 34.998586852590094], [-92.0883611294594, 34.99854023458558], [-92.0882627124297, 34.998493535581105], [-92.0881643524, 34.99844675557661], [-92.0880660493703, 34.9983998945721], [-92.0879678033406, 34.998352952567586], [-92.08786961431092, 34.99830592956299], [-92.0877714832812, 34.99825882555841], [-92.0876734092515, 34.998211640553784], [-92.0875753922218, 34.998164375549194], [-92.0874774331921, 34.998117029544595], [-92.0873795321626, 34.99806960253989], [-92.08728168813292, 34.99802209553519], [-92.0871839031033, 34.99797450753049], [-92.0870861750736, 34.99792683852579], [-92.086988505044, 34.99787909052112], [-92.0868908940144, 34.9978312605163], [-92.0867933409849, 34.9977833515116], [-92.0866958459553, 34.99773536050681], [-92.08659840992571, 34.99768729050201], [-92.0865010328962, 34.9976391404971], [-92.0864037138666, 34.997590909492295], [-92.0863064538371, 34.997542598487485], [-92.08620925180752, 34.9974942074826], [-92.0861121097781, 34.99744573647771], [-92.08601502674851, 34.9973971854728], [-92.085918002719, 34.9973485544679], [-92.0858210376895, 34.99729984346288], [-92.0857241316601, 34.997251052457884], [-92.0856272856306, 34.9972021824529], [-92.0855304996012, 34.99715323244799], [-92.0854337725717, 34.9971042024429], [-92.08533710554241, 34.99705509243791], [-92.0852404985129, 34.997005903432814], [-92.0851439514835, 34.996956634427775], [-92.0850474644541, 34.996907286422704], [-92.0849510364247, 34.99685785941748], [-92.0848546703953, 34.99680835141238], [-92.084758363366, 34.99675876540731], [-92.0846621173366, 34.99670909940209], [-92.0845659313073, 34.99665935439689], [-92.0844698062779, 34.99660953039169], [-92.0843737422486, 34.996559627386496], [-92.0842777392193, 34.996509644381305], [-92.0841817961901, 34.99645958337597], [-92.0840859151608, 34.99640944237079], [-92.0839900941315, 34.99635922336548], [-92.0838943351022, 34.99630892536007], [-92.083798637073, 34.9962585483548], [-92.0837030000437, 34.996208092349384], [-92.0836074250145, 34.9961575573441], [-92.0835119119853, 34.9961069433387], [-92.0834164599561, 34.996056251333286], [-92.0833210699269, 34.9960054813279], [-92.0832257418977, 34.9959546313224], [-92.0831304748685, 34.99590370431699], [-92.0830352708394, 34.995852698311495], [-92.0829401288103, 34.995801613306014], [-92.0828450487811, 34.99575045030059], [-92.082750031752, 34.99569920929499], [-92.0826550767228, 34.995647889289486], [-92.0825601836937, 34.995596492283916], [-92.0824653536646, 34.99554501627828], [-92.0823705866355, 34.995493462272805], [-92.0822758826065, 34.995441830267104], [-92.0821812405775, 34.99539012126149], [-92.0820866625484, 34.9953383332559], [-92.0819921475194, 34.995286467250104], [-92.0818976944904, 34.9952345242445], [-92.0818033064613, 34.99518250223879], [-92.0817089804323, 34.99513040323299], [-92.0816147184033, 34.99507822722728], [-92.0815205203744, 34.9950259732216], [-92.0814263853454, 34.99497364121579], [-92.0813323143165, 34.994921231210014], [-92.0812383072875, 34.99486874520409], [-92.0811443642586, 34.99481618019829], [-92.0810504852297, 34.994763539192476], [-92.0809566702008, 34.9947108201866], [-92.0808629191719, 34.994658024180694], [-92.0807692321431, 34.994605151174795], [-92.0806756101142, 34.994552200168876], [-92.0805820530853, 34.99449917316301], [-92.0804885600565, 34.9944460681571], [-92.0803951320276, 34.99439288715109], [-92.0803017679988, 34.99433962814508], [-92.08020846997, 34.99428629313908], [-92.0801152359412, 34.9942328811331], [-92.0800220679125, 34.99417939212703], [-92.0799289638837, 34.99412582612089], [-92.0798359258549, 34.9940721841149], [-92.0797429538262, 34.994018465108795], [-92.0796500457975, 34.9939646691026], [-92.0795572047688, 34.993910797096476], [-92.0794644277401, 34.9938568490904], [-92.07937171771141, 34.993802824084206], [-92.0792790736827, 34.993748723077985], [-92.079186494654, 34.99369454607181], [-92.0790939816254, 34.99364029206559], [-92.0790015355968, 34.9935859620593], [-92.0789091545681, 34.99353155605311], [-92.0788168405395, 34.99347707404681], [-92.0787245935109, 34.9934225160405], [-92.0786324124823, 34.99336788203421], [-92.0785402974538, 34.99331317202789], [-92.0784482494252, 34.99325838702152], [-92.0783562683966, 34.993203525015204], [-92.0782643533681, 34.99314858800879], [-92.0781725063396, 34.993093575002405], [-92.0780807253111, 34.99303848599599], [-92.0779890122825, 34.9929833219895], [-92.0778973662541, 34.99292808298309], [-92.0778057872256, 34.99287276697659], [-92.07771427519711, 34.99281737697008], [-92.0776228311687, 34.9927619109636], [-92.0775314551402, 34.99270636995709], [-92.0774401461118, 34.992650753950585], [-92.0773489050835, 34.99259506194401], [-92.0772577320551, 34.99253929493737], [-92.0771666270267, 34.9924834539308], [-92.0770755889983, 34.992427536924204], [-92.07698461997, 34.992371544917596], [-92.0768937189416, 34.99231547791091], [-92.07680288691331, 34.992259336904276], [-92.076712122885, 34.99220312089762], [-92.0766214268567, 34.99214682989089], [-92.0765307998284, 34.9920904638842], [-92.0764402408001, 34.99203402387747], [-92.0763497517719, 34.99197750887069], [-92.0762593307436, 34.99192091886401], [-92.0761689787154, 34.991864254857205], [-92.0760786956872, 34.99180751685037], [-92.075988481659, 34.99175070484359], [-92.0758983366308, 34.99169381783669], [-92.0758082616026, 34.99163685682989], [-92.0757182555744, 34.991579821822995], [-92.0756283195463, 34.99152271181611], [-92.0755384525181, 34.99146552880919], [-92.07544865549, 34.9914082708023], [-92.0753589274619, 34.9913509397953], [-92.0752692694338, 34.99129353478841], [-92.0751796824057, 34.991236055781386], [-92.0750901643777, 34.991178502774396], [-92.07500071634972, 34.99112087676739], [-92.0749113393216, 34.99106317676039], [-92.0748220322936, 34.991005402753295], [-92.0747327952655, 34.9909475557462], [-92.0746436292376, 34.99088963473908], [-92.0745545332096, 34.9908316407321], [-92.0744655081816, 34.99077357272498], [-92.0743765541537, 34.99071543171777], [-92.0742876701257, 34.99065721771059], [-92.0741988580978, 34.99059893070349], [-92.0741101160699, 34.9905405706963], [-92.074021445042, 34.99048213668909], [-92.0739328460141, 34.9904236306819], [-92.0738443179862, 34.99036505167471], [-92.0737558609584, 34.9903063986674], [-92.0736674759306, 34.99024767366009], [-92.0735791619027, 34.9901888756528], [-92.07349091987501, 34.9901300056456], [-92.0734027488471, 34.990071061638176], [-92.0733146508194, 34.990012046630795], [-92.0732266237916, 34.98995295762349], [-92.0731386687638, 34.98989379661609], [-92.07305078573611, 34.9898345636087], [-92.0729629757084, 34.98977525860125], [-92.0728752366807, 34.989715880593884], [-92.072787570653, 34.98965642958641], [-92.0726999776253, 34.98959690757899], [-92.0726124555976, 34.989537313571496], [-92.07252500757, 34.98947764656399], [-92.0724376315424, 34.9894179085565], [-92.0723503285147, 34.989358097548894], [-92.0722630984871, 34.989298215541396], [-92.0721759404596, 34.989238261533885], [-92.072088856432, 34.98917823552619], [-92.0720018454044, 34.98911813751859], [-92.0719149073769, 34.989057968510984], [-92.0718280423494, 34.988997727503396], [-92.0717412513219, 34.98893741549568], [-92.07165453329432, 34.988877031488094], [-92.0715678882668, 34.988816576480396], [-92.0714813182394, 34.988756049472705], [-92.0713948212119, 34.98869545146498], [-92.0713083971845, 34.98863478245727], [-92.07122204815711, 34.98857404244949], [-92.0711357731297, 34.988513231441715], [-92.0710495711022, 34.98845234843389], [-92.0709634440749, 34.98839139542609], [-92.0708773910475, 34.988330371418314], [-92.0707914130202, 34.98826927641039], [-92.0707055089929, 34.98820811040261], [-92.0706196789655, 34.98814687339468], [-92.0705339239382, 34.98808556638679], [-92.070448242911, 34.98802418837892], [-92.0703626378836, 34.98796274037099], [-92.0702771068564, 34.987901221363124], [-92.0701916508292, 34.98783963235509], [-92.070106269802, 34.98777797234711], [-92.0700209637748, 34.98771624233908], [-92.0699357337475, 34.987654442331085], [-92.0698505777204, 34.9875925713231], [-92.0697654976932, 34.98753063131512], [-92.0696804936661, 34.987468620307], [-92.069595563639, 34.9874065402989], [-92.0695107106118, 34.9873443892908], [-92.06942593258472, 34.9872821692827], [-92.0693412305576, 34.9872198792745], [-92.0692566045306, 34.98715751926638], [-92.0691720545035, 34.98709509025831], [-92.0690875804765, 34.98703259124999], [-92.06900318244942, 34.98697002224181], [-92.0689188604225, 34.9869073842336], [-92.0688346143955, 34.986844676225395], [-92.0687504453685, 34.9867818992171], [-92.0686663523416, 34.9867190532089], [-92.0685823363146, 34.98665613820061], [-92.0684983962877, 34.986593153192274], [-92.0684145332608, 34.98653009918401], [-92.0683307472339, 34.986466976175585], [-92.068247038207, 34.9864037851673], [-92.0681634061802, 34.986340524158976], [-92.0680798501533, 34.98627719415058], [-92.0679963721265, 34.98621379614222], [-92.0679129710997, 34.986150329133686], [-92.0678296470729, 34.98608679312529], [-92.0677464010461, 34.98602318911679], [-92.0676632320193, 34.98595951610838], [-92.06758014099262, 34.98589577509989], [-92.0674971269659, 34.985831965091386], [-92.0674141909391, 34.98576808708289], [-92.0673313329125, 34.98570414007426], [-92.0672485528858, 34.98564012606579], [-92.0671658498591, 34.98557604305719], [-92.0670832258325, 34.98551189204859], [-92.0670006798058, 34.985447673040106], [-92.0669182117792, 34.98538338603151], [-92.06683582175262, 34.985319032022815], [-92.0667535107261, 34.985254609014106], [-92.0666712776995, 34.985190119005495], [-92.066589122673, 34.985125560996785], [-92.0665070476465, 34.9850609349881], [-92.0664250506199, 34.98499624197942], [-92.0663431315934, 34.98493148097058], [-92.0662612925669, 34.9848666529619], [-92.0661795315405, 34.98480175695322], [-92.066097850514, 34.984736793944386], [-92.0660162474876, 34.98467176393548], [-92.0659347244612, 34.98460666692669], [-92.0658532804348, 34.984541502917914], [-92.0657719164084, 34.984476270909106], [-92.0656906303821, 34.9844109729002], [-92.0656094253557, 34.98434560689129], [-92.0655282993294, 34.984280174882386], [-92.0654472523031, 34.984214675873496], [-92.0653662862768, 34.984149109864504], [-92.0652853992505, 34.98408347785558], [-92.0652045922242, 34.98401777884659], [-92.065123865198, 34.98395201283768], [-92.0650432181718, 34.9838861808286], [-92.0649626521455, 34.98382028281959], [-92.0648821651193, 34.9837543178106], [-92.0648017590932, 34.98368828680151], [-92.064721433067, 34.983622189792484], [-92.0646411880409, 34.9835560267834], [-92.0645610230148, 34.9834897967743], [-92.0644809389887, 34.98342350176517], [-92.0644009359626, 34.98335714075609], [-92.06432101393652, 34.9832907127469], [-92.0642411719105, 34.98322421973779], [-92.0641614108844, 34.98315766172859], [-92.0640817318584, 34.983091036719415], [-92.0640021328324, 34.98302434671019], [-92.0639226158065, 34.98295759170089], [-92.0638431797805, 34.982890770691675], [-92.0637638247545, 34.98282388468239], [-92.0636845517286, 34.982756932673176], [-92.0636053597027, 34.982689915663876], [-92.0635262496768, 34.982622833654496], [-92.0634472216509, 34.9825556866452], [-92.0633682746251, 34.98248847363581], [-92.0632894095992, 34.98242119662649], [-92.06321062657341, 34.98235385461711], [-92.0631319255476, 34.982286447607784], [-92.0630533065218, 34.98221897559837], [-92.062974769496, 34.9821514385889], [-92.0628963154703, 34.982083837579395], [-92.06281794344461, 34.98201617156999], [-92.0627396534188, 34.981948440560494], [-92.0626614463931, 34.981880646551105], [-92.0625833213675, 34.9818127865415], [-92.0625052783418, 34.981744863532], [-92.0624273193162, 34.98167687552252], [-92.0623494422906, 34.98160882351289], [-92.0622716482649, 34.981540707503356], [-92.0621939372394, 34.9814725274938], [-92.0621163092137, 34.9814042834842], [-92.0620387651882, 34.98133597547458], [-92.0619613031626, 34.98126760346491], [-92.0618839241372, 34.981199167455195], [-92.0618066291117, 34.98113066844558], [-92.0617294170862, 34.98106210543591], [-92.0616522890607, 34.9809934784262], [-92.0615752440353, 34.98092478841649], [-92.0614982830099, 34.98085603540669], [-92.0614214059845, 34.98078721839698], [-92.0613446119591, 34.9807183383873], [-92.0612679019337, 34.9806493953774], [-92.0611912769083, 34.9805803883677], [-92.061114734883, 34.98051131935789], [-92.0610382768577, 34.980442186348], [-92.0609619028324, 34.98037299133821], [-92.0608856138072, 34.980303732328274], [-92.06080940878192, 34.98023441131849], [-92.0607332877566, 34.98016502730849], [-92.0606572517314, 34.980095581298585], [-92.0605812997062, 34.98002607128869], [-92.060505432681, 34.979956500278796], [-92.0604296506558, 34.979886865268796], [-92.06035395263072, 34.979817169258794], [-92.0602783406056, 34.9797474102489], [-92.0602028125805, 34.97967758923878], [-92.0601273695554, 34.979607706228805], [-92.0600520115303, 34.979537760218776], [-92.0599767395053, 34.97946775320868], [-92.0599015524802, 34.979397683198705], [-92.0598264494552, 34.979327552188586], [-92.0597514334302, 34.97925735917849], [-92.05967650240521, 34.9791871041684], [-92.0596016563803, 34.979116788158215], [-92.0595268963554, 34.9790464091481], [-92.0594522213304, 34.97897597013791], [-92.0593776333055, 34.97890546812768], [-92.0593031302806, 34.978834906117584], [-92.0592287132558, 34.97876428210729], [-92.05915438223101, 34.978693597097084], [-92.0590801372061, 34.97862285008689], [-92.0590059781813, 34.97855204307669], [-92.0589319051565, 34.9784811740664], [-92.0588579191317, 34.9784102450561], [-92.058784019107, 34.97833925404571], [-92.0587102050823, 34.97826820303552], [-92.0586364780576, 34.9781970910251], [-92.0585628370329, 34.97812591801469], [-92.0584892830082, 34.9780546850044], [-92.0584158159836, 34.977983390994005], [-92.0583424359589, 34.977912036983604], [-92.0582691419343, 34.97784062197319], [-92.0581959349097, 34.9777691469628], [-92.0581228158852, 34.97769761095229], [-92.0580497828606, 34.97762601594179], [-92.05797683783611, 34.97755435993139], [-92.0579039798115, 34.9774826439209], [-92.0578312087871, 34.977410868910304], [-92.0577585247626, 34.97733903289988], [-92.0576859287381, 34.97726713788929], [-92.0576134197137, 34.977195181878805], [-92.0575409986893, 34.9771231668682], [-92.0574686656649, 34.9770510928576], [-92.0573964196405, 34.976978958847006], [-92.0573242616161, 34.9769067648364], [-92.0572521915918, 34.97683451182571], [-92.0571802095675, 34.97676219981509], [-92.0571083155432, 34.97668982880448], [-92.05703650951891, 34.97661739779379], [-92.0569647924947, 34.97654490778308], [-92.0568931624704, 34.9764723587724], [-92.05682162144622, 34.976399750761686], [-92.056750168422, 34.9763270847509], [-92.0566788043978, 34.976254358740086], [-92.0566075283737, 34.976181574729395], [-92.0565363403495, 34.97610873171859], [-92.0564652423254, 34.976035829707804], [-92.0563942323013, 34.975962869697], [-92.0563233112773, 34.9758898516862], [-92.0562524792532, 34.9758167746753], [-92.0561817352291, 34.975743639664415], [-92.05611108120512, 34.97567044565361], [-92.0560405161811, 34.975597193642606], [-92.0559700401571, 34.975523884631784], [-92.0558996531332, 34.97545051662079], [-92.0558293551092, 34.97537709060988], [-92.0557591470853, 34.9753036075989], [-92.0556890290614, 34.97523006658789], [-92.0556189990376, 34.975156466577], [-92.0555490600137, 34.975082810566], [-92.0554792099899, 34.975009096554906], [-92.0554094489661, 34.974935324543864], [-92.0553397789422, 34.9748614955329], [-92.0552701979185, 34.97478760852178], [-92.0552007078947, 34.9747136645108], [-92.055131306871, 34.974639663499595], [-92.0550619958473, 34.97456560548849], [-92.0549927758236, 34.97449149047739], [-92.0549236447999, 34.9744173184663], [-92.0548546047763, 34.97434308945509], [-92.0547856557527, 34.974268803444005], [-92.054716795729, 34.974194460432784], [-92.0546480277055, 34.97412006142159], [-92.0545793486819, 34.974045605410396], [-92.0545107616583, 34.97397109239907], [-92.0544422646348, 34.97389652338789], [-92.0543738576113, 34.97382189837658], [-92.0543055425878, 34.97374721636529], [-92.0542373185644, 34.97367247935411], [-92.0541691845409, 34.973597685342796], [-92.0541011415175, 34.9735228343314], [-92.0540331904941, 34.97344792832009], [-92.0539653304707, 34.97337296630882], [-92.0538975614474, 34.97329794829739], [-92.053829883424, 34.97322287528599], [-92.0537622974007, 34.97314774527458], [-92.0536948023774, 34.97307256026319], [-92.0536273983541, 34.97299732025179], [-92.0535600863308, 34.97292202324039], [-92.0534928663076, 34.97284667222888], [-92.0534257372844, 34.972771265217396], [-92.0533587002612, 34.972695803206], [-92.053291756238, 34.972620286194406], [-92.0532249022149, 34.972544713182984], [-92.0531581411918, 34.97246908617141], [-92.0530914721686, 34.97239340415979], [-92.0530248951456, 34.97231766714828], [-92.0529584101225, 34.972241875136696], [-92.0528920180995, 34.97216602812511], [-92.0528257180764, 34.972090126113606], [-92.0527595100535, 34.972014170102], [-92.0526933940305, 34.971938160090296], [-92.05262737100752, 34.97186209507871], [-92.0525614409846, 34.971785976067], [-92.0524956029616, 34.971709802055386], [-92.0524298579388, 34.97163357504358], [-92.0523642059159, 34.971557293032], [-92.0522986458931, 34.97148095702019], [-92.0522331788702, 34.9714045670085], [-92.0521678058474, 34.971328122996795], [-92.0521025248246, 34.971251625985], [-92.0520373368019, 34.9711750749732], [-92.0519722427791, 34.971098469961404], [-92.0519072417564, 34.97102181094958], [-92.0518423337337, 34.9709450989378], [-92.051777518711, 34.97086833392599], [-92.0517127976884, 34.97079151491409], [-92.0516481706657, 34.97071464290218], [-92.0515836356431, 34.970637717890405], [-92.0515191956205, 34.9705607398784], [-92.051454848598, 34.97048370786648], [-92.0513905955754, 34.970406623854615], [-92.0513264365529, 34.970329486842694], [-92.0512623705304, 34.97025229683069], [-92.0511983995079, 34.970175053818785], [-92.0511345214854, 34.97009775780676], [-92.051070737463, 34.9700204097948], [-92.0510070484406, 34.969943009782796], [-92.0509434534182, 34.969865556770785], [-92.0508799523958, 34.969788051758705], [-92.0508165453735, 34.9697104937467], [-92.0507532333511, 34.969632883734576], [-92.0506900153288, 34.9695552227225], [-92.0506268923065, 34.96947750871038], [-92.0505638632843, 34.96939974269827], [-92.0505009292621, 34.96932192468619], [-92.0504380892398, 34.96924405567409], [-92.0503753442176, 34.96916613366191], [-92.0503126951955, 34.96908816164969], [-92.05025013917331, 34.96901013663749], [-92.0501876791512, 34.968932060625306], [-92.0501253141291, 34.96885393361309], [-92.050063044107, 34.968775754600905], [-92.0500008690849, 34.96869752458869], [-92.0499387890629, 34.968619243576384], [-92.0498768050409, 34.96854091156409], [-92.0498149160189, 34.96846252855189], [-92.0497531219969, 34.9683840945396], [-92.049691422975, 34.96830560952719], [-92.049629819953, 34.96822707351489], [-92.0495683129311, 34.9681484865025], [-92.0495069009092, 34.96806984949019], [-92.0494455848874, 34.967991162477894], [-92.0493843648655, 34.96791242346549], [-92.0493232398437, 34.96783363545309], [-92.0492622118219, 34.967754796440595], [-92.0492012788001, 34.96767590742828], [-92.0491404417784, 34.96759696841579], [-92.0490797007567, 34.96751797940328], [-92.049019056735, 34.96743893939091], [-92.0489585077133, 34.967359850378394], [-92.0488980556916, 34.96728071136588], [-92.04883769967, 34.96720152235339], [-92.0487774396484, 34.9671222843409], [-92.0487172766268, 34.96704299632829], [-92.0486572096052, 34.966963658315784], [-92.0485972395837, 34.966884271303186], [-92.0485373665622, 34.9668048352906], [-92.0484775895407, 34.96672534927812], [-92.0484179085192, 34.96664581426539], [-92.0483583254977, 34.966566231252884], [-92.0482988384763, 34.966486598240216], [-92.0482394484549, 34.96640691622761], [-92.0481801554335, 34.9663271852149], [-92.0481209594122, 34.96624740520218], [-92.0480618603908, 34.96616757718948], [-92.0480028593695, 34.966087700176786], [-92.0479439543482, 34.96600777416409], [-92.0478851473269, 34.96592780015139], [-92.0478264373057, 34.965847778138595], [-92.0477678242845, 34.96576770712589], [-92.0477093092633, 34.96568758811309], [-92.0476508912421, 34.96560742110031], [-92.04759257122092, 34.965527206087486], [-92.0475343481998, 34.965446942074685], [-92.0474762231787, 34.96536663106188], [-92.04741819615771, 34.965286272049006], [-92.0473602661366, 34.965205866036065], [-92.0473024351155, 34.96512541102328], [-92.0472447010945, 34.96504490901038], [-92.04718706507352, 34.96496435999749], [-92.0471295270525, 34.964883762984606], [-92.0470720870316, 34.96480311797169], [-92.0470147450107, 34.964722426958694], [-92.0469575009898, 34.964641687945786], [-92.0469003559689, 34.964560901932785], [-92.0468433089481, 34.9644800689199], [-92.0467863599273, 34.96439918890678], [-92.0467295089064, 34.964318262893876], [-92.0466727578857, 34.9642372888808], [-92.0466161038649, 34.96415626886779], [-92.0465595488442, 34.96407520185473], [-92.0465030928235, 34.963994088841694], [-92.0464467348028, 34.9639129288287], [-92.0463904757821, 34.963831721815495], [-92.0463343157615, 34.96375046980239], [-92.0462782547409, 34.963669170789316], [-92.0462222917203, 34.96358782577621], [-92.0461664286997, 34.9635064347631], [-92.0461106636792, 34.96342499774988], [-92.0460549986586, 34.96334351573671], [-92.0459994326382, 34.96326198672349], [-92.0459439656177, 34.9631804127104], [-92.0458885975972, 34.96309879269708], [-92.0458333285768, 34.963017126684015], [-92.0457781595564, 34.96293541567069], [-92.0457230895361, 34.96285365865738], [-92.0456681195157, 34.96277185764419], [-92.0456132484953, 34.962690010630894], [-92.045558477475, 34.9626081176176], [-92.0455038054548, 34.9625261806043], [-92.0454492334345, 34.962444198590994], [-92.0453947604143, 34.96236217157768], [-92.0453403883941, 34.962280099564396], [-92.0452861153739, 34.96219798255099], [-92.0452319423537, 34.96211582153761], [-92.0451778693336, 34.96203361552428], [-92.0451238963135, 34.96195136451081], [-92.0450700242934, 34.961869069497396], [-92.0450162512733, 34.961786730483986], [-92.0449625782533, 34.96170434747061], [-92.0449090062333, 34.961621919457194], [-92.0448555342133, 34.96153944744369], [-92.0448021621933, 34.961456931430185], [-92.0447488901733, 34.96137437241669], [-92.0446957191534, 34.9612917684032], [-92.0446426491336, 34.9612091213897], [-92.0445896781137, 34.96112643037619], [-92.0445368090938, 34.961043696362694], [-92.04448404007401, 34.960960918349194], [-92.0444313720542, 34.96087809633556], [-92.0443788050344, 34.960795231321995], [-92.0443263380147, 34.960712323308385], [-92.0442739719949, 34.9606293722948], [-92.0442217069753, 34.9605463782812], [-92.0441695429556, 34.9604633402675], [-92.0441174799359, 34.960380260253885], [-92.0440655179163, 34.9602971372403], [-92.0440136568967, 34.9602139712266], [-92.0439618978771, 34.9601307632129], [-92.0439102388576, 34.96004751219921], [-92.043858681838, 34.95996421818549], [-92.0438072258185, 34.95988088217181], [-92.043755870799, 34.9597975041581], [-92.0437046177796, 34.95971408314429], [-92.0436534667601, 34.95963062013059], [-92.0436024157407, 34.9595471151168], [-92.0435514677214, 34.95946356810298], [-92.043500620702, 34.95937997908919], [-92.04344987468271, 34.959296349075395], [-92.0433992316634, 34.95921267606159], [-92.0433486896441, 34.95912896204771], [-92.0432982496248, 34.95904520603389], [-92.0432479106056, 34.95896140902002], [-92.0431976745864, 34.9588775700062], [-92.0431475405672, 34.958793689992305], [-92.043097507548, 34.958709768978395], [-92.0430475775289, 34.95862580696451], [-92.0429977495098, 34.95854180295058], [-92.04294802349071, 34.95845775893659], [-92.0428983994717, 34.9583736729227], [-92.0428488784526, 34.95828954690871], [-92.04279945943361, 34.95820537989469], [-92.04275014241462, 34.95812117188079], [-92.0427009273956, 34.958036923866786], [-92.0426518153767, 34.95795263485268], [-92.0426028063578, 34.957868305838694], [-92.042553899339, 34.95778393682469], [-92.0425050953201, 34.95769952681069], [-92.0424563933012, 34.95761507679659], [-92.0424077942824, 34.9575305867825], [-92.0423592982636, 34.957446056768376], [-92.0423109042449, 34.95736148675429], [-92.0422626142262, 34.957276877740185], [-92.0422144262075, 34.95719222772609], [-92.0421663411888, 34.95710753871198], [-92.0421183591701, 34.95702281069789], [-92.0420704811514, 34.95693804168368], [-92.0420227051329, 34.9568532346695], [-92.0419750331143, 34.95676838765539], [-92.0419274630957, 34.95668350164109], [-92.0418799970772, 34.95659857662689], [-92.0418326340587, 34.9565136126127], [-92.0417853750402, 34.9564286085985], [-92.0417382190218, 34.956343566584195], [-92.0416911660033, 34.956258485569904], [-92.0416442169849, 34.9561733665557], [-92.0415973709665, 34.95608820854139], [-92.0415506289482, 34.9560030115271], [-92.0415039899298, 34.9559177765128], [-92.04145745491151, 34.9558325024985], [-92.04141102389322, 34.955747190484196], [-92.041364696875, 34.9556618404698], [-92.0413184728568, 34.95557645245548], [-92.0412723528386, 34.95549102544112], [-92.0412263368204, 34.955405561426815], [-92.0411804248022, 34.955320059412294], [-92.0411346167841, 34.9552345193979], [-92.041088912766, 34.95514894238348], [-92.041043312748, 34.95506332736908], [-92.0409978167299, 34.954977674354694], [-92.0409524247119, 34.954891984340186], [-92.0409071366939, 34.95480625632569], [-92.0408619536759, 34.95472049231129], [-92.040816874658, 34.9546346902968], [-92.0407718996401, 34.954548851282304], [-92.0407270296222, 34.95446297526781], [-92.0406822636043, 34.9543770622532], [-92.0406376015864, 34.9542911122387], [-92.0405930445686, 34.95420512622409], [-92.0405485925509, 34.954119103209585], [-92.0405042445331, 34.95403304319498], [-92.0404600015153, 34.9539469471805], [-92.0404158634976, 34.9538608141659], [-92.04037182948, 34.9537746461513], [-92.0403279004623, 34.95368844013667], [-92.0402840764446, 34.95360219912197], [-92.040240356427, 34.953515922107385], [-92.0401967424094, 34.95342960909271], [-92.0401532333919, 34.95334325907811], [-92.0401098283744, 34.95325687406329], [-92.0400665293568, 34.953170454048696], [-92.0400233343394, 34.953083997033985], [-92.0399802453219, 34.95299750601931], [-92.0399372613045, 34.952910978004496], [-92.0398943822871, 34.952824415989795], [-92.0398516092697, 34.9527378179751], [-92.0398089402524, 34.952651184960295], [-92.0397663772351, 34.95256451594559], [-92.0397239202178, 34.95247781293078], [-92.0396815682005, 34.95239107491589], [-92.0396393211832, 34.95230430190121], [-92.039597180166, 34.95221749388639], [-92.0395551441488, 34.9521306518715], [-92.0395132141316, 34.95204377485669], [-92.0394713891145, 34.951956862841875], [-92.0394296710974, 34.95186991682698], [-92.0393880570804, 34.951782936812094], [-92.0393465500633, 34.951695922797214], [-92.0393051490462, 34.951608873782284], [-92.03926385302921, 34.9515217907674], [-92.0392226630123, 34.9514346747525], [-92.03918157899531, 34.9513475237375], [-92.0391406009784, 34.95126033972262], [-92.0390997289615, 34.95117312170769], [-92.0390589629446, 34.95108586969268], [-92.0390183029278, 34.950998584677684], [-92.0389777499109, 34.95091126566271], [-92.0389373018941, 34.9508239136478], [-92.0388969608774, 34.95073652863268], [-92.0388567248606, 34.95064911061768], [-92.0388165968439, 34.9505616586027], [-92.0387765738272, 34.9504741735877], [-92.0387366578105, 34.950386656572604], [-92.0386968477939, 34.9502991065575], [-92.0386571447773, 34.950211523542386], [-92.03861754776071, 34.95012390752742], [-92.0385780567442, 34.9500362585123], [-92.03853867372771, 34.94994857849719], [-92.0384993957111, 34.949860864482], [-92.0384602256947, 34.94977311946687], [-92.0384211616782, 34.949685341451705], [-92.0383822046618, 34.949597531436595], [-92.0383433536454, 34.94950968942138], [-92.038304610629, 34.949421816406215], [-92.0382659736127, 34.94933391039109], [-92.0382274435964, 34.949245972375905], [-92.0381890205801, 34.949158003360594], [-92.0381507045638, 34.949070002345394], [-92.0381124945475, 34.948981970330216], [-92.0380743925314, 34.948893906314986], [-92.0380363975152, 34.94880581129968], [-92.037998509499, 34.94871768528439], [-92.0379607284829, 34.948629527269084], [-92.0379230554668, 34.9485413382538], [-92.0378854884507, 34.94845311923859], [-92.0378480294347, 34.94836486822317], [-92.0378106774186, 34.948276587207886], [-92.0377734324027, 34.94818827519259], [-92.0377362953867, 34.94809993217718], [-92.0376992653707, 34.94801155916189], [-92.0376623433548, 34.94792315614651], [-92.037625528339, 34.947834721131095], [-92.0375888203231, 34.9477462571158], [-92.0375522203073, 34.9476577631004], [-92.0375157282914, 34.947569238084995], [-92.0374793432757, 34.94748068306949], [-92.0374430662599, 34.947392099054106], [-92.0374068962442, 34.94730348403869], [-92.0373708352285, 34.9472148400233], [-92.03733488121291, 34.94712616600779], [-92.0372990341972, 34.947037462992284], [-92.0372632961816, 34.9469487299769], [-92.037227666166, 34.946859967961295], [-92.0371921431504, 34.94677117594589], [-92.0371567281349, 34.946682355930285], [-92.0371214221194, 34.946593505914784], [-92.0370862231039, 34.94650462689929], [-92.0370511320885, 34.946415718883685], [-92.0370161490731, 34.94632678186819], [-92.0369812750576, 34.94623781685262], [-92.0369465090423, 34.94614882183699], [-92.0369118500269, 34.94605979982139], [-92.0368773000116, 34.945970747805795], [-92.0368428589964, 34.945881668790186], [-92.0368085249811, 34.94579256077461], [-92.0367742999659, 34.945703423759], [-92.0367401829507, 34.94561425974328], [-92.03670617493552, 34.94552506672769], [-92.0366722749204, 34.945435846712], [-92.0366384829052, 34.9453465986964], [-92.0366047998901, 34.945257321680685], [-92.0365712248751, 34.945168018665], [-92.03653775886, 34.9450786866493], [-92.036504401845, 34.9449893276336], [-92.03647115283, 34.94489994161789], [-92.0364380128151, 34.94481052760212], [-92.0364049808001, 34.944721086586384], [-92.0363720577852, 34.94463161857069], [-92.0363392437704, 34.9445421235549], [-92.0363065387556, 34.944452600539094], [-92.0362739417407, 34.94436305152329], [-92.0362414547259, 34.9442734755075], [-92.0362090757112, 34.94418387349169], [-92.0361768056964, 34.944094244475885], [-92.0361446446817, 34.9440045884601], [-92.036112592667, 34.94391490644429], [-92.0360806496524, 34.94382519742839], [-92.0360488156378, 34.943735462412484], [-92.0360170906231, 34.943645701396704], [-92.0359854746086, 34.94355591438079], [-92.035953968594, 34.94346610136488], [-92.0359225705795, 34.943376262348984], [-92.035891282565, 34.9432863973331], [-92.0358601035506, 34.94319650631719], [-92.0358290335361, 34.94310659030131], [-92.0357980725217, 34.94301664828541], [-92.0357672215074, 34.942926681269384], [-92.03573647949301, 34.94283668825339], [-92.0357058464787, 34.94274667123748], [-92.0356753234645, 34.942656627221496], [-92.0356449094502, 34.9425665592055], [-92.0356146054359, 34.9424764661896], [-92.0355844104218, 34.94238634817351], [-92.0355543254076, 34.9422962051575], [-92.0355243493934, 34.9422060371415], [-92.0354944833793, 34.94211584512539], [-92.0354647273652, 34.942025628109384], [-92.0354350803511, 34.94193538709338], [-92.035405543337, 34.94184512107728], [-92.0353761153231, 34.941754831061296], [-92.0353467973091, 34.9416645170451], [-92.03531758929512, 34.9415741790291], [-92.0352884912812, 34.94148381701301], [-92.0352595032673, 34.94139342999679], [-92.0352306242535, 34.941303019980786], [-92.0352018552396, 34.941212585964585], [-92.0351731962258, 34.941122128948486], [-92.035144648212, 34.941031647932284], [-92.0351162091982, 34.9409411439162], [-92.0350878801845, 34.94085061589998], [-92.0350596611708, 34.94076006388379], [-92.0350315521572, 34.94066948986757], [-92.0350035531435, 34.94057889285148], [-92.0349756641299, 34.94048827183521], [-92.03494788611631, 34.94039762881901], [-92.0349202171027, 34.940306962802794], [-92.03489265908921, 34.94021627378662], [-92.0348652110757, 34.94012556177029], [-92.0348378730622, 34.94003482775409], [-92.0348106450488, 34.939944070737795], [-92.0347835280354, 34.9398532917215], [-92.034756521022, 34.93976249070519], [-92.0347296250086, 34.939671666688994], [-92.0347028379953, 34.93958082067259], [-92.034676161982, 34.939489953656285], [-92.0346495969687, 34.93939906364011], [-92.0346231419554, 34.93930815262369], [-92.0345967969423, 34.93921721860739], [-92.034570562929, 34.93912626359099], [-92.0345444399159, 34.93903528757468], [-92.0345184269027, 34.938944289558286], [-92.0344925238896, 34.93885327054187], [-92.0344667328766, 34.938762229525494], [-92.0344410508635, 34.938671168509195], [-92.0344154808505, 34.93858008549272], [-92.0343900208375, 34.93848898147629], [-92.0343646718245, 34.93839785645991], [-92.0343394338116, 34.93830671044349], [-92.0343143057987, 34.938215544427], [-92.0342892887859, 34.938124357410594], [-92.034264382773, 34.93803314939421], [-92.0342395877602, 34.93794192137768], [-92.0342149027474, 34.93785067336118], [-92.0341903297346, 34.937759404344696], [-92.0341658667219, 34.9376681153282], [-92.0341415147092, 34.937576806311704], [-92.0341172746965, 34.93748547729519], [-92.0340931446839, 34.93739412827868], [-92.0340691256713, 34.9373027592622], [-92.0340452176587, 34.9372113702456], [-92.0340214206461, 34.93711996222907], [-92.03399773563362, 34.93702853421259], [-92.0339741606211, 34.936937087196014], [-92.0339506976086, 34.9368456201794], [-92.0339273445962, 34.936754135162786], [-92.0339041035837, 34.9366626301462], [-92.0338809735713, 34.93657110512968], [-92.0338579545589, 34.936479562112986], [-92.0338350475467, 34.936388000096386], [-92.0338122505343, 34.936296419079795], [-92.0337895655221, 34.9362048190631], [-92.0337669925098, 34.936113201046496], [-92.0337445294976, 34.93602156402988], [-92.0337221784854, 34.93592990901318], [-92.03369993847322, 34.935838234996496], [-92.03367781046121, 34.935746542979885], [-92.033655793449, 34.935654832963195], [-92.033633887437, 34.93556310494651], [-92.0336120934249, 34.93547135892978], [-92.0335904114129, 34.9353795949131], [-92.0335688394009, 34.935287812896284], [-92.033547380389, 34.9351960128796], [-92.03352603237711, 34.93510419586286], [-92.0335047953651, 34.935012360846095], [-92.0334836703533, 34.9349205088294], [-92.0334626573415, 34.9348286388126], [-92.0334417553296, 34.9347367517959], [-92.0334209653179, 34.93464484777899], [-92.03340028630612, 34.93455292676229], [-92.0333797202944, 34.934460988745485], [-92.0333592652827, 34.934369033728686], [-92.033338921271, 34.9342770617119], [-92.0333186902594, 34.93418507269511], [-92.0332985702478, 34.93409306767822], [-92.0332785622362, 34.93400104566138], [-92.0332586652247, 34.9339090076445], [-92.0332388812131, 34.9338169536277], [-92.0332192082016, 34.933724882610804], [-92.0331996471902, 34.933632795594], [-92.0331801981788, 34.933540692577076], [-92.0331608611674, 34.933448573560206], [-92.033141636156, 34.9333564385433], [-92.0331225231447, 34.9332642885264], [-92.0331035221333, 34.933172121509486], [-92.03308463212201, 34.93307993949258], [-92.0330658551108, 34.93298774247559], [-92.0330471900996, 34.93289552945869], [-92.0330286360884, 34.93280330144169], [-92.03301019507721, 34.93271105742479], [-92.0329918660661, 34.93261879940779], [-92.0329736490549, 34.93252652539079], [-92.0329555440439, 34.93243423737388], [-92.0329375510328, 34.9323419333569], [-92.0329196700218, 34.932249615339884], [-92.0329019010108, 34.93215728232292], [-92.0328842449998, 34.932064935305895], [-92.0328667009889, 34.9319725732889], [-92.032849268978, 34.931880196271884], [-92.0328319489671, 34.9317878052548], [-92.0328147409563, 34.9316954012378], [-92.0327976459455, 34.931602981220706], [-92.0327806629347, 34.9315105482037], [-92.032763791924, 34.931418101186594], [-92.0327470329132, 34.93132564016948], [-92.0327303869025, 34.931233166152495], [-92.0327138528919, 34.9311406771354], [-92.0326974318812, 34.931048176118296], [-92.03268112287061, 34.9309556601012], [-92.03266492586, 34.9308631310841], [-92.0326488408495, 34.93077058906701], [-92.0326328688389, 34.93067803404978], [-92.0326170098285, 34.930585466032674], [-92.032601262818, 34.9304928840156], [-92.0325856278075, 34.930400289998374], [-92.0325701057971, 34.9303076829812], [-92.0325546957868, 34.930215062964116], [-92.0325393987765, 34.930122429946884], [-92.0325242137661, 34.9300297849298], [-92.0325091417558, 34.929937127912595], [-92.0324941827456, 34.9298444578954], [-92.0324793357354, 34.9297517748782], [-92.0324646007252, 34.92965908086089], [-92.032449978715, 34.9295663748437], [-92.0324354697049, 34.929473655826484], [-92.0324210736948, 34.9293809258093], [-92.0324067896847, 34.92928818279209], [-92.0323926176747, 34.92919542977481], [-92.03237855966461, 34.92910266375749], [-92.0323646136547, 34.9290098867403], [-92.0323507796447, 34.928917097722994], [-92.0323370596348, 34.92882429870568], [-92.0323234516249, 34.92873148668839], [-92.032309956615, 34.92863866467118], [-92.0322965736052, 34.92854583165389], [-92.0322833045954, 34.92845298663649], [-92.0322701475856, 34.9283601316192], [-92.0322571035758, 34.928267265601896], [-92.0322441715661, 34.9281743885846], [-92.03223135355641, 34.92808150156728], [-92.0322186475468, 34.92798860354989], [-92.0322060545372, 34.927895695532584], [-92.03219357452751, 34.92780277651519], [-92.032181207518, 34.92770984749788], [-92.0321689535084, 34.927616908480495], [-92.0321568114989, 34.92752395946311], [-92.0321447834895, 34.92743100044571], [-92.03213286748, 34.927338032428295], [-92.0321210654706, 34.927245053410886], [-92.0321093754612, 34.9271520653935], [-92.0320977984518, 34.92705906737609], [-92.0320863344425, 34.92696606035868], [-92.0320749834332, 34.92687304334129], [-92.0320637454239, 34.9267800173238], [-92.0320526204147, 34.926686981306396], [-92.0320416084055, 34.92659393728899], [-92.0320307093963, 34.92650088427148], [-92.0320199233871, 34.92640782125401], [-92.032009250378, 34.92631475023659], [-92.0319986913689, 34.926221670219114], [-92.0319882443599, 34.926128582201585], [-92.0319779103508, 34.92603548418418], [-92.0319676893418, 34.92594237916659], [-92.0319575813329, 34.92584926514908], [-92.0319475873239, 34.925756143131615], [-92.031937705315, 34.9256630121141], [-92.0319279373062, 34.925569874096595], [-92.0319182822973, 34.92547672707898], [-92.0319087402885, 34.92538357306149], [-92.0318993102797, 34.92529041004398], [-92.0318899952709, 34.925197240026385], [-92.0318807922622, 34.925104063008874], [-92.0318717022535, 34.92501087699129], [-92.0318627262449, 34.924917684973686], [-92.0318538632362, 34.92482448495609], [-92.0318451132276, 34.924731277938484], [-92.031836476219, 34.92463806292099], [-92.0318279522104, 34.92454484190338], [-92.03181954220192, 34.924451613885786], [-92.0318112441935, 34.92435837786809], [-92.031803060185, 34.92426513585048], [-92.03179499017662, 34.92417188683291], [-92.0317870321682, 34.9240786318153], [-92.0317791881598, 34.92398536979759], [-92.0317714571514, 34.92389210178], [-92.0317638391431, 34.9237988267624], [-92.0317563341349, 34.92370554574482], [-92.0317489431266, 34.92361225872698], [-92.03174166511842, 34.923518965709384], [-92.0317345001102, 34.9234256666917], [-92.0317274491021, 34.92333236167409], [-92.0317205110939, 34.92323905165639], [-92.03171368608581, 34.923145735638705], [-92.0317069750778, 34.923052413621], [-92.0317003770697, 34.922959085603296], [-92.0316938920618, 34.92286575358559], [-92.0316875210538, 34.9227724155678], [-92.0316812620458, 34.92267907155009], [-92.0316751180379, 34.92258572353241], [-92.03166908603, 34.92249237051459], [-92.0316631680222, 34.92239901149689], [-92.0316573640143, 34.9223056484792], [-92.0316516720066, 34.922212281461405], [-92.0316460939988, 34.92211890844367], [-92.0316406299911, 34.92202553142589], [-92.0316352789834, 34.92193215040808], [-92.0316300409757, 34.9218387643904], [-92.03162491596801, 34.9217453743726], [-92.0316199049605, 34.921651979354785], [-92.0316150079529, 34.92155858133701], [-92.0316102239453, 34.92146517931919], [-92.0316055529378, 34.9213717723013], [-92.0316009949303, 34.921278362283594], [-92.0315965519228, 34.92118494826569], [-92.0315922209155, 34.9210915312479], [-92.03158800390801, 34.920998110230094], [-92.0315838999006, 34.92090468621228], [-92.0315799098933, 34.920811258194384], [-92.031576032886, 34.920717827176496], [-92.0315722698788, 34.920624393158676], [-92.0315686198715, 34.9205309561408], [-92.0315650838643, 34.920437516122995], [-92.0315616608571, 34.9203440731051], [-92.0315583508499, 34.920250627087285], [-92.0315551548429, 34.92015717906929], [-92.0315520728357, 34.920063728051396], [-92.0315491038287, 34.919970274033496], [-92.0315462478217, 34.9198768190157], [-92.0315435058146, 34.919783359997794], [-92.0315408768077, 34.91968989997978], [-92.0315383618007, 34.91959643796188], [-92.0315359597939, 34.919502972943995], [-92.031533671787, 34.91940950592609], [-92.0315314967801, 34.91931603790808], [-92.0315294357733, 34.919222567890195], [-92.0315274877665, 34.9191290958723], [-92.03152565275981, 34.9190356228543], [-92.031523932753, 34.918942147836304], [-92.03152232474632, 34.91884867181838], [-92.0315208307397, 34.91875519480038], [-92.03151945073301, 34.91866171578239], [-92.0315181837264, 34.9185682367645], [-92.0315170307199, 34.918474755746495], [-92.0315159907133, 34.91838127372849], [-92.0315150637068, 34.91828779171048], [-92.0315142507004, 34.9181943086925], [-92.0315135516939, 34.91810082467448], [-92.0315129656875, 34.918007340656494], [-92.0315124936811, 34.9179138556385], [-92.0315121346747, 34.9178203706205], [-92.0315118886684, 34.91772688560241], [-92.0315117566621, 34.91763339958441], [-92.0315117386558, 34.917539914566404], [-92.0315118336496, 34.91744642854831], [-92.0315120426434, 34.9173529435303], [-92.0315123646373, 34.9172594585122], [-92.0315127996311, 34.9171659734941], [-92.031513348625, 34.91707248947609], [-92.0315140116189, 34.91697900545808], [-92.0315147876129, 34.91688552143998], [-92.0315156766068, 34.91679203942191], [-92.0315166796009, 34.91669855740378], [-92.0315177965949, 34.91660507638568], [-92.0315190265889, 34.91651159636759], [-92.0315203695831, 34.91641811734959], [-92.0315218265772, 34.9163246393315], [-92.0315233965713, 34.91623116331329], [-92.0315250805656, 34.916137687295176], [-92.0315268785598, 34.916044214277086], [-92.0315287895541, 34.915950741259], [-92.0315308135483, 34.915857271240796], [-92.0315329515427, 34.91576380222269], [-92.031535202537, 34.915670334204606], [-92.0315375675314, 34.915576869186395], [-92.0315400455258, 34.9154834061683], [-92.0315426365203, 34.91538994515011], [-92.03154534151471, 34.915296486131986], [-92.0315481605092, 34.91520302911378], [-92.0315510925038, 34.91510957509569], [-92.0315541374983, 34.91501612307751], [-92.0315572964929, 34.914922674059284], [-92.0315605694876, 34.91482922704119], [-92.0315639544822, 34.91473578302299], [-92.0315674544769, 34.91464234200477], [-92.0315710664716, 34.914548903986585], [-92.0315747924664, 34.91445546796838], [-92.0315786324612, 34.914362035950184], [-92.031582585456, 34.9142686079319], [-92.03158665145081, 34.914175181913805], [-92.0315908314457, 34.9140817598955], [-92.0315951244406, 34.9139883408773], [-92.0315995304356, 34.913894925859104], [-92.0316040504305, 34.91380151484079], [-92.0316086834255, 34.913708106822575], [-92.0316134304206, 34.91361470280438], [-92.0316182904156, 34.9135213037862], [-92.0316232634107, 34.91342790776789], [-92.0316283504058, 34.9133345157497], [-92.031633550401, 34.9132411287314], [-92.0316388643961, 34.91314774571309], [-92.0316442913914, 34.9130543666949], [-92.0316498313866, 34.912960992676574], [-92.0316554843819, 34.912867622658275], [-92.0316612513772, 34.912774258640084], [-92.0316671313725, 34.912680898621794], [-92.0316731253679, 34.91258754360349], [-92.0316792323633, 34.91249419258521], [-92.0316854523588, 34.91240084756691], [-92.0316917853542, 34.912307507548604], [-92.0316982323497, 34.91221417353031], [-92.0317047923453, 34.91212084451198], [-92.0317114653408, 34.91202752049371], [-92.0317182523364, 34.91193420147539], [-92.031725151332, 34.9118408894571], [-92.0317321643276, 34.91174758243869], [-92.0317392913233, 34.91165428142039], [-92.0317465303191, 34.91156098540208], [-92.0317538833148, 34.9114676963838], [-92.0317613493106, 34.91137441336539], [-92.0317689283064, 34.91128113634701], [-92.0317766213022, 34.91118786632869], [-92.03178442729812, 34.911094602310406], [-92.031792345294, 34.91100134429199], [-92.0318003782899, 34.91090809327369], [-92.03180852328592, 34.9108148482553], [-92.0318167812819, 34.9107216102369], [-92.0318251532779, 34.910628379218494], [-92.0318336372739, 34.91053515520019], [-92.03184223527002, 34.9104419391818], [-92.0318509462661, 34.910348729163395], [-92.0318597702623, 34.910255526144994], [-92.0318687082585, 34.91016233112668], [-92.0318777582547, 34.9100691431083], [-92.0318869222509, 34.90997596308991], [-92.0318961982472, 34.90988279007149], [-92.0319055882435, 34.909789625053094], [-92.0319150902399, 34.909696467034586], [-92.0319247062362, 34.909603318016295], [-92.0319344352326, 34.9095101769978], [-92.031944277229, 34.90941704297938], [-92.0319542322255, 34.90932391796099], [-92.031964300222, 34.909230800942595], [-92.0319744802185, 34.909137691924094], [-92.031984774215, 34.9090445919057], [-92.0319951812116, 34.908951499887195], [-92.0320057012082, 34.9088584168688], [-92.0320163342049, 34.908765342850394], [-92.0320270802016, 34.90867227683202], [-92.0320379381983, 34.90857921981349], [-92.032048910195, 34.908486172794994], [-92.0320599951917, 34.908393133776606], [-92.0320711921886, 34.9083001047581], [-92.0320825021854, 34.90820708373959], [-92.0320939261823, 34.90811407372119], [-92.0321054621791, 34.9080210717027], [-92.0321171111761, 34.90792807968419], [-92.0321288731731, 34.90783509766582], [-92.03214074717, 34.907742125647296], [-92.032152735167, 34.90764916262881], [-92.0321648351641, 34.90755620961028], [-92.0321770481612, 34.9074632675918], [-92.0321893741583, 34.9073703345733], [-92.0322018131555, 34.90727741255481], [-92.0322143651526, 34.90718450053629], [-92.0322270291498, 34.90709159851778], [-92.032239806147, 34.9069987074993], [-92.0322526951443, 34.90690582648079], [-92.0322656981416, 34.9068129564623], [-92.032278813139, 34.906720097443795], [-92.0322920411363, 34.90662724842519], [-92.0323053811337, 34.90653441140681], [-92.0323188341311, 34.90644158538818], [-92.0323324001286, 34.9063487693697], [-92.03234607812611, 34.9062559653511], [-92.03235986912361, 34.906163172332604], [-92.0323737731212, 34.906070391314096], [-92.03238778911881, 34.90597762129549], [-92.0324019181163, 34.905884863277], [-92.032416159114, 34.90579211625849], [-92.0324305131116, 34.905699381239884], [-92.0324449791094, 34.905606659221384], [-92.0324595581071, 34.90551394820281], [-92.0324742501049, 34.9054212491843], [-92.03248905310271, 34.9053285621657], [-92.0325039701005, 34.90523588714719], [-92.0325189990984, 34.905143225128484], [-92.0325341400963, 34.905050575109975], [-92.0325493930942, 34.90495793809139], [-92.0325647590922, 34.9048653130728], [-92.0325802380901, 34.90477270105429], [-92.0325958290881, 34.90468010203569], [-92.0326115320862, 34.904587516017095], [-92.03262734708431, 34.90449494299849], [-92.03264327508242, 34.90440238197999], [-92.0326593150806, 34.90430983496139], [-92.0326754680788, 34.9042173009428], [-92.032691733077, 34.904124780924185], [-92.0327081100752, 34.9040322739056], [-92.0327245990734, 34.90393977988699], [-92.0327412000717, 34.90384730086839], [-92.03275791407, 34.9037548338498], [-92.0327747400684, 34.903662381831204], [-92.0327916780668, 34.90356994381249], [-92.0328087280653, 34.90347751879399], [-92.0328258900637, 34.90338510877541], [-92.0328431650622, 34.903292712756674], [-92.0328605510607, 34.90320033073812], [-92.0328780500593, 34.90310796271949], [-92.0328956610578, 34.90301560970088], [-92.0329133840565, 34.90292327168219], [-92.0329312180551, 34.90283094766361], [-92.0329491650538, 34.902738638644905], [-92.0329672240525, 34.90264634362638], [-92.0329853950512, 34.90255406460767], [-92.03300367805, 34.90246180058909], [-92.0330220720488, 34.902369550570384], [-92.0330405790477, 34.902277316551796], [-92.0330591970465, 34.90218509753309], [-92.0330779280454, 34.902092894514496], [-92.0330967700443, 34.902000706495905], [-92.0331157240433, 34.90190853447717], [-92.0331347900423, 34.90181637745858], [-92.0331539680413, 34.9017242364399], [-92.0331732580403, 34.90163211142117], [-92.0331926590394, 34.901540002402584], [-92.0332121720386, 34.90144790938397], [-92.0332317970377, 34.90135583236532], [-92.0332515330368, 34.90126377134662], [-92.033271382036, 34.901171726327895], [-92.0332913410353, 34.901079698309296], [-92.0333114130346, 34.900987686290605], [-92.0333315960339, 34.90089569127189], [-92.0333518910332, 34.90080371325329], [-92.0333722970326, 34.90071175123461], [-92.033392815032, 34.9006198062159], [-92.0334134450314, 34.90052787919721], [-92.0334341860308, 34.90043596817858], [-92.0334550380303, 34.90034407415989], [-92.0334760020299, 34.9002521981412], [-92.0334970770294, 34.90016033912249], [-92.033518264029, 34.900068497103796], [-92.0335395630286, 34.89997667308509], [-92.0335609720283, 34.89988486606638], [-92.033582493028, 34.89979307704767], [-92.0336041260276, 34.899701306029094], [-92.0336258700274, 34.89960955201038], [-92.0336477250272, 34.899517816991704], [-92.0336696910269, 34.8994260999729], [-92.0336917690268, 34.89933439995419], [-92.0337139570267, 34.8992427189355], [-92.0337362570266, 34.8991510569168], [-92.0337586690265, 34.89905941189808], [-92.0337811910264, 34.8989677868795], [-92.0338038250264, 34.89887617986079], [-92.0338265690265, 34.89878459084199], [-92.0338494250265, 34.89869302082329], [-92.0338723920266, 34.89860147080462], [-92.0338954700267, 34.8985099387859], [-92.0339186590269, 34.898418425767204], [-92.033941959027, 34.8983269317484], [-92.0339653700272, 34.89823545772971], [-92.0339888920275, 34.89814400271101], [-92.0340125250278, 34.89805256669229], [-92.0340362690281, 34.89796115067361], [-92.0340601230284, 34.8978697536549], [-92.0340840890288, 34.89777837763609], [-92.0341081650291, 34.897687020617404], [-92.0341323530296, 34.89759568259868], [-92.0341566510301, 34.897504365579884], [-92.0341810600306, 34.897413068561185], [-92.0342055790311, 34.897321791542495], [-92.0342302090316, 34.89723053452381], [-92.0342549500322, 34.897139298504996], [-92.0342798020328, 34.89704808248631], [-92.0343047640335, 34.8969568864676], [-92.0343298370342, 34.89686571144879], [-92.0343550210348, 34.89677455743011], [-92.0343803150356, 34.8966834244113], [-92.03440571903641, 34.89659231139259], [-92.0344312340372, 34.896501219373896], [-92.034456860038, 34.896410149355184], [-92.0344825960389, 34.89631910033629], [-92.0345084430398, 34.8962280713176], [-92.0345343990407, 34.8961370652989], [-92.0345604670417, 34.89604607928009], [-92.0345866440426, 34.8959551152614], [-92.0346129320437, 34.89586417324268], [-92.0346393310448, 34.89577325322389], [-92.0346658390458, 34.895682354205086], [-92.034692458047, 34.89559147718637], [-92.0347191870481, 34.89550062216769], [-92.0347460270493, 34.89540978914891], [-92.0347729760505, 34.89531897913018], [-92.0348000360517, 34.895228190111396], [-92.034827205053, 34.895137424092695], [-92.03485448505431, 34.89504668007388], [-92.0348818750557, 34.8949559590552], [-92.034909375057, 34.8948652610364], [-92.0349369850584, 34.8947745850177], [-92.0349647050599, 34.89468393199891], [-92.0349925350613, 34.894593300980084], [-92.0350204740628, 34.89450269396138], [-92.0350485240643, 34.89441210994261], [-92.0350766830659, 34.89432154892379], [-92.0351049530675, 34.89423101090509], [-92.0351333320691, 34.89414049688639], [-92.0351618210707, 34.89405000586758], [-92.0351904200724, 34.8939595378488], [-92.0352191280742, 34.89386909383009], [-92.0352479460759, 34.8937786738113], [-92.0352768740776, 34.89368827679259], [-92.0353059110794, 34.893597904773785], [-92.0353350580813, 34.893507555754994], [-92.0353643150832, 34.89341723173618], [-92.0353936810851, 34.893326930717485], [-92.035423157087, 34.893236654698704], [-92.0354527420889, 34.893146402679996], [-92.035482436091, 34.89305617466119], [-92.035512241093, 34.892965972642486], [-92.03554215409501, 34.892875793623695], [-92.0355721770971, 34.89278563960492], [-92.0356023090992, 34.89269551058619], [-92.0356325501013, 34.8926054065674], [-92.0356629011035, 34.89251532754862], [-92.03569336110581, 34.892425273529895], [-92.035723930108, 34.89233524451111], [-92.0357546081103, 34.89224524149228], [-92.0357853961126, 34.892155262473594], [-92.0358162931149, 34.892065309454765], [-92.0358472981173, 34.891975382435994], [-92.0358784131197, 34.891885480417216], [-92.0359096371221, 34.891795604398496], [-92.0359409701246, 34.891705753379696], [-92.03597241112712, 34.89161592836099], [-92.0360039621296, 34.89152613034219], [-92.0360356221322, 34.891436357323514], [-92.0360673901347, 34.891346611304684], [-92.0360992681374, 34.891256890285874], [-92.03613125414, 34.89116719626709], [-92.0361633491427, 34.8910775292484], [-92.0361955521454, 34.8909878872296], [-92.0362278641481, 34.89089827321079], [-92.0362602851509, 34.89080868519211], [-92.0362928151537, 34.89071912417329], [-92.0363254531566, 34.8906295891545], [-92.03635820015941, 34.89054008213582], [-92.0363910551623, 34.89045060211699], [-92.0364240191653, 34.89036114809831], [-92.0364570921682, 34.89027172207949], [-92.0364902721712, 34.89018232306071], [-92.0365235621742, 34.89009295204198], [-92.0365569591773, 34.890003608023186], [-92.0365904651803, 34.889914292004406], [-92.0366240791835, 34.88982500298571], [-92.0366578021866, 34.889735741966874], [-92.0366916331898, 34.889646508948076], [-92.036725572193, 34.8895573029294], [-92.0367596191962, 34.889468125910604], [-92.0367937741995, 34.88937897689192], [-92.0368280372028, 34.88928985587311], [-92.0368624092062, 34.8892007628544], [-92.0368968882095, 34.8891116978356], [-92.0369314762129, 34.8890226618168], [-92.0369661712163, 34.888933654798095], [-92.0370009742198, 34.888844675779396], [-92.0370358862233, 34.888755725760596], [-92.0370709052268, 34.8886668047418], [-92.0371060322303, 34.88857791172308], [-92.03714126623402, 34.88848904870429], [-92.0371766092375, 34.88840021368559], [-92.0372120592412, 34.8883114086668], [-92.03724761724492, 34.888222632648066], [-92.0372832822486, 34.888133885629294], [-92.0373190552523, 34.888045168610596], [-92.0373549362561, 34.88795648159179], [-92.0373909242599, 34.88786782257311], [-92.0374270202637, 34.8877791945543], [-92.0374632232676, 34.88769059553559], [-92.0374995342715, 34.88760202651689], [-92.0375359522754, 34.88751348849809], [-92.0375724772794, 34.88742497947929], [-92.0376091102833, 34.887336500460606], [-92.0376458502874, 34.88724805244188], [-92.0376826972914, 34.8871596334231], [-92.0377196512955, 34.88707124640439], [-92.0377567132996, 34.88698288838569], [-92.0377938823037, 34.88689456236689], [-92.0378311583079, 34.886806266348174], [-92.0378685403121, 34.886718000329516], [-92.0379060303164, 34.886629766310676], [-92.0379436273206, 34.886541562291995], [-92.0379813313249, 34.8864533902733], [-92.0380191423293, 34.88636524825448], [-92.0380570593336, 34.8862771382358], [-92.03809508433801, 34.88618905921702], [-92.0381332153424, 34.8861010111983], [-92.0381714533468, 34.88601299517957], [-92.0382097973514, 34.8859250111609], [-92.0382482493559, 34.88583705814207], [-92.03828680736041, 34.885749136123394], [-92.038325471365, 34.885661247104686], [-92.0383642423696, 34.885573389086], [-92.0384031203742, 34.8854855640673], [-92.0384421043789, 34.88539777004851], [-92.0384811953836, 34.88531000902979], [-92.0385203923883, 34.8852222790111], [-92.0385596953931, 34.8851345829924], [-92.0385991053979, 34.8850469179737], [-92.0386386204027, 34.884959285955006], [-92.03867824340762, 34.88487168693632], [-92.0387179714125, 34.88478411991761], [-92.0387578064174, 34.8846965858989], [-92.0387977464223, 34.884609084880196], [-92.0388377934273, 34.884521616861484], [-92.0388779464323, 34.8844341818427], [-92.0389182044373, 34.884346779824085], [-92.0389585694424, 34.88425941180542], [-92.0389990404475, 34.884172075786694], [-92.0390396164526, 34.88408477376798], [-92.0390802994578, 34.8839975057493], [-92.039121087463, 34.88391026973061], [-92.0391619814682, 34.883823068711905], [-92.03920298147351, 34.883735900693196], [-92.0392440864787, 34.883648767674494], [-92.0392852974841, 34.88356166765588], [-92.0393266134894, 34.883474601637204], [-92.0393680354948, 34.883387569618485], [-92.0394095635002, 34.883300571599776], [-92.0394511965056, 34.883213607581105], [-92.0394929355111, 34.88312667856251], [-92.0395347795166, 34.88303978454379], [-92.0395767285222, 34.88295292352511], [-92.0396187825277, 34.88286609850639], [-92.0396609425333, 34.88277930748781], [-92.0397032075389, 34.88269255146909], [-92.0397455775446, 34.88260582945048], [-92.0397880525503, 34.88251914343179], [-92.039830633556, 34.882432492413095], [-92.0398733185618, 34.882345875394485], [-92.0399161095675, 34.882259294375785], [-92.0399590045733, 34.88217274935711], [-92.0400020045792, 34.88208623833851], [-92.040045109585, 34.88199976331978], [-92.0400883195909, 34.8819133243012], [-92.0401316345969, 34.881826920282585], [-92.0401750546028, 34.881740552263885], [-92.0402185786088, 34.881654220245274], [-92.0402622076148, 34.88156792422659], [-92.0403059406209, 34.88148166320801], [-92.040349778627, 34.88139543918932], [-92.04039372163311, 34.88130925117069], [-92.0404377686392, 34.88122309915208], [-92.0404819196454, 34.881136983133494], [-92.0405261756516, 34.88105090411481], [-92.0405705356579, 34.88096486209619], [-92.0406150006641, 34.88087885607759], [-92.04065956867042, 34.880792886059], [-92.0407042416768, 34.88070695404028], [-92.0407490196831, 34.8806210580218], [-92.0407939006895, 34.880535199003084], [-92.04083888569592, 34.880449376984494], [-92.0408839747024, 34.88036359196588], [-92.0409291687089, 34.880277844947294], [-92.0409744657154, 34.880192133928695], [-92.0410198667219, 34.88010646091012], [-92.0410653717285, 34.88002082589148], [-92.0411109807352, 34.87993522787288], [-92.0411566927418, 34.8798496668543], [-92.04120250974842, 34.8797641448357], [-92.04124842875511, 34.879678659817095], [-92.0412944527619, 34.87959321279861], [-92.0413405797686, 34.87950780277999], [-92.0413868107754, 34.879422431761384], [-92.0414331447823, 34.87933709874291], [-92.0414795817891, 34.87925180472429], [-92.041526122796, 34.8791665477057], [-92.0415727668028, 34.8790813296871], [-92.0416195148098, 34.878996149668616], [-92.0416663658168, 34.87891100865], [-92.0417133198238, 34.878825906631384], [-92.0417603768308, 34.878740842612906], [-92.0418075368379, 34.878655817594286], [-92.041854799845, 34.87857083157581], [-92.0419021668521, 34.87848588455719], [-92.0419496358593, 34.8784009765387], [-92.0419972078664, 34.87831610752011], [-92.0420448828737, 34.87823127850161], [-92.0420926608809, 34.878146487483086], [-92.0421405408882, 34.878061736464495], [-92.04218852489551, 34.877977025445986], [-92.0422366109028, 34.87789235342749], [-92.0422847989102, 34.877807721409006], [-92.0423330899176, 34.8777231283904], [-92.042381483925, 34.8776385763719], [-92.0424299799325, 34.877554063353394], [-92.04247857894, 34.877469590334904], [-92.0425272799475, 34.877385157316404], [-92.0425760829551, 34.877300765297775], [-92.04262498896261, 34.87721641227928], [-92.0426739969702, 34.87713210026089], [-92.0427231069779, 34.8770478292424], [-92.0427723189855, 34.8769635982238], [-92.04282163299331, 34.8768794072054], [-92.042871049001, 34.87679525718689], [-92.0429205680087, 34.87671114816838], [-92.0429701880166, 34.876627080149895], [-92.0430199100243, 34.876543053131385], [-92.0430697340322, 34.876459066113], [-92.0431196600401, 34.87637512109448], [-92.04316968704802, 34.876291217075995], [-92.043219816056, 34.8762073540575], [-92.043270047064, 34.8761235320391], [-92.043320379072, 34.87603975202059], [-92.04337081308, 34.87595601300221], [-92.0434213480881, 34.8758723159837], [-92.0434719850961, 34.87578866096528], [-92.0435227231043, 34.875705046946806], [-92.0435735631124, 34.87562147592841], [-92.0436245041206, 34.87553794591], [-92.0436755461289, 34.8754544578915], [-92.0437266891371, 34.87537101187309], [-92.0437779331453, 34.87528760785469], [-92.0438292791537, 34.875204246836304], [-92.043880725162, 34.87512092781779], [-92.0439322721703, 34.87503765079939], [-92.0439839211788, 34.87495441678099], [-92.0440356701872, 34.87487122576258], [-92.04408752019562, 34.87478807674421], [-92.0441394702041, 34.8747049697258], [-92.0441915222126, 34.874621906707375], [-92.0442436742212, 34.874538886688995], [-92.0442959272298, 34.87445590867059], [-92.0443482802384, 34.874372974652196], [-92.044400734247, 34.874290083633795], [-92.0444532882557, 34.87420723561541], [-92.0445059432644, 34.8741244305971], [-92.0445586982731, 34.8740416695787], [-92.0446115532819, 34.873958952560294], [-92.0446645082907, 34.873876277542], [-92.0447175642995, 34.87379364752359], [-92.0447707203083, 34.8737110605053], [-92.04482397631722, 34.8736285174869], [-92.04487733132612, 34.87354601846859], [-92.044930787335, 34.87346356345017], [-92.044984343344, 34.87338115343179], [-92.045037999353, 34.87329878641359], [-92.045091754362, 34.873216463395224], [-92.0451456093711, 34.873134185376806], [-92.0451995643802, 34.873051951358484], [-92.0452536193893, 34.872969762340155], [-92.04530777339842, 34.872887617321894], [-92.0453620274076, 34.87280551730357], [-92.0454163804168, 34.8727234622853], [-92.0454708324261, 34.872641451266986], [-92.0455253844354, 34.8725594862487], [-92.0455800364446, 34.87247756523039], [-92.0456347864539, 34.87239568921211], [-92.0456896364633, 34.872313859193795], [-92.0457445854727, 34.87223207317558], [-92.0457996334821, 34.872150333157194], [-92.0458547804915, 34.872068639138995], [-92.045910026501, 34.87198699012069], [-92.0459653715105, 34.87190538610239], [-92.0460208155201, 34.87182382808421], [-92.0460763585296, 34.87174231606589], [-92.0461319995392, 34.87166084904769], [-92.0461877395488, 34.8715794290294], [-92.04624357855852, 34.87149805401109], [-92.0462995155682, 34.871416725992894], [-92.0463555515779, 34.871335442974704], [-92.0464116865876, 34.87125420695651], [-92.0464679195974, 34.871173016938194], [-92.0465242506072, 34.87109187291999], [-92.0465806806171, 34.87101077590179], [-92.0466372076269, 34.87092972488358], [-92.0466938336368, 34.87084872086539], [-92.0467505586467, 34.870767763847205], [-92.0468073806567, 34.870686852829], [-92.04686430066671, 34.87060598881079], [-92.0469213186766, 34.870525171792615], [-92.0469784356867, 34.870444401774385], [-92.0470356496968, 34.8703636797562], [-92.0470929607068, 34.8702830037381], [-92.047150370717, 34.8702023757199], [-92.0472078777271, 34.87012179470169], [-92.0472654827373, 34.87004126068349], [-92.0473231857476, 34.8699607746654], [-92.0473809857578, 34.86988033564719], [-92.04743888276812, 34.86979994462909], [-92.0474968777784, 34.869719601610896], [-92.04755496978872, 34.8696393065928], [-92.0476131597991, 34.86955905857471], [-92.0476714458095, 34.86947885855649], [-92.0477298298199, 34.869398707538494], [-92.0477883108303, 34.8693186045203], [-92.0478468888409, 34.86923854850218], [-92.0479055638514, 34.86915854248409], [-92.0479643358619, 34.869078583466006], [-92.0480232048725, 34.8689986734479], [-92.048082170883, 34.86891881242979], [-92.0481412328937, 34.86883899941169], [-92.0482003919044, 34.86875923439359], [-92.048259647915, 34.8686795193756], [-92.0483189999257, 34.86859985235751], [-92.0483784489365, 34.86852023533938], [-92.0484379939472, 34.868440666321405], [-92.0484976359581, 34.86836114630331], [-92.0485573739689, 34.868281676285186], [-92.0486172079798, 34.86820225526721], [-92.0486771389907, 34.8681228832492], [-92.0487371660016, 34.86804356023111], [-92.0487972880126, 34.867964288213116], [-92.0488575070235, 34.8678850641951], [-92.0489178220346, 34.86780589017699], [-92.0489782330456, 34.867726766159], [-92.0490387390567, 34.867647692140984], [-92.0490993410677, 34.867568668122885], [-92.0491600400789, 34.86748969310504], [-92.04922083309, 34.867410769086995], [-92.0492817231012, 34.86733189506899], [-92.0493427081124, 34.867253071050996], [-92.0494037881237, 34.867174297033095], [-92.0494649641349, 34.867095573015085], [-92.0495262351463, 34.8670168999971], [-92.0495876011576, 34.866938277979095], [-92.0496490631689, 34.866859705961204], [-92.0497106201803, 34.8667811849432], [-92.0497722721917, 34.86670271392531], [-92.0498340192032, 34.86662429390731], [-92.0498958612147, 34.86654592588939], [-92.0499577982262, 34.86646760787139], [-92.0500198302377, 34.8663893408535], [-92.0500819572493, 34.8663111248356], [-92.0501441782609, 34.866232960817705], [-92.0502064952725, 34.86615484779978], [-92.05026890528411, 34.86607678578189], [-92.0503314112958, 34.86599877576399], [-92.0503940113075, 34.86592081674608], [-92.0504567053192, 34.8658429097282], [-92.050519494331, 34.86576505371029], [-92.0505823763428, 34.865687249692506], [-92.0506453543546, 34.86560949767459], [-92.0507084253665, 34.86553179765671], [-92.0507715913784, 34.86545414963891], [-92.0508348503903, 34.86537655362109], [-92.0508982044023, 34.8652990106032], [-92.0509616514142, 34.865221518585294], [-92.0510251934262, 34.865144079567486], [-92.0510888284382, 34.86506669254971], [-92.0511525574503, 34.864989357531876], [-92.05121637946242, 34.86491207551399], [-92.0512802954745, 34.8648348464962], [-92.0513443054866, 34.8647576704784], [-92.0514084084988, 34.8646805464606], [-92.051472605511, 34.86460347544279], [-92.0515368955233, 34.86452645642509], [-92.0516012785355, 34.86444949140729], [-92.0516657555478, 34.864372579389475], [-92.05173032456011, 34.86429572037181], [-92.0517949875724, 34.86421891535399], [-92.0518597435848, 34.8641421623362], [-92.0519245925972, 34.864065463318475], [-92.0519895336096, 34.86398881830068], [-92.0520545686221, 34.863912226282984], [-92.0521196956346, 34.86383568726529], [-92.0521849156471, 34.86375920324748], [-92.0522502286596, 34.86368277222981], [-92.0523156336722, 34.86360639421212], [-92.0523811316848, 34.86353007119439], [-92.05244672169752, 34.86345380217669], [-92.05251240371011, 34.86337758715901], [-92.0525781787227, 34.86330142614131], [-92.0526440457355, 34.86322531912358], [-92.0527100057482, 34.8631492661059], [-92.052776056761, 34.86307326808832], [-92.0528422007738, 34.86299732407058], [-92.0529084357866, 34.86292143505299], [-92.0529747627995, 34.862845601035296], [-92.0530411828124, 34.86276982101771], [-92.0531076928253, 34.862694096], [-92.0531742958383, 34.862618424982394], [-92.05324099085121, 34.86254280996481], [-92.0533077758642, 34.86246724894708], [-92.0533746538772, 34.86239174392957], [-92.0534416228903, 34.86231629291189], [-92.0535086829034, 34.86224089789439], [-92.0535758349165, 34.862165557876715], [-92.0536430769297, 34.8620902738592], [-92.0537104109428, 34.86201504484159], [-92.053777836956, 34.861939870823996], [-92.0538453529692, 34.86186475280638], [-92.0539129599825, 34.8617896907889], [-92.0539806579958, 34.861714683771275], [-92.0540484470091, 34.86163973275378], [-92.0541163270224, 34.861564837736196], [-92.0541842970358, 34.86148999871871], [-92.0542523580492, 34.86141521570119], [-92.0543205100626, 34.861340489683684], [-92.054388752076, 34.86126581866617], [-92.0544570840895, 34.86119120364869], [-92.0545255071031, 34.8611166456312], [-92.0545940201166, 34.86104214361371], [-92.0546626241302, 34.860967698596205], [-92.0547313171438, 34.86089330957869], [-92.0548001011574, 34.860818977561166], [-92.054868975171, 34.8607447025438], [-92.0549379381847, 34.86067048352628], [-92.0550069921984, 34.8605963215088], [-92.0550761352121, 34.8605222174914], [-92.0551453682259, 34.860448169474], [-92.0552146912397, 34.860374178456574], [-92.0552841032535, 34.8603002444391], [-92.0553536052673, 34.860226368421706], [-92.0554231962812, 34.86015254840429], [-92.0554928772952, 34.86007878738689], [-92.055562647309, 34.860005082369476], [-92.05563250732301, 34.859931435352095], [-92.055702455337, 34.859857846334684], [-92.055772493351, 34.85978431431739], [-92.0558426203651, 34.85971084029999], [-92.0559128353791, 34.85963742428259], [-92.0559831403932, 34.85956406626532], [-92.0560535334074, 34.859490765248], [-92.0561240154215, 34.8594175232306], [-92.0561945864357, 34.85934433921331], [-92.0562652464499, 34.859271213195925], [-92.0563359944641, 34.85919814517859], [-92.0564068304784, 34.85912513516128], [-92.0564777554927, 34.85905218414399], [-92.056548769507, 34.8589792921267], [-92.0566198705214, 34.858906457109484], [-92.0566910605357, 34.85883368209208], [-92.0567623385501, 34.85876096507488], [-92.0568337045646, 34.858688307057584], [-92.056905158579, 34.858615708040304], [-92.05697670059351, 34.8585431670232], [-92.057048329608, 34.85847068600589], [-92.0571200476226, 34.8583982629886], [-92.0571918526372, 34.858325899971405], [-92.0572637456517, 34.8582535959542], [-92.0573357256663, 34.858181350936995], [-92.057407793681, 34.85810916491981], [-92.0574799486957, 34.8580370389026], [-92.0575521917104, 34.85796497288538], [-92.0576245217251, 34.8578929648682], [-92.0576969387399, 34.85782101785101], [-92.0577694427547, 34.8577491298338], [-92.0578420337695, 34.85767730181671], [-92.0579147117843, 34.85760553379949], [-92.0579874767992, 34.85753382478241], [-92.05806032881411, 34.857462176765175], [-92.0581332678291, 34.8573905887481], [-92.058206292844, 34.857319059730976], [-92.058279404859, 34.85724759171389], [-92.058352603874, 34.8571761846968], [-92.058425888889, 34.857104836679696], [-92.0584992599041, 34.85703354966259], [-92.0585727179192, 34.856962322645494], [-92.0586462619343, 34.85689115662839], [-92.0587198919495, 34.856820051611386], [-92.0587936079646, 34.8567490065943], [-92.0588674099798, 34.85667802257718], [-92.058941297995, 34.8566070995602], [-92.0590152720103, 34.85653623754321], [-92.0590893320256, 34.8564654365262], [-92.0591634780409, 34.8563946955092], [-92.0592377090562, 34.856324016492096], [-92.0593120260716, 34.8562533984751], [-92.059386428087, 34.856182841458086], [-92.0594609161024, 34.8561123464411], [-92.0595354891178, 34.856041912424104], [-92.0596101471333, 34.85597153940719], [-92.0596848911488, 34.855901228390195], [-92.0597597201643, 34.8558309793732], [-92.0598346341799, 34.855760791356296], [-92.0599096321955, 34.85569066533939], [-92.0599847162111, 34.85562060132239], [-92.0600598842267, 34.855550599305495], [-92.0601351382423, 34.85548065828859], [-92.0602104762581, 34.85541078027169], [-92.0602858982738, 34.85534096425481], [-92.0603614052895, 34.855271210237895], [-92.0604369973053, 34.855201518221], [-92.0605126733211, 34.8551318882041], [-92.0605884333369, 34.85506232118727], [-92.0606642773528, 34.85499281617039], [-92.0607402063686, 34.854923374153515], [-92.0608162193846, 34.854853994136676], [-92.0608923154005, 34.854784677119895], [-92.0609684964164, 34.854715423102995], [-92.0610447604324, 34.854646231086285], [-92.0611211084485, 34.854577102069406], [-92.0611975404644, 34.854508037052604], [-92.06127405648061, 34.85443903403579], [-92.0613506554966, 34.854370094019096], [-92.0614273375128, 34.854301218002306], [-92.0615041035289, 34.85423240398551], [-92.0615809525451, 34.8541636539687], [-92.0616578855613, 34.85409496695198], [-92.0617349015775, 34.85402634393528], [-92.0618119995937, 34.85395778391851], [-92.06188918161, 34.85388928790179], [-92.0619664466263, 34.85382085488509], [-92.0620437936426, 34.853752485868405], [-92.062121223659, 34.853684179851584], [-92.0621987366754, 34.853615938835], [-92.0622763326918, 34.85354776081828], [-92.0623540107082, 34.853479646801624], [-92.0624317707247, 34.853411597785005], [-92.0625096137412, 34.8533436117683], [-92.0625875397577, 34.85327569075159], [-92.0626655467743, 34.853207832735], [-92.06274363679091, 34.85314003971839], [-92.0628218078074, 34.853072311701794], [-92.0629000618241, 34.853004647685076], [-92.0629783978407, 34.85293704766859], [-92.0630568148574, 34.85286951265189], [-92.0631353138741, 34.85280204163538], [-92.0632138948908, 34.85273463661881], [-92.0632925579075, 34.8526672956022], [-92.0633713019243, 34.85260001858569], [-92.0634501269411, 34.85253280756909], [-92.063529033958, 34.85246566155259], [-92.0636080219749, 34.85239857953609], [-92.0636870909917, 34.85233156351948], [-92.0637662420087, 34.852264612502985], [-92.06384547302561, 34.8521977264865], [-92.0639247850426, 34.85213090647001], [-92.0640041790596, 34.8520641504535], [-92.0640836530766, 34.85199746143699], [-92.0641632080936, 34.85193083642059], [-92.0642428431107, 34.851864278404086], [-92.0643225591278, 34.8517977853876], [-92.0644023561449, 34.85173135737119], [-92.0644822331621, 34.851664996354785], [-92.0645621901792, 34.85159870033839], [-92.0646422281964, 34.85153247032189], [-92.0647223462137, 34.85146630630547], [-92.0648025442309, 34.8514002082891], [-92.0648828212482, 34.851334176272715], [-92.0649631792655, 34.85126821125629], [-92.0650436172828, 34.85120231124], [-92.0651241343002, 34.85113647822361], [-92.0652047313176, 34.851070711207186], [-92.065285408335, 34.85100501119091], [-92.0653661643524, 34.85093937717459], [-92.0654470003698, 34.8508738091583], [-92.0655279153873, 34.85080830914199], [-92.0656089094049, 34.850742875125604], [-92.0656899834224, 34.8506775071093], [-92.06577113644002, 34.85061220709299], [-92.0658523674576, 34.8505469730768], [-92.0659336784752, 34.8504818070605], [-92.0660150684928, 34.85041670704419], [-92.0660965365105, 34.850351674028], [-92.06617808352811, 34.8502867090117], [-92.0662597095459, 34.8502218109955], [-92.0663414135636, 34.85015697997928], [-92.0664231965814, 34.8500922159631], [-92.0665050575992, 34.85002751994689], [-92.066586996617, 34.849962890930684], [-92.0666690146349, 34.849898329914495], [-92.0667511106528, 34.849833835898394], [-92.0668332846707, 34.849769409882185], [-92.0669155366885, 34.84970505186601], [-92.0669978667065, 34.8496407608499], [-92.0670802737245, 34.849576538833695], [-92.0671627587425, 34.8495123838176], [-92.0672453217605, 34.8494482968015], [-92.0673279627786, 34.8493842777854], [-92.0674106807966, 34.8493203277693], [-92.0674934758148, 34.8492564447532], [-92.0675763488329, 34.84919263073709], [-92.067659298851, 34.849128884721], [-92.0677423258692, 34.84906520670499], [-92.0678254308874, 34.84900159768889], [-92.0679086119056, 34.848938056672914], [-92.0679918699239, 34.848874584656905], [-92.0680752049422, 34.848811181640784], [-92.0681586169604, 34.84874784662481], [-92.0682421049788, 34.84868458060878], [-92.0683256699972, 34.8486213825928], [-92.06840931101561, 34.848558254576886], [-92.0684930290339, 34.848495194560904], [-92.0685768230524, 34.84843220454499], [-92.0686606940708, 34.848369282529], [-92.0687446400893, 34.848306430512984], [-92.0688286631078, 34.8482436474971], [-92.0689127611264, 34.8481809334812], [-92.0689969361449, 34.8481182884653], [-92.0690811861635, 34.8480557134494], [-92.06916551218211, 34.84799320743349], [-92.0692499142007, 34.8479307714176], [-92.06933439121941, 34.847868404401694], [-92.0694189442381, 34.847806106385896], [-92.0695035722568, 34.84774387936999], [-92.0695882762755, 34.847681721354206], [-92.0696730542942, 34.84761963333838], [-92.0697579083131, 34.8475576153226], [-92.0698428373318, 34.847495667306696], [-92.0699278413507, 34.8474337892909], [-92.0700129203695, 34.847371980275085], [-92.0700980733884, 34.84731024225928], [-92.0701833014073, 34.84724857424361], [-92.0702686044263, 34.84718697722781], [-92.0703539824452, 34.847125449212], [-92.0704394344642, 34.84706399219636], [-92.0705249604832, 34.847002606180595], [-92.0706105615022, 34.8469412901649], [-92.0706962355213, 34.846880044149216], [-92.0707819845403, 34.84681886913349], [-92.0708678075595, 34.84675776511779], [-92.0709537045786, 34.846696731102085], [-92.07103967559772, 34.846635768086394], [-92.0711257196169, 34.846574876070775], [-92.0712118386361, 34.846514055055096], [-92.0712980296553, 34.84645330503951], [-92.0713842956746, 34.846392626023906], [-92.0714706346939, 34.84633201800819], [-92.0715570467132, 34.84627148099259], [-92.0716435317325, 34.846211015977005], [-92.0717300907518, 34.84615062096153], [-92.0718167217712, 34.84609029794589], [-92.0719034267906, 34.84603004693031], [-92.0719902038101, 34.8459698659148], [-92.0720770548295, 34.84590975789919], [-92.0721639778489, 34.84584972088368], [-92.0722509738684, 34.84578975486819], [-92.072338041888, 34.84572986085269], [-92.0724251829075, 34.84567003883722], [-92.0725123959271, 34.84561028882168], [-92.07259968194671, 34.84555061080621], [-92.0726870399663, 34.8454910037908], [-92.072774468986, 34.845431469775285], [-92.0728619710056, 34.845372006759796], [-92.0729495450253, 34.84531261674439], [-92.073037191045, 34.845253298728906], [-92.0731249090647, 34.845194052713595], [-92.0732126980845, 34.8451348786982], [-92.0733005591043, 34.84507577768278], [-92.0733884911241, 34.84501674866737], [-92.073476495144, 34.84495779265199], [-92.0735645701638, 34.844898908636694], [-92.0736527161837, 34.84484009662129], [-92.0737409342036, 34.84478135860599], [-92.0738292222236, 34.84472269259062], [-92.0739175822435, 34.844664098575294], [-92.0740060132635, 34.84460557855998], [-92.0740945142835, 34.844547130544704], [-92.0741830863035, 34.8444887565295], [-92.0742717293236, 34.84443045451419], [-92.0743604423436, 34.84437222549891], [-92.0744492263637, 34.84431407048358], [-92.0745380803839, 34.844255987468394], [-92.074627004404, 34.8441979784531], [-92.0747159994242, 34.84414004243789], [-92.0748050634443, 34.844082180422696], [-92.0748941984646, 34.8440243904075], [-92.0749834024848, 34.84396667539229], [-92.0750726775051, 34.843909033377194], [-92.0751620215254, 34.84385146436198], [-92.07525143554571, 34.843793969346805], [-92.075340918566, 34.84373654833169], [-92.07543047158642, 34.84367920031659], [-92.0755200936068, 34.84362192630149], [-92.0756097856272, 34.84356472628639], [-92.0756995466476, 34.84350760027121], [-92.0757893766681, 34.8434505482562], [-92.0758792756886, 34.84339357024108], [-92.0759692437091, 34.84333666622609], [-92.0760592797296, 34.84327983621099], [-92.0761493857501, 34.843223080196005], [-92.0762395597707, 34.843166399180895], [-92.0763298027913, 34.8431097921659], [-92.0764201138119, 34.843053259150814], [-92.0765104938325, 34.84299680113588], [-92.0766009418532, 34.84294041712089], [-92.0766914578739, 34.8428841081059], [-92.0767820418946, 34.84282787309099], [-92.0768726939153, 34.842771713076], [-92.0769634149362, 34.8427156270611], [-92.07705420295692, 34.842659617046195], [-92.0771450589777, 34.84260368103121], [-92.0772359819985, 34.84254782001629], [-92.0773269740194, 34.84249203400138], [-92.0774180320403, 34.84243632298652], [-92.0775091580612, 34.84238068697158], [-92.0776003520821, 34.8423251259568], [-92.0776916121031, 34.84226963994189], [-92.077782940124, 34.84221422892709], [-92.077874335145, 34.8421588939123], [-92.077965797166, 34.8421036338975], [-92.078057325187, 34.842048448882686], [-92.0781489212081, 34.8419933398679], [-92.0782405832292, 34.841938305853105], [-92.0783323112503, 34.841883347838284], [-92.0784241072714, 34.84182846482357], [-92.0785159682926, 34.84177365780879], [-92.0786078963138, 34.8417189267941], [-92.078699890335, 34.841664270779404], [-92.0787919503562, 34.84160969076471], [-92.0788840763774, 34.84155518675], [-92.0789762693987, 34.84150075873531], [-92.07906852742, 34.84144640672059], [-92.0791608504413, 34.84139213070598], [-92.07925324046262, 34.841337930691296], [-92.079345695484, 34.84128380667659], [-92.0794382155053, 34.84122975966199], [-92.0795308015267, 34.8411757876474], [-92.0796234525482, 34.84112189263279], [-92.0797161695696, 34.84106807361819], [-92.0798089505911, 34.84101433160359], [-92.0799017976126, 34.840960665589016], [-92.0799947086341, 34.8409070755745], [-92.08008768465571, 34.84085356355988], [-92.0801807256772, 34.840800126545396], [-92.0802738316988, 34.840746767530895], [-92.0803670017204, 34.8406934845164], [-92.0804602367421, 34.8406402785019], [-92.0805535357637, 34.840587148487394], [-92.08064689878542, 34.840534096472894], [-92.0807403258071, 34.840481120458485], [-92.0808338178288, 34.84042822244399], [-92.0809273738505, 34.8403754004296], [-92.0810209928723, 34.8403226564151], [-92.0811146758941, 34.84026998940069], [-92.0812084229159, 34.8402173993863], [-92.0813022339377, 34.840164886372], [-92.0813961079596, 34.84011245035758], [-92.08149004498152, 34.840060092343194], [-92.0815840460034, 34.8400078113288], [-92.0816781110253, 34.83995560831448], [-92.0817722380472, 34.83990348230018], [-92.0818664280692, 34.83985143428588], [-92.0819606810912, 34.83979946327161], [-92.0820549981132, 34.83974757125731], [-92.0821493771352, 34.83969575524299], [-92.0822438181573, 34.83964401822869], [-92.0823383221794, 34.839592358214404], [-92.0824328892014, 34.8395407762002], [-92.0825275182236, 34.83948927218599], [-92.0826222102457, 34.83943784617171], [-92.0827169632679, 34.8393864991575], [-92.08281177929, 34.8393352291434], [-92.0829066573122, 34.8392840371292], [-92.0830015963345, 34.839232924114995], [-92.0830965983567, 34.839181888100896], [-92.083191661379, 34.83913093108669], [-92.0832867864013, 34.8390800530726], [-92.0833819724236, 34.839029252058495], [-92.0834772204459, 34.838978530044294], [-92.0835725304683, 34.83892788703019], [-92.0836679004907, 34.83887732201619], [-92.0837633325131, 34.83882683600209], [-92.08385882453551, 34.83877642798801], [-92.083954378558, 34.838726098974], [-92.08404999358052, 34.83867584895989], [-92.0841456686029, 34.83862567794587], [-92.08424140462552, 34.83857558493191], [-92.084337201648, 34.83852557091789], [-92.0844330586705, 34.83847563590389], [-92.0845289756931, 34.83842578088989], [-92.0846249537157, 34.838376003875986], [-92.0847209917383, 34.83832630586199], [-92.084817089761, 34.838276687848094], [-92.0849132487836, 34.838227147834196], [-92.0850094668063, 34.83817768782029], [-92.085105744829, 34.8381283068064], [-92.0852020818517, 34.83807900579249], [-92.0852984798745, 34.8380297827786], [-92.0853949358973, 34.83798064076469], [-92.0854914529201, 34.83793157675089], [-92.0855880279428, 34.83788259373709], [-92.0856846629657, 34.83783368872329], [-92.0857813569885, 34.83778486470939], [-92.0858781100114, 34.83773611969569], [-92.0859749220343, 34.83768745468189], [-92.0860717930572, 34.83763886866808], [-92.0861687230801, 34.8375903636544], [-92.0862657111031, 34.83754193764059], [-92.0863627581261, 34.83749359162688], [-92.0864598631491, 34.83744532661313], [-92.0865570271721, 34.83739714059941], [-92.0866542491952, 34.837349034585785], [-92.0867515292182, 34.8373010085721], [-92.0868488682413, 34.83725306355841], [-92.0869462642644, 34.83720519754479], [-92.0870437182875, 34.8371574125311], [-92.0871412303107, 34.8371097085175], [-92.0872388003339, 34.8370620835039], [-92.0873364273571, 34.83701453949028], [-92.0874341123803, 34.836967076476576], [-92.0875318544035, 34.836919692463084], [-92.0876296534268, 34.836872390449614], [-92.0877275104501, 34.836825168436], [-92.0878254244733, 34.83677802742249], [-92.0879233954966, 34.836730966408886], [-92.08802142252, 34.83668398639538], [-92.0881195075434, 34.83663708738191], [-92.0882176485667, 34.8365902683684], [-92.0883158465901, 34.836543531354884], [-92.0884141006135, 34.836496874341485], [-92.088512411637, 34.83645029932801], [-92.0886107786605, 34.836403804314585], [-92.0887092026839, 34.83635739030121], [-92.0888076817074, 34.83631105828777], [-92.088906217731, 34.836264806274386], [-92.0890048087545, 34.836218636260995], [-92.0891034567781, 34.836172547247585], [-92.0892021598016, 34.83612654023419], [-92.0893009188253, 34.83608061322099], [-92.0893997328489, 34.83603476820759], [-92.0894986028725, 34.83598900519429], [-92.0895975278962, 34.83594332318099], [-92.0896965079199, 34.83589772216772], [-92.0897955429436, 34.83585220315451], [-92.0898946339673, 34.8358067661411], [-92.089993778991, 34.835761410127894], [-92.0900929800148, 34.8357161361147], [-92.0901922350386, 34.83567094310139], [-92.0902915440624, 34.83562583308831], [-92.0903909090862, 34.83558080407509], [-92.09049032711002, 34.8355358570619], [-92.0905898001339, 34.83549099204872], [-92.0906893281578, 34.83544620903558], [-92.0907889091817, 34.835401508022386], [-92.0908885452057, 34.83535688900929], [-92.09098823422961, 34.83531235199617], [-92.09108797825361, 34.83526789698311], [-92.0911877752776, 34.83522352497], [-92.0912876253015, 34.83517923395689], [-92.0913875303256, 34.83513502594381], [-92.0914874873496, 34.8350909009308], [-92.0915874993737, 34.8350468569177], [-92.0916875633978, 34.83500289590481], [-92.0917876814219, 34.83495901789169], [-92.091887851446, 34.83491522187869], [-92.0919880754702, 34.834871507865806], [-92.0920883514943, 34.834827876852785], [-92.0921886805185, 34.834784328839895], [-92.0922890625427, 34.834740862826884], [-92.09238949756691, 34.83469747981399], [-92.0924899845912, 34.83465417980099], [-92.0925905236155, 34.83461096178821], [-92.0926911146398, 34.83456782777529], [-92.0927917586641, 34.83452477576241], [-92.0928924546884, 34.83448180674958], [-92.0929932017127, 34.83443892173671], [-92.093094001737, 34.8343961187239], [-92.0931948527614, 34.83435339871099], [-92.0932957557859, 34.8343107616983], [-92.0933967108103, 34.83426820868541], [-92.0934977168347, 34.83422573767267], [-92.0935987738591, 34.83418335065989], [-92.0936998818836, 34.8341410466472], [-92.0938010419081, 34.83409882663451], [-92.09390225293271, 34.83405668962169], [-92.0940035149572, 34.83401463560899], [-92.0941048269818, 34.8339726645963], [-92.0942061910063, 34.8339307775836], [-92.0943076050309, 34.83388897457101], [-92.0944090690555, 34.83384725455827], [-92.0945105840802, 34.83380561854572], [-92.09461214910482, 34.833764065532975], [-92.0947137651295, 34.83372259652041], [-92.0948154311542, 34.83368121150789], [-92.0949171461789, 34.83363990949531], [-92.0950189122036, 34.833598692482695], [-92.0951207272283, 34.83355755847018], [-92.0952225932531, 34.833516508457606], [-92.0953245082779, 34.83347554244509], [-92.0954264723027, 34.83343466043261], [-92.0955284863276, 34.833393862420095], [-92.0956305493524, 34.83335314840761], [-92.0957326613772, 34.833312518395196], [-92.0958348234021, 34.83327197238268], [-92.095937033427, 34.8332315113703], [-92.0960392934519, 34.83319113335778], [-92.0961416014768, 34.83315084034538], [-92.0962439585018, 34.833110631333], [-92.0963463645268, 34.83307050732059], [-92.0964488185518, 34.83303046730829], [-92.0965513205768, 34.83299051129589], [-92.0966538716018, 34.83295064028351], [-92.0967564706268, 34.83291085327119], [-92.0968591176519, 34.83287115125889], [-92.09696181267701, 34.832831533246605], [-92.0970645557021, 34.8327920002343], [-92.0971673467272, 34.83275255122199], [-92.0972701857524, 34.83271318820979], [-92.0973730717775, 34.832673909197496], [-92.0974760048027, 34.83263471418528], [-92.0975789858279, 34.8325956051731], [-92.0976820148531, 34.8325565801608], [-92.0977850898783, 34.8325176411487], [-92.0978882129036, 34.83247878613651], [-92.0979913819288, 34.83244001612429], [-92.0980945979541, 34.832401331112194], [-92.0981978619795, 34.832362731100105], [-92.0983011710048, 34.83232421708801], [-92.0984045280301, 34.832285787075904], [-92.0985079310555, 34.8322474430638], [-92.0986113800809, 34.8322091840517], [-92.0987148751063, 34.83217100903959], [-92.0988184171317, 34.83213292102761], [-92.0989220041571, 34.832094917015596], [-92.0990256381826, 34.83205699900349], [-92.099129317208, 34.832019166991564], [-92.0992330422335, 34.8319814189796], [-92.099336813259, 34.8319437569676], [-92.0994406302845, 34.8319061809556], [-92.0995444913101, 34.83186868994369], [-92.0996483983356, 34.83183128493181], [-92.0997523513612, 34.83179396491978], [-92.09985634838681, 34.83175673090799], [-92.0999603904124, 34.831719582896085], [-92.100064478438, 34.8316825198842], [-92.1001686104637, 34.83164554387231], [-92.1002727874893, 34.83160865286049], [-92.100377008515, 34.83157184684859], [-92.1004812745407, 34.831535127836894], [-92.1005855845664, 34.83149849482511], [-92.1006899395922, 34.831461946813306], [-92.100794337618, 34.83142548580148], [-92.1008987806437, 34.8313891097898], [-92.1010032676695, 34.831352820778], [-92.10110779869531, 34.83131661676629], [-92.1012123727211, 34.83128049975457], [-92.101316990747, 34.83124446874291], [-92.1014216527728, 34.8312085237312], [-92.1015263577987, 34.83117266471958], [-92.1016311058246, 34.83113689270789], [-92.1017358978505, 34.8311012066962], [-92.1018407328765, 34.83106560668462], [-92.1019456109023, 34.831030092672975], [-92.1020505309283, 34.830994665661386], [-92.1021554949543, 34.830959325649786], [-92.1022605009803, 34.830924071638286], [-92.1023655500063, 34.8308889036268], [-92.1024706410323, 34.830853822615204], [-92.1025757750584, 34.83081882860368], [-92.1026809510845, 34.8307839205922], [-92.1027861701106, 34.83074909958069], [-92.1028914301367, 34.830714364569296], [-92.1029967321628, 34.83067971655779], [-92.1031020771889, 34.8306451555463], [-92.1032074632151, 34.8306106815349], [-92.1033128902412, 34.8305762945235], [-92.1034183602674, 34.83054199351211], [-92.1035238702936, 34.83050777950069], [-92.1036294223198, 34.83047365348939], [-92.1037350163461, 34.83043961347799], [-92.1038406503723, 34.830405660466695], [-92.1039463263986, 34.8303717944553], [-92.1040520424249, 34.830338016444], [-92.1041577994512, 34.830304324432696], [-92.1042635974775, 34.830270720421396], [-92.1043694365039, 34.830237202410096], [-92.1044753155302, 34.83020377239889], [-92.1045812355566, 34.83017042938769], [-92.104687194583, 34.830137174376496], [-92.1047931946093, 34.830104005365286], [-92.1048992346358, 34.830070924354125], [-92.1050053156622, 34.83003793134291], [-92.1051114346887, 34.830005025331694], [-92.1052175947151, 34.829972206320605], [-92.1053237947416, 34.82993947430952], [-92.1054300327681, 34.8299068312984], [-92.1055363117946, 34.82987427428729], [-92.1056426298212, 34.829841805276196], [-92.1057489868477, 34.82980942426509], [-92.1058553828743, 34.829777131254104], [-92.10596181790092, 34.829744925243], [-92.1060682919275, 34.829712807232006], [-92.1061748049541, 34.82968077622089], [-92.1062813559807, 34.82964883321], [-92.1063879460074, 34.829616978199006], [-92.1064945750341, 34.829585211188004], [-92.1066012420607, 34.82955353217707], [-92.1067079480874, 34.82952194116609], [-92.1068146911141, 34.82949043715519], [-92.1069214731409, 34.82945902114434], [-92.1070282921676, 34.8294276941334], [-92.1071351501944, 34.829396454122616], [-92.10724204522111, 34.82936530311171], [-92.107348978248, 34.82933423910091], [-92.1074559482748, 34.82930326408999], [-92.1075629563016, 34.82927237607931], [-92.1076700013284, 34.82924157706851], [-92.1077770833553, 34.829210866057686], [-92.1078842033821, 34.8291802440469], [-92.107991359409, 34.8291497090362], [-92.108098552436, 34.8291192630254], [-92.1082057824629, 34.8290889050147], [-92.1083130494898, 34.82905863600401], [-92.1084203535168, 34.829028454993306], [-92.1085276925438, 34.828998361982705], [-92.1086350695707, 34.82896835697198], [-92.1087424815977, 34.82893844196129], [-92.1088499306247, 34.82890861395071], [-92.1089574146518, 34.82887887494009], [-92.1090649356788, 34.82884922492949], [-92.1091724917059, 34.828819662918995], [-92.1092800847329, 34.828790189908396], [-92.10938771176, 34.8287608058978], [-92.1094953757872, 34.82873150988729], [-92.1096030738143, 34.8287023028768], [-92.1097108078414, 34.828673183866314], [-92.1098185768685, 34.828644154855795], [-92.1099263818957, 34.828615213845396], [-92.1100342209229, 34.82858636183489], [-92.11014209495012, 34.8285575988245], [-92.1102500039773, 34.82852892381399], [-92.1103579470046, 34.82850033880358], [-92.1104659250318, 34.82847184179318], [-92.1105739370591, 34.828443434782876], [-92.1106819840864, 34.82841511577249], [-92.1107900651136, 34.828386886762225], [-92.110898180141, 34.828358745751785], [-92.1110063291683, 34.8283306947415], [-92.1111145121956, 34.82830273273121], [-92.1112227292229, 34.828274858720896], [-92.1113309792503, 34.82824707471059], [-92.1114392632777, 34.82821937970039], [-92.1115475813051, 34.82819177469019], [-92.1116559313325, 34.82816425768], [-92.1117643153599, 34.82813683066971], [-92.1118727333874, 34.828109492659586], [-92.1119811834148, 34.82808224464941], [-92.1120896664423, 34.828055085639214], [-92.1121981824698, 34.828028015629094], [-92.1123067304973, 34.828001034618985], [-92.1124153125249, 34.82797414360878], [-92.1125239255523, 34.827947342598804], [-92.1126325715799, 34.827920630588686], [-92.1127412506074, 34.82789400757861], [-92.112849960635, 34.827867474568585], [-92.1129587036626, 34.827841030558496], [-92.1130674776902, 34.827814676548506], [-92.1131762847178, 34.82778841253849], [-92.1132851227455, 34.827762238528486], [-92.1133939917731, 34.82773615351859], [-92.1135028928008, 34.827710157508584], [-92.1136118258285, 34.8276842524987], [-92.11372078985612, 34.827658436488775], [-92.1138297848838, 34.827632710478916], [-92.1139388109116, 34.827607073469], [-92.1140478679393, 34.827581527459095], [-92.114156955967, 34.82755607044932], [-92.1142660749948, 34.82753070343941], [-92.11437522402261, 34.82750542742959], [-92.1144844040503, 34.82748024041978], [-92.1145936150781, 34.82745514341], [-92.114702855106, 34.8274301364003], [-92.1148121261338, 34.827405219390506], [-92.1149214271617, 34.827380392380704], [-92.1150307581895, 34.827355655370994], [-92.1151401192174, 34.827331008361284], [-92.1152495092453, 34.82730645135159], [-92.1153589302732, 34.827281984341894], [-92.1154683793011, 34.827257608332296], [-92.1155778593291, 34.827233321322595], [-92.115687367357, 34.827209125313], [-92.1157969053849, 34.8271850193034], [-92.1159064724129, 34.8271610032938], [-92.1160160684409, 34.827137078284196], [-92.11612569246891, 34.827113243274596], [-92.1162353464969, 34.827089498265096], [-92.1163450285249, 34.827065843255504], [-92.116454739553, 34.827042279246], [-92.1165644785811, 34.82701880523649], [-92.1166742466091, 34.82699542222698], [-92.1167840426372, 34.8269721292176], [-92.1168938666653, 34.82694892620808], [-92.11700371869341, 34.8269258141986], [-92.11711359872152, 34.8269027931892], [-92.11722350674961, 34.8268798611798], [-92.1173334417778, 34.8268570211704], [-92.117443404806, 34.82683427116111], [-92.1175533958341, 34.8268116121517], [-92.1176634138623, 34.826789043142384], [-92.1177734588905, 34.8267665651331], [-92.1178835309187, 34.826744177123786], [-92.117993629947, 34.8267218811145], [-92.1181037559752, 34.82669967510519], [-92.1182139090035, 34.826677559096], [-92.1183240890317, 34.8266555350867], [-92.11843429606, 34.8266336010775], [-92.1185445280883, 34.8266117580683], [-92.1186547881166, 34.8265900060591], [-92.1187650731449, 34.8265683440499], [-92.1188753851733, 34.826546774040686], [-92.1189857222016, 34.826525294031555], [-92.11909608623, 34.82650390502242], [-92.1192064752584, 34.82648260701328], [-92.1193168902867, 34.82646140000432], [-92.1194273313151, 34.8264402839952], [-92.1195377973436, 34.82641925898608], [-92.119648289372, 34.82639832497711], [-92.1197588064004, 34.82637748196799], [-92.1198693484289, 34.82635673095901], [-92.1199799154573, 34.826336069950095], [-92.1200905074858, 34.82631549994109], [-92.1202011245143, 34.82629502093211], [-92.1203117665428, 34.82627463392319], [-92.1204224325713, 34.82625433691419], [-92.1205331235999, 34.826234131905295], [-92.1206438386283, 34.8262140178964], [-92.1207545776569, 34.82619399488748], [-92.1208653416855, 34.8261740638786], [-92.120976129714, 34.82615422286981], [-92.12108694074261, 34.826134473861], [-92.1211977767713, 34.8261148158522], [-92.1213086357998, 34.826095249843306], [-92.1214195188285, 34.82607577483459], [-92.1215304248571, 34.826056390825784], [-92.12164135488581, 34.82603709781708], [-92.1217523079144, 34.82601789680831], [-92.1218632839431, 34.82599878779958], [-92.1219742829718, 34.8259797687909], [-92.1220853050005, 34.82596084278231], [-92.1221963500292, 34.82594200677359], [-92.122307418058, 34.82592326276491], [-92.1224185090867, 34.8259046107563], [-92.1225296211155, 34.825886049747695], [-92.1226407571442, 34.8258675807391], [-92.122751914173, 34.8258492027305], [-92.12286309420172, 34.825830916721976], [-92.12297429623061, 34.8258127217134], [-92.1230855202594, 34.82579461870488], [-92.1231967662882, 34.82577660769641], [-92.123308033317, 34.8257586876879], [-92.1234193223459, 34.825740859679385], [-92.1235306333747, 34.825723122670894], [-92.1236419654036, 34.82570547866249], [-92.1237533184325, 34.82568792565398], [-92.1238646924614, 34.825670463645594], [-92.1239760884903, 34.82565309463717], [-92.1240875045192, 34.82563581662891], [-92.1241989425482, 34.82561863062049], [-92.1243104005771, 34.82560153661208], [-92.124421878606, 34.8255845346038], [-92.124533378635, 34.82556762359549], [-92.124644897664, 34.82555080458721], [-92.1247564376929, 34.82553407857891], [-92.1248679977219, 34.825517443570604], [-92.12497957775092, 34.82550090056239], [-92.12509117778, 34.825484449554196], [-92.125202797809, 34.82546808954598], [-92.125314437838, 34.8254518225377], [-92.1254260968671, 34.82543564752959], [-92.1255377758962, 34.8254195645214], [-92.1256494749253, 34.8254035725133], [-92.1257611919543, 34.8253876735051], [-92.1258729289834, 34.82537186649699], [-92.1259846850126, 34.82535615148889], [-92.12609645904172, 34.8253405284808], [-92.12620825307081, 34.82532499747279], [-92.1263200650999, 34.825309558464696], [-92.1264318961291, 34.8252942114567], [-92.1265437461583, 34.8252789564487], [-92.1266556141874, 34.8252637934407], [-92.1267675002166, 34.825248723432686], [-92.1268794042458, 34.8252337454247], [-92.1269913272751, 34.825218859416815], [-92.1271032673043, 34.82520406540888], [-92.12721522533352, 34.82518936340099], [-92.1273272013627, 34.825174754393096], [-92.127439195392, 34.82516023638528], [-92.12755120642122, 34.8251458123774], [-92.1276632354506, 34.8251314793695], [-92.1277752804798, 34.825117238361685], [-92.1278873435091, 34.82510309035391], [-92.1279994235385, 34.8250890353461], [-92.1281115205678, 34.82507507133828], [-92.1282236345971, 34.82506120033059], [-92.1283357656264, 34.82504742132289], [-92.1284479126557, 34.825033735315195], [-92.1285600756852, 34.82502014130739], [-92.1286722557145, 34.82500663929979], [-92.1287844527439, 34.82499323029208], [-92.1288966647733, 34.824979913284366], [-92.1290088938027, 34.8249666892768], [-92.1291211378321, 34.82495355726919], [-92.1292333988615, 34.82494051826159], [-92.12934567489101, 34.82492757125398], [-92.1294579659204, 34.8249147162464], [-92.1295702729498, 34.824901955238886], [-92.1296825959793, 34.82488928523139], [-92.1297949340088, 34.8248767082238], [-92.12990728703831, 34.824864224216306], [-92.1300196550678, 34.82485183220889], [-92.1301320380973, 34.82483953320139], [-92.1302444361268, 34.82482732619389], [-92.1303568481563, 34.824815212186486], [-92.1304692751859, 34.824803191179086], [-92.1305817172154, 34.82479126217169], [-92.130694173245, 34.824779425164294], [-92.1308066432746, 34.824767682156995], [-92.1309191273041, 34.8247560311496], [-92.1310316263337, 34.82474447314228], [-92.1311441383633, 34.824733007134995], [-92.1312566643929, 34.8247216341277], [-92.1313692044225, 34.8247103541204], [-92.1314817584521, 34.8246991661131], [-92.1315943254818, 34.82468807110589], [-92.1317069055115, 34.82467706909869], [-92.1318194995411, 34.824666160091496], [-92.1319321055708, 34.8246553430843], [-92.1320447256004, 34.82464461907709], [-92.1321573586301, 34.824633988069984], [-92.1322700036598, 34.824623450062795], [-92.1323826616895, 34.8246130040557], [-92.1324953327192, 34.82460265204858], [-92.1326080157489, 34.824592392041495], [-92.13272071177872, 34.82458222503448], [-92.1328334198084, 34.8245721510275], [-92.1329461398382, 34.82456216902038], [-92.1330588718679, 34.824552281013396], [-92.1331716148977, 34.82454248500638], [-92.1332843709275, 34.824532781999416], [-92.1333971389573, 34.824523171992396], [-92.1335099169871, 34.82451365498549], [-92.1336227080169, 34.82450423097858], [-92.1337355100467, 34.824494899971604], [-92.13384832307652, 34.8244856609648], [-92.13396114710642, 34.82447651595788], [-92.1340739821362, 34.824467463950995], [-92.134186828166, 34.82445850394419], [-92.1342996851959, 34.8244496379374], [-92.1344125522258, 34.82444086393057], [-92.1345254302556, 34.82443218292381], [-92.1346383192856, 34.824423595917], [-92.1347512173155, 34.824415100910194], [-92.13486412634542, 34.82440669990349], [-92.1349770453753, 34.824398390896874], [-92.1350899754052, 34.82439017489008], [-92.1352029144352, 34.824382052883394], [-92.1353158624651, 34.82437402287678], [-92.13542882149501, 34.824366086870086], [-92.135541789525, 34.824358242863504], [-92.1356547665549, 34.8243504928568], [-92.1357677535849, 34.82434283585029], [-92.1358807496149, 34.82433527084368], [-92.1359937546449, 34.824327799837086], [-92.1361067686749, 34.82432042183059], [-92.13621979170492, 34.82431313682401], [-92.1363328237349, 34.8243059448176], [-92.136445863765, 34.8242988458111], [-92.136558912795, 34.824291840804605], [-92.1366719698251, 34.824284927798104], [-92.1367850358551, 34.82427810879168], [-92.1368981088852, 34.8242713817853], [-92.1370111909152, 34.8242647487789], [-92.1371242809453, 34.824258208772505], [-92.1372373789754, 34.82425176176609], [-92.1373504840055, 34.8242454087598], [-92.1374635970356, 34.82423914775352], [-92.1375767180657, 34.82423298074718], [-92.13768984609581, 34.82422690674089], [-92.1378029811259, 34.82422092573462], [-92.1379161231561, 34.82421503772828], [-92.1380292731863, 34.824209242722105], [-92.1381424292164, 34.824203541715896], [-92.1382555932465, 34.824197933709705], [-92.1383687632767, 34.82419241870349], [-92.1384819393069, 34.8241869966973], [-92.1385951223371, 34.824181668691104], [-92.1387083123673, 34.82417643368502], [-92.1388215083975, 34.824171291678894], [-92.1389347104277, 34.8241662426728], [-92.1390479184579, 34.82416128666668], [-92.1391611324881, 34.82415642466059], [-92.1392743525184, 34.8241516556546], [-92.1393875775486, 34.82414697964858], [-92.1395008085789, 34.824142397642476], [-92.1396140456091, 34.82413790763648], [-92.1397272876394, 34.82413351163048], [-92.13984053466962, 34.82412920962462], [-92.1399537866999, 34.82412499961868], [-92.1400670447302, 34.8241208836127], [-92.1401803067604, 34.8241168616069], [-92.1402935737908, 34.824112931600894], [-92.1404068458211, 34.8241090955951], [-92.1405201228514, 34.82410535258918], [-92.1406334038817, 34.82410170258329], [-92.1407466889121, 34.82409814657759], [-92.14085997794241, 34.82409468357179], [-92.1409732719727, 34.82409131356601], [-92.141086570003, 34.8240880375602], [-92.1411998710335, 34.82408485455449], [-92.1413131770638, 34.82408176454869], [-92.1414264860942, 34.82407876854308], [-92.1415397981245, 34.82407586553739], [-92.1416531141549, 34.824073055531706], [-92.1417664341853, 34.824070339525996], [-92.1418797562157, 34.82406771652029], [-92.1419930822461, 34.824065186514794], [-92.14210641127652, 34.82406275050921], [-92.142219743307, 34.82406040750359], [-92.1423330773374, 34.82405815849801], [-92.1424464143678, 34.82405600149241], [-92.1425597543983, 34.82405393948689], [-92.1426730964287, 34.824051969481395], [-92.1427864404592, 34.82405009347588], [-92.1428997874896, 34.8240483104704], [-92.1430131365201, 34.82404662146499], [-92.1431264875506, 34.824045025459505], [-92.1432398395811, 34.82404352245409], [-92.1433531946115, 34.8240421134487], [-92.143466550642, 34.824040797443296], [-92.1435799076726, 34.82403957443798], [-92.1436932667031, 34.82403844543262], [-92.1438066267336, 34.824037409427184], [-92.1439199887641, 34.824036467422005], [-92.1440333507946, 34.82403561841669], [-92.1441467148252, 34.824034862411416], [-92.14426007885571, 34.824034200406096], [-92.1443734448863, 34.8240336314009], [-92.1444868099168, 34.824033155395725], [-92.14460017694742, 34.824032773390485], [-92.1447135429779, 34.824032484385185], [-92.1448269100085, 34.82403228937999], [-92.1449402780391, 34.824032187374875], [-92.1450536450697, 34.8240321783698], [-92.1451670121003, 34.8240322633647], [-92.14528037913091, 34.824032441359584], [-92.1453937461614, 34.82403271235449], [-92.145507112192, 34.82403307734939], [-92.1456204782227, 34.82403353534431], [-92.14573384325331, 34.82403408733931], [-92.1458472082839, 34.82403473233429], [-92.1459605713146, 34.8240354713293], [-92.1460739343453, 34.82403630232439], [-92.1461872963759, 34.82403722731939], [-92.1463006564065, 34.8240382463145], [-92.1464140164372, 34.824039358309605], [-92.1465273744679, 34.82404056330469], [-92.1466407304985, 34.8240418622997], [-92.1467540855292, 34.82404325429489], [-92.1468674375598, 34.8240447392901], [-92.1469807895906, 34.8240463182852], [-92.1470941386213, 34.824047990280384], [-92.1472074856519, 34.8240497562756], [-92.1473208306827, 34.824051614270886], [-92.1474341727133, 34.82405356726609], [-92.147547512744, 34.8240556122614], [-92.14766085077481, 34.824057751256575], [-92.1477741858055, 34.824059983251914], [-92.1478875178363, 34.8240623092473], [-92.148000846867, 34.82406472824262], [-92.1481141738977, 34.82406724023788], [-92.1482274969285, 34.8240698462333], [-92.1483408169592, 34.8240725452287], [-92.14845413399, 34.82407533722408], [-92.1485674470208, 34.8240782232195], [-92.1486807570515, 34.824081202214906], [-92.1487940630823, 34.82408427521039], [-92.148907365113, 34.824087440205886], [-92.1490206631438, 34.82409069920141], [-92.1491339581746, 34.82409405219688], [-92.1492472482054, 34.82409749719239], [-92.1493605342362, 34.824101036188], [-92.149473816267, 34.824104669183484], [-92.1495870932978, 34.82410839417909], [-92.1497003663287, 34.8241122131748], [-92.14981363435952, 34.82411612517041], [-92.1499268973903, 34.824120131166], [-92.1500401564211, 34.82412423016171], [-92.150153409452, 34.82412842215729], [-92.1502666574828, 34.82413270715308], [-92.1503799005136, 34.82413708614878], [-92.15049313854452, 34.8241415581445], [-92.1506063705753, 34.82414612314031], [-92.1507195966062, 34.82415078113599], [-92.1508328176371, 34.824155533131794], [-92.1509460326679, 34.8241603781277], [-92.1510592416988, 34.8241653161234], [-92.1511724457297, 34.8241703481193], [-92.1512856427606, 34.82417547311518], [-92.1513988327914, 34.8241806911111], [-92.15151201782231, 34.82418600210687], [-92.15162519485321, 34.824191406102806], [-92.1517383668841, 34.8241969040988], [-92.151851530915, 34.8242024950947], [-92.1519646889459, 34.824208179090704], [-92.1520778399768, 34.824213956086695], [-92.1521909840077, 34.82421982708271], [-92.1523041200386, 34.824225790078685], [-92.1524172500696, 34.82423184707479], [-92.1525303711005, 34.824237997070796], [-92.1526434861315, 34.82424424106689], [-92.1527565931624, 34.82425057706309], [-92.1528696921933, 34.8242570070592], [-92.1529827832243, 34.82426352905528], [-92.1530958662552, 34.824270145051386], [-92.1532089422862, 34.82427685404759], [-92.1533220093171, 34.82428365604379], [-92.1534350683481, 34.82429055204], [-92.153548118379, 34.824297540036284], [-92.15366116041, 34.82430462203251], [-92.1537741934409, 34.82431179602877], [-92.153887218472, 34.82431906402499], [-92.1540002335029, 34.82432642502139], [-92.15411324053392, 34.82433387901768], [-92.1542262385649, 34.82434142601397], [-92.1543392265959, 34.8243490660104], [-92.1544522056269, 34.82435679900679], [-92.1545651756579, 34.82436462500318], [-92.15467813568891, 34.8243725449995], [-92.1547910867199, 34.824380556996], [-92.1549040277509, 34.82438866199242], [-92.1550169587819, 34.8243968609889], [-92.1551298798129, 34.8244051519854], [-92.1552427908439, 34.82441353598179], [-92.1553556908749, 34.824422013978385], [-92.155468581906, 34.82443058397487], [-92.155581461937, 34.82443924697151], [-92.155694330968, 34.824448003968094], [-92.1558071899991, 34.82445685296467], [-92.1559200380301, 34.82446579496126], [-92.1560328750611, 34.82447483095789], [-92.1561457010922, 34.82448395895461], [-92.1562585161233, 34.824493179951276], [-92.1563713201543, 34.824502493947904], [-92.1564841131854, 34.8245119009447], [-92.1565968942164, 34.82452140094139], [-92.1567096632475, 34.824530992938094], [-92.1568224212785, 34.82454067893489], [-92.1569351673096, 34.82455045693167], [-92.1570479013406, 34.82456032892838], [-92.1571606233718, 34.8245702929253], [-92.1572733344028, 34.82458034992211], [-92.1573860314339, 34.824590499919005], [-92.157498717465, 34.82460074291579], [-92.157611390496, 34.8246110779127], [-92.1577240505271, 34.82462150590959], [-92.1578366985582, 34.82463202690651], [-92.1579493335893, 34.8246426409035], [-92.1580619566204, 34.82465334790051], [-92.1581745656515, 34.82466414689739], [-92.1582871616826, 34.82467503989449], [-92.1583997437137, 34.82468602489141], [-92.1585123137448, 34.824697101888496], [-92.1586248697759, 34.82470827288557], [-92.158737411807, 34.8247195358826], [-92.1588499408382, 34.8247308908797], [-92.1589624558692, 34.82474233987688], [-92.1590749569004, 34.824753880873985], [-92.1591874439315, 34.82476551487111], [-92.1592999169626, 34.82477724086829], [-92.1594123749937, 34.82478905986541], [-92.1595248200249, 34.82480097186268], [-92.159637249056, 34.82481297585988], [-92.1597496650871, 34.8248250728572], [-92.1598620651183, 34.824837262854395], [-92.1599744511494, 34.82484954485171], [-92.1600868221805, 34.82486191984902], [-92.1601991782117, 34.8248743868463], [-92.1603115182428, 34.8248869458437], [-92.16042384427391, 34.824899598841], [-92.1605361543051, 34.8249123438384], [-92.1606484483363, 34.824925180835706], [-92.1607607273674, 34.82493811083318], [-92.1608729903986, 34.82495113283058], [-92.1609852384297, 34.824964247828], [-92.16109746946091, 34.8249774548255], [-92.161209685492, 34.824990754823], [-92.1613218845232, 34.825004146820476], [-92.1614340675543, 34.825017630818], [-92.1615462345855, 34.825031207815485], [-92.1616583846167, 34.82504487681309], [-92.1617705186478, 34.82505863881071], [-92.161882635679, 34.82507249280829], [-92.1619947357102, 34.8250864388059], [-92.1621068187413, 34.82510047780349], [-92.1622188847725, 34.82511460880121], [-92.1623309338037, 34.82512883179879], [-92.1624429658349, 34.82514314779649], [-92.162554979866, 34.8251575547942], [-92.1626669768972, 34.82517205579201], [-92.1627789559284, 34.82518664778969], [-92.1628909179596, 34.825201331787405], [-92.1630028609907, 34.8252161087852], [-92.1631147870219, 34.825230977782994], [-92.1632266950531, 34.82524593878079], [-92.1633385840843, 34.82526099277869], [-92.1634504561154, 34.82527613777659], [-92.1635623081467, 34.82529137577439], [-92.1636741431778, 34.82530670577231], [-92.163785959209, 34.82532212777021], [-92.1638977562402, 34.825337641768094], [-92.1640095342714, 34.8253532477661], [-92.1641212933026, 34.82536894576408], [-92.1642330343338, 34.82538473576209], [-92.16434475536501, 34.82540061775999], [-92.1644564573962, 34.82541659175801], [-92.1645681394274, 34.825432658756085], [-92.1646798024586, 34.82544881675419], [-92.1647914454898, 34.82546506675229], [-92.164903069521, 34.825481408750285], [-92.1650146735522, 34.8254978427485], [-92.1651262575834, 34.82551436874662], [-92.1652378216146, 34.8255309867448], [-92.1653493646458, 34.82554769674288], [-92.165460888677, 34.82556449874109], [-92.1655723917082, 34.825581391739306], [-92.1656838737394, 34.82559837673751], [-92.16579533577061, 34.8256154547358], [-92.1659067768018, 34.8256326237341], [-92.16601819783301, 34.82564988373229], [-92.1661295968642, 34.8256672367306], [-92.1662409748954, 34.82568468072899], [-92.1663523319266, 34.825702216727294], [-92.1664636679578, 34.825719844725676], [-92.166574982989, 34.82573756372399], [-92.16668627602031, 34.82575537472237], [-92.1667975470514, 34.82577327772077], [-92.1669087970826, 34.825791272719286], [-92.1670200251139, 34.8258093587177], [-92.1671312311451, 34.82582753571619], [-92.1672424151763, 34.82584580471468], [-92.1673535772075, 34.82586416571319], [-92.1674647162387, 34.82588261871172], [-92.1675758332699, 34.82590116271029], [-92.1676869283011, 34.825919797708785], [-92.1677980003323, 34.8259385247074], [-92.1679090493635, 34.82595734270599], [-92.1680200753947, 34.82597625270458], [-92.1681310794259, 34.82599525470319], [-92.1682420594571, 34.82601434670192], [-92.1683530174883, 34.8260335307006], [-92.1684639515195, 34.82605280669929], [-92.16857486155071, 34.826072173697995], [-92.1686857495819, 34.82609163169669], [-92.1687966126132, 34.82611118169551], [-92.1689074526444, 34.8261308226942], [-92.1690182686756, 34.826150554692994], [-92.1691290607068, 34.826170377691795], [-92.169239828738, 34.8261902926907], [-92.1693505727692, 34.826210298689496], [-92.1694612928004, 34.826230395688405], [-92.1695719878316, 34.82625058368719], [-92.1696826588628, 34.82627086368618], [-92.169793304894, 34.82629123368508], [-92.1699039259252, 34.826311695683884], [-92.1700145229564, 34.826332248682895], [-92.1701250949876, 34.8263528926819], [-92.1702356420188, 34.82637362768089], [-92.17034616305, 34.82639445367991], [-92.1704566600812, 34.826415370679], [-92.1705671301124, 34.826436378678004], [-92.1706775761436, 34.826457478677085], [-92.1707879961748, 34.826478668676096], [-92.17089839020602, 34.8264999496752], [-92.1710087582372, 34.826521321674385], [-92.1711191012684, 34.826542783673496], [-92.1712294172995, 34.826564337672686], [-92.1713397083307, 34.82658598267181], [-92.1714499723619, 34.826607717671095], [-92.1715602103932, 34.82662954367029], [-92.1716704214243, 34.82665146066951], [-92.1717806054555, 34.826673468668695], [-92.1718907634867, 34.82669556766808], [-92.17200089551791, 34.82671775666729], [-92.172110999549, 34.8267400366666], [-92.17222107658021, 34.82676240666599], [-92.17233112661141, 34.826784868665285], [-92.1724411496426, 34.82680742066469], [-92.1725511456737, 34.82683006266409], [-92.1726611137049, 34.82685279566349], [-92.1727710547361, 34.82687561966289], [-92.1728809667673, 34.8268985336623], [-92.1729908527985, 34.826921538661786], [-92.1731007098296, 34.826944633661284], [-92.17321053886081, 34.82696781966079], [-92.173320339892, 34.82699109566028], [-92.1734301129231, 34.827014462659804], [-92.1735398579543, 34.82703791965928], [-92.1736495739854, 34.827061467658915], [-92.1737592610166, 34.82708510465849], [-92.1738689200478, 34.82710883365809], [-92.1739785500789, 34.82713265165778], [-92.1740881521101, 34.82715656065739], [-92.1741977241412, 34.827180559657116], [-92.1743072671724, 34.82720464865671], [-92.1744167812035, 34.827228828656516], [-92.1745262662347, 34.8272530976562], [-92.17463572126582, 34.8272774576559], [-92.1747451472969, 34.82730190765569], [-92.1748545433281, 34.82732644765537], [-92.1749639093593, 34.8273510786553], [-92.1750732453904, 34.82737579865508], [-92.1751825524215, 34.827400608654905], [-92.1752918284526, 34.8274255096547], [-92.1754010754838, 34.82745049965472], [-92.1755102915149, 34.8274755796545], [-92.175619476546, 34.827500750654416], [-92.1757286315772, 34.827526010654395], [-92.1758377566083, 34.827551360654276], [-92.1759468496394, 34.82757680065419], [-92.1760559126705, 34.827602330654294], [-92.1761649447016, 34.82762794965419], [-92.1762739457327, 34.82765365965419], [-92.1763829157639, 34.827679458654295], [-92.176491853795, 34.827705347654415], [-92.1766007608261, 34.82773132665441], [-92.1767096358572, 34.82775739465459], [-92.1768184798883, 34.8277835526546], [-92.1769272929194, 34.82780980065479], [-92.1770360729505, 34.8278361376549], [-92.1771448219815, 34.8278625646551], [-92.1772535380126, 34.8278890806553], [-92.1773622220437, 34.82791568665549], [-92.1774708740748, 34.82794238265579], [-92.1775794941059, 34.82796916765599], [-92.1776880811369, 34.827996041656284], [-92.177796636168, 34.82802300565649], [-92.1779051581991, 34.82805005965679], [-92.1780136472302, 34.828077201657095], [-92.1781221032613, 34.82810443365752], [-92.1782305272923, 34.82813175565779], [-92.1783389173234, 34.8281591656582], [-92.1784472743544, 34.8281866656586], [-92.1785555973855, 34.828214254658995], [-92.17866388841661, 34.82824193365939], [-92.1787721444476, 34.82826970065989], [-92.1788803674787, 34.82829755766037], [-92.1789885565097, 34.8283255036609], [-92.1790967125407, 34.82835353866139], [-92.1792048335718, 34.82838166266188], [-92.1793129206028, 34.828409875662395], [-92.1794209736338, 34.828438177663], [-92.1795289926649, 34.8284665686636], [-92.1796369766958, 34.828495048664195], [-92.1797449267269, 34.82852361766479], [-92.1798528427579, 34.8285522746655], [-92.1799607227889, 34.8285810216661], [-92.1800685688199, 34.82860985766679], [-92.1801763788509, 34.828638781667514], [-92.1802841548819, 34.82866779466819], [-92.1803918949129, 34.82869689666891], [-92.1804996009439, 34.82872608766969], [-92.1806072709749, 34.82875536667039], [-92.1807149050059, 34.828784734671196], [-92.1808225040369, 34.82881419167199], [-92.1809300670679, 34.82884373667289], [-92.1810375940988, 34.8288733706737], [-92.1811450851298, 34.82890309367459], [-92.1812525411608, 34.82893290467549], [-92.18135996019171, 34.828962803676305], [-92.1814673432227, 34.828992791677194], [-92.1815746892536, 34.8290228676782], [-92.1816819992846, 34.8290530326792], [-92.1817892733155, 34.8290832856801], [-92.1818965103465, 34.829113627681096], [-92.1820037103774, 34.82914405768217], [-92.1821108734084, 34.82917457568308], [-92.1822180004393, 34.829205181684195], [-92.1823250894702, 34.82923587668528], [-92.1824321415011, 34.82926665968639], [-92.1825391565321, 34.8292975296875], [-92.182646133563, 34.82932848968859], [-92.1827530735939, 34.82935953668969], [-92.1828599756248, 34.8293906716909], [-92.18296683965572, 34.82942189469209], [-92.1830736666866, 34.82945320669331], [-92.1831804547175, 34.829484605694496], [-92.1832872057484, 34.82951609269581], [-92.1833939177792, 34.829547667696986], [-92.1835005928101, 34.82957933069829], [-92.183607227841, 34.82961108169959], [-92.1837138258719, 34.8296429207008], [-92.1838203839028, 34.82967484670217], [-92.1839269039336, 34.82970686070349], [-92.1840333859645, 34.82973896270489], [-92.1841398279954, 34.82977115270628], [-92.1842462310262, 34.829803429707695], [-92.184352596057, 34.82983579470907], [-92.1844589210879, 34.829868247710586], [-92.1845652061187, 34.82990078771199], [-92.1846714531495, 34.8299334157135], [-92.1847776591803, 34.829966130714986], [-92.1848838262111, 34.829998932716514], [-92.184989954242, 34.83003182271799], [-92.1850960412728, 34.830064800719605], [-92.1852020893036, 34.830097865721214], [-92.1853080963344, 34.83013101772279], [-92.1854140633652, 34.830164256724416], [-92.185519990396, 34.830197583726], [-92.1856258774268, 34.83023099772771], [-92.1857317234576, 34.830264498729306], [-92.18583752948831, 34.83029808673097], [-92.1859432935191, 34.8303317627327], [-92.1860490175498, 34.83036552473438], [-92.1861547005806, 34.8303993747361], [-92.1862603426113, 34.830433311737906], [-92.1863659436421, 34.8304673347397], [-92.18647150367292, 34.8305014457415], [-92.1865770227036, 34.830535643743296], [-92.18668249873431, 34.830569927745195], [-92.186787934765, 34.830604298747], [-92.1868933287957, 34.83063875674888], [-92.1869986808265, 34.83067330175072], [-92.1871039908572, 34.8307079337526], [-92.1872092588879, 34.8307426527546], [-92.1873144849186, 34.8307774577565], [-92.1874196689492, 34.8308123487585], [-92.18752481098, 34.8308473277604], [-92.1876299100107, 34.83088239276239], [-92.1877349670413, 34.83091754376449], [-92.187839981072, 34.830952782766495], [-92.1879449521026, 34.8309881067686], [-92.1880498811333, 34.831023517770696], [-92.1881547671639, 34.831059014772784], [-92.1882596101946, 34.8310945987749], [-92.1883644092252, 34.831130268776995], [-92.1884691662559, 34.8311660257791], [-92.1885738792865, 34.831201868781264], [-92.1886785493171, 34.83123779678348], [-92.1887831753477, 34.831273812785696], [-92.1888877573784, 34.83130991378789], [-92.188992296409, 34.83134610079009], [-92.1890967914396, 34.83138237479239], [-92.1892012424701, 34.83141873379468], [-92.1893056495007, 34.831455179797], [-92.1894100125313, 34.831491711799295], [-92.1895143305619, 34.831528328801596], [-92.1896186045925, 34.83156503280398], [-92.189722834623, 34.8316018218064], [-92.1898270196535, 34.83163869680869], [-92.1899311596841, 34.831675657811196], [-92.1900352557147, 34.83171270481358], [-92.1901393067452, 34.831749836816], [-92.1902433117757, 34.83178705481839], [-92.1903472728063, 34.831824358820995], [-92.1904511878368, 34.831861747823496], [-92.1905550588673, 34.831899222826], [-92.1906588828978, 34.83193678382848], [-92.1907626629283, 34.8319744298311], [-92.1908663959588, 34.83201216083358], [-92.1909700839892, 34.83204997783629], [-92.1910737260197, 34.83208787983892], [-92.1911773220502, 34.83212586784149], [-92.19128087208071, 34.83216394084419], [-92.1913843761111, 34.83220209884682], [-92.1914878341416, 34.83224034284948], [-92.191591245172, 34.832278670852205], [-92.1916946102024, 34.83231708485488], [-92.1917979292329, 34.8323555838577], [-92.1919012012633, 34.8323941678604], [-92.19200442629372, 34.83243283686319], [-92.1921076043241, 34.832471590866], [-92.1922107353545, 34.83251042986878], [-92.1923138193849, 34.832549353871606], [-92.1924168564153, 34.8325883628745], [-92.1925198464457, 34.8326274568773], [-92.19262278847602, 34.83266663488026], [-92.1927256835065, 34.83270589888318], [-92.1928285315368, 34.8327452468861], [-92.1929313305671, 34.8327846788891], [-92.1930340825975, 34.83282419689199], [-92.1931367866278, 34.832863798895], [-92.1932394426582, 34.83290348489799], [-92.1933420506885, 34.832943255901], [-92.1934446107188, 34.83298311190409], [-92.1935471227491, 34.8330230519071], [-92.1936495857794, 34.8330630769102], [-92.1937519998097, 34.833103185913274], [-92.19385436584, 34.833143378916404], [-92.1939566828703, 34.83318365591948], [-92.19405895190062, 34.8332240179226], [-92.1941611719308, 34.833264463925794], [-92.194263341961, 34.83330499392899], [-92.1943654639913, 34.8333456089322], [-92.1944675360215, 34.8333863069354], [-92.1945695590517, 34.833427088938684], [-92.194671532082, 34.833467955941884], [-92.1947734571122, 34.8335089059452], [-92.1948753311424, 34.833549940948494], [-92.1949771561726, 34.83359105895179], [-92.1950789312028, 34.83363226095519], [-92.195180656233, 34.833673546958494], [-92.1952823312631, 34.83371491696189], [-92.1953839552933, 34.83375636996519], [-92.1954855303235, 34.833797906968606], [-92.1955870543536, 34.83383952797211], [-92.1956885283838, 34.8338812329756], [-92.19578995141391, 34.83392302097899], [-92.1958913244441, 34.83396489198249], [-92.1959926464742, 34.834006846985915], [-92.1960939175043, 34.83404888498949], [-92.1961951385344, 34.83409100699299], [-92.1962963075645, 34.83413321199659], [-92.1963974255946, 34.8341755010001], [-92.1964984926246, 34.834217872003705], [-92.1965995076548, 34.83426032700727], [-92.1967004716848, 34.834302866011], [-92.1968013847149, 34.834345487014595], [-92.1969022457449, 34.834388191018306], [-92.1970030547749, 34.834430979022], [-92.197103811805, 34.8344738490256], [-92.197204516835, 34.83451680202939], [-92.197305170865, 34.83455983903308], [-92.197405771895, 34.834602958036776], [-92.197506320925, 34.83464616004057], [-92.197606816955, 34.8346894450444], [-92.197707260985, 34.8347328130482], [-92.1978076530149, 34.8347762630521], [-92.19790799204492, 34.834819796055896], [-92.1980082780748, 34.83486341205981], [-92.1981085121048, 34.83490711006371], [-92.1982086921347, 34.83495089106751], [-92.1983088191646, 34.834994754071495], [-92.1984088941946, 34.83503870007539], [-92.1985089152245, 34.83508272807941], [-92.1986088822544, 34.835126838083305], [-92.1987087972843, 34.83517103108731], [-92.1988086573141, 34.83521530609129], [-92.198908464344, 34.83525966409539], [-92.1990082183739, 34.835304103099396], [-92.1991079174037, 34.835348625103485], [-92.1992075634336, 34.835393229107595], [-92.1993071544634, 34.83543791411159], [-92.1994066924933, 34.83548268211579], [-92.1995061755231, 34.83552753211991], [-92.1996056045529, 34.835572464124084], [-92.1997049785827, 34.83561747712829], [-92.1998042986125, 34.83566257313241], [-92.1999035636423, 34.8357077501367], [-92.200002773672, 34.835753009140895], [-92.2001019297018, 34.83579835014509], [-92.2002010307316, 34.83584377214942], [-92.2003000757613, 34.83588927615368], [-92.200399066791, 34.83593486115799], [-92.2004980018208, 34.83598052816228], [-92.2005968818505, 34.83602627716669], [-92.2006957068802, 34.83607210717098], [-92.2007944759099, 34.83611801817539], [-92.2008931889396, 34.83616401117979], [-92.2009918469692, 34.8362100841842], [-92.2010904489989, 34.83625624018861], [-92.2011889940286, 34.836302476193005], [-92.2012874840582, 34.8363487931975], [-92.2013859180878, 34.836395192202], [-92.2014842961175, 34.83644167220648], [-92.2015826171471, 34.83648823221099], [-92.2016808821767, 34.836534874215594], [-92.2017790902063, 34.836581596220086], [-92.2018772422359, 34.8366284002247], [-92.2019753372654, 34.836675284229266], [-92.202073375295, 34.83672224923389], [-92.2021713573246, 34.83676929523848], [-92.2022692813541, 34.836816421243185], [-92.2023671483837, 34.836863628247784], [-92.20246495941322, 34.836910916252464], [-92.2025627114427, 34.83695828425719], [-92.2026604074722, 34.837005733261904], [-92.2027580455017, 34.83705326226669], [-92.2028556255312, 34.837100871271375], [-92.2029531485607, 34.83714856127621], [-92.2030506135902, 34.83719633128099], [-92.2031480206197, 34.83724418228578], [-92.2032453696491, 34.8372921132907], [-92.2033426606785, 34.837340123295505], [-92.20343989270802, 34.83738821430038], [-92.2035370677374, 34.837436385305196], [-92.2036341837667, 34.837484636310194], [-92.2037312417962, 34.83753296731499], [-92.2038282408256, 34.83758137832], [-92.20392518185491, 34.83762986932489], [-92.2040220628843, 34.83767844032989], [-92.2041188859137, 34.8377270903349], [-92.204215649943, 34.83777582033989], [-92.2043123549723, 34.83782463034499], [-92.2044090010017, 34.83787351934998], [-92.2045055880309, 34.837922488354984], [-92.2046021150603, 34.83797153736008], [-92.2046985830896, 34.83802066536518], [-92.2047949911188, 34.83806987237029], [-92.2048913401481, 34.8381191593755], [-92.20498762917731, 34.83816852538059], [-92.20508385820662, 34.8382179713858], [-92.2051800272358, 34.838267496390905], [-92.2052761372651, 34.8383170993962], [-92.2053721862943, 34.838366783401376], [-92.2054681753234, 34.8384165454066], [-92.2055641033527, 34.83846638641189], [-92.2056599723819, 34.838516306417176], [-92.205755780411, 34.8385663054225], [-92.2058515274402, 34.83861638342779], [-92.20594721446932, 34.83866654043311], [-92.2060428394985, 34.838716776438496], [-92.2061384045276, 34.838767090443795], [-92.2062339085567, 34.838817483449205], [-92.2063293515858, 34.83886795545462], [-92.2064247336149, 34.83891850546], [-92.206520054644, 34.83896913446551], [-92.2066153136731, 34.83901984147089], [-92.2067105117021, 34.8390706274764], [-92.2068056477311, 34.8391214914819], [-92.2069007227602, 34.8391724344874], [-92.2069957357892, 34.8392234544929], [-92.2070906868182, 34.83927455349849], [-92.2071855758472, 34.83932573150399], [-92.2072804028762, 34.8393769865096], [-92.2073751689052, 34.8394283195152], [-92.2074698709341, 34.8394797315209], [-92.2075645119631, 34.83953122052651], [-92.2076590899921, 34.8395827885321], [-92.207753606021, 34.839634433537796], [-92.2078480590499, 34.83968615654349], [-92.20794245007882, 34.8397379575492], [-92.2080367781077, 34.83978983555488], [-92.2081310431366, 34.8398417925606], [-92.2082252451655, 34.8398938265664], [-92.2083193841944, 34.839945937572196], [-92.2084134602232, 34.839998126577996], [-92.208507472252, 34.84005039258379], [-92.2086014222808, 34.84010273658961], [-92.20869530730971, 34.84015515759551], [-92.2087891303384, 34.84020765660131], [-92.2088828893673, 34.84026023260721], [-92.208976584396, 34.84031288561311], [-92.20907021542482, 34.840365615619085], [-92.2091637824535, 34.84041842262501], [-92.2092572864823, 34.84047130663101], [-92.209350725511, 34.84052426763688], [-92.2094441005397, 34.8405773066429], [-92.20953741156852, 34.8406304216489], [-92.2096306585971, 34.8406836126549], [-92.2097238406258, 34.840736881660995], [-92.2098169586545, 34.840790227667], [-92.2099100106832, 34.84084364967307], [-92.2100029997118, 34.84089714767921], [-92.2100959227404, 34.840950723685296], [-92.21018878176902, 34.84100437469148], [-92.2102815747976, 34.8410581036976], [-92.2103743038262, 34.84111190770379], [-92.2104669668548, 34.841165788709894], [-92.2105595648834, 34.84121974671621], [-92.21065209691201, 34.8412737797224], [-92.2107445649405, 34.8413278897286], [-92.210836965969, 34.841382075734906], [-92.2109293019975, 34.8414363377411], [-92.211021572026, 34.841490675747494], [-92.2111137770546, 34.84154508975378], [-92.21120591508301, 34.8415995797601], [-92.2112979881115, 34.84165414476639], [-92.2113899941399, 34.84170878677279], [-92.2114819341684, 34.8417635037792], [-92.2115738081968, 34.84181829678559], [-92.2116656152252, 34.841873165791995], [-92.2117573562536, 34.841928109798395], [-92.211849031282, 34.84198312980482], [-92.2119406383104, 34.84203822481129], [-92.21203217933872, 34.8420933958178], [-92.2121236543671, 34.84214864182431], [-92.2122150613954, 34.84220396283079], [-92.2123064014238, 34.8422593598373], [-92.2123976744521, 34.842314831843915], [-92.21248888048041, 34.842370378850504], [-92.2125800185087, 34.8424260008571], [-92.2126710905369, 34.84248169786369], [-92.2127620935652, 34.84253747087029], [-92.2128530305935, 34.84259331787689], [-92.2129438986217, 34.842649239883585], [-92.2130346996499, 34.84270523589031], [-92.2131254326781, 34.842761307897], [-92.2132160977063, 34.84281745390359], [-92.2133066937345, 34.84287367491039], [-92.2133972227627, 34.84292997091718], [-92.2134876837908, 34.842986340923886], [-92.2135780758189, 34.84304278493068], [-92.2136683998471, 34.843099303937485], [-92.2137586558752, 34.84315589794429], [-92.2138488419033, 34.843212564951195], [-92.2139389609314, 34.843269306957986], [-92.2140290099594, 34.84332612296479], [-92.21411899098752, 34.8433830139718], [-92.2142089030155, 34.8434399779786], [-92.2142987450436, 34.843497015985484], [-92.21438851907162, 34.84355412899251], [-92.2144782230996, 34.84361131499948], [-92.2145678581276, 34.8436685750064], [-92.21465742415562, 34.8437259090134], [-92.2147469201835, 34.8437833170204], [-92.2148363472115, 34.8438407980274], [-92.2149257042394, 34.843898353034504], [-92.2150149922674, 34.843955982041486], [-92.2151042092952, 34.84401368404858], [-92.2151933573231, 34.84407145905569], [-92.2152824343511, 34.8441293080628], [-92.2153714423789, 34.8441872310699], [-92.2154603794067, 34.8442452260771], [-92.2155492464346, 34.8443032950843], [-92.2156380434624, 34.84436143709151], [-92.2157267694902, 34.844419652098594], [-92.215815425518, 34.8444779401058], [-92.2159040105458, 34.84453630111301], [-92.2159925255736, 34.84459473612031], [-92.2160809696013, 34.84465324212752], [-92.2161693416291, 34.844711822134904], [-92.2162576436568, 34.844770475142205], [-92.2163458746845, 34.8448292001495], [-92.2164340337122, 34.8448879981568], [-92.2165221227399, 34.844946868164186], [-92.2166101397675, 34.8450058121715], [-92.2166980847952, 34.8450648271789], [-92.2167859588228, 34.845123915186306], [-92.2168737618504, 34.84518307519381], [-92.216961492878, 34.8452423082012], [-92.2170491519057, 34.845301612208594], [-92.2171367389332, 34.8453609892161], [-92.2172242539608, 34.8454204382236], [-92.2173116979884, 34.8454799602311], [-92.2173990690159, 34.84553955323861], [-92.21748636804341, 34.8455992182462], [-92.2175735940709, 34.845658955253704], [-92.2176607480984, 34.84571876426129], [-92.2177478301259, 34.84577864426889], [-92.2178348401533, 34.845838596276494], [-92.2179217761808, 34.8458986202841], [-92.2180086402082, 34.845958716291804], [-92.2180954312356, 34.84601888229938], [-92.218182149263, 34.84607912130707], [-92.2182687942904, 34.84613943131481], [-92.21835536731781, 34.846199812322496], [-92.2184418663451, 34.84626026433021], [-92.2185282913725, 34.846320788338], [-92.2186146443999, 34.84638138334571], [-92.2187009234271, 34.84644204935348], [-92.2187871284544, 34.84650278636128], [-92.2188732604817, 34.846563593369176], [-92.218959318509, 34.84662447237699], [-92.2190453035362, 34.84668542238479], [-92.2191312135635, 34.8467464423927], [-92.2192170505907, 34.846807534400476], [-92.2193028126179, 34.84686869640839], [-92.2193885016451, 34.84692992841631], [-92.2194741156723, 34.8469912314242], [-92.2195596556995, 34.84705260543229], [-92.2196451217266, 34.8471140494402], [-92.2197305127537, 34.84717556344818], [-92.2198158297808, 34.84723714845619], [-92.2199010718079, 34.84729880346418], [-92.21998623983501, 34.847360528472194], [-92.2200713318621, 34.8474223234803], [-92.2201563498891, 34.84748418848829], [-92.2202412929162, 34.84754612349641], [-92.2203261599432, 34.8476081285045], [-92.2204109529702, 34.84767020451259], [-92.2204956699972, 34.847732348520786], [-92.2205803130242, 34.84779456352889], [-92.2206648790511, 34.847856847537095], [-92.2207493710781, 34.8479192015453], [-92.220833786105, 34.8479816255535], [-92.2209181261319, 34.848044118561695], [-92.2210023911588, 34.848106680569884], [-92.2210865791857, 34.848169312578214], [-92.2211706922126, 34.84823201358637], [-92.2212547292395, 34.84829478459469], [-92.2213386892663, 34.84835762360301], [-92.2214225742931, 34.84842053261139], [-92.2215063823199, 34.848483510619594], [-92.2215901143467, 34.84854655662801], [-92.2216737703735, 34.8486096726364], [-92.2217573494002, 34.84867285764472], [-92.2218408514269, 34.848736110653206], [-92.2219242774536, 34.848799432661586], [-92.2220076264804, 34.84886282366999], [-92.222090899507, 34.84892628267849], [-92.2221740945337, 34.84898981068699], [-92.2222572135604, 34.84905340769549], [-92.222340254587, 34.8491170727039], [-92.2224232186136, 34.84918080571247], [-92.2225061056403, 34.84924460772098], [-92.2225889156668, 34.84930847772959], [-92.2226716486934, 34.849372415738095], [-92.22275430372, 34.84943642174669], [-92.2228368807465, 34.849500495755294], [-92.2229193807731, 34.84956463776388], [-92.2230018027996, 34.849628847772514], [-92.22308414682611, 34.84969312578117], [-92.2231664128525, 34.849757471789914], [-92.22324860087902, 34.84982188479848], [-92.22333071190542, 34.849886366807176], [-92.2234127439319, 34.84995091481596], [-92.2234946979583, 34.850015531824695], [-92.2235765739847, 34.85008021483339], [-92.22365837101111, 34.85014496584216], [-92.2237400900374, 34.85020978485101], [-92.2238217300638, 34.8502746708598], [-92.2239032920901, 34.850339623868585], [-92.2239847751164, 34.8504046438774], [-92.2240661791427, 34.85046973088629], [-92.224147504169, 34.85053488489519], [-92.2242287501952, 34.85060010690398], [-92.2243099182215, 34.850665394913], [-92.2243910062477, 34.85073074992189], [-92.2244720152739, 34.850796170930785], [-92.2245529453001, 34.85086165993969], [-92.2246337953263, 34.850927214948676], [-92.2247145663525, 34.85099283595769], [-92.2247952583786, 34.851058523966685], [-92.2248758704047, 34.85112427897571], [-92.2249564024308, 34.8511900999847], [-92.225036854457, 34.8512559869937], [-92.225117227483, 34.851321940002805], [-92.2251975195091, 34.8513879600119], [-92.2252777325351, 34.85145404602099], [-92.2253578655612, 34.851520197030084], [-92.2254379175871, 34.851586415039186], [-92.2255178896131, 34.85165269904839], [-92.2255977816391, 34.85171904805751], [-92.22567759366511, 34.8517854630667], [-92.225757324691, 34.851851944075875], [-92.2258369747169, 34.8519184910851], [-92.2259165447428, 34.851985103094286], [-92.2259960337687, 34.852051780103594], [-92.2260754417946, 34.852118523112814], [-92.2261547698204, 34.85218533212209], [-92.2262340158463, 34.852252206131396], [-92.22631318187211, 34.85231914514068], [-92.2263922658979, 34.852386149149986], [-92.22647126892362, 34.85245321815938], [-92.2265501909494, 34.8525203521687], [-92.2266290319752, 34.852587552178086], [-92.2267077910009, 34.85265481618748], [-92.2267864680266, 34.8527221451969], [-92.2268650640523, 34.85278953920629], [-92.226943579078, 34.85285699721568], [-92.2270220111037, 34.8529245202252], [-92.2271003621293, 34.85299210823467], [-92.22717863115491, 34.85305976024421], [-92.2272568181805, 34.853127477253594], [-92.2273349232061, 34.85319525826319], [-92.2274129452317, 34.85326310327272], [-92.2274908862572, 34.853331013282194], [-92.2275687442827, 34.8533989872918], [-92.2276465203083, 34.8534670243014], [-92.2277242133338, 34.853535126310994], [-92.2278018243593, 34.853603292320585], [-92.2278793523847, 34.8536715223302], [-92.22795679841022, 34.85373981533989], [-92.2280341614356, 34.853808173349506], [-92.228111441461, 34.8538765943592], [-92.2281886384863, 34.853945078368895], [-92.2282657525118, 34.8540136263786], [-92.2283427835371, 34.854082238388315], [-92.2284197315624, 34.854150913398094], [-92.2284965955878, 34.8542196524078], [-92.228573377613, 34.85428845341762], [-92.2286500756383, 34.85435731842738], [-92.2287266896636, 34.85442624643721], [-92.2288032206888, 34.854495237447004], [-92.228879668714, 34.854564291456896], [-92.2289560317392, 34.85463340846668], [-92.2290323117644, 34.85470258847659], [-92.2291085077896, 34.85477183148641], [-92.2291846208148, 34.85484113649632], [-92.2292606488399, 34.85491050550629], [-92.229336592865, 34.854979935516184], [-92.2294124528901, 34.855049428526186], [-92.2294882289152, 34.85511898453606], [-92.2295639199403, 34.855188602546086], [-92.2296395269653, 34.855258282556086], [-92.2297150499903, 34.85532802556611], [-92.2297904880153, 34.8553978305761], [-92.2298658420403, 34.85546769758608], [-92.2299411110653, 34.8555376255962], [-92.2300162950902, 34.855607616606285], [-92.2300913951151, 34.85567766961628], [-92.23016640914, 34.8557477846265], [-92.23024133916502, 34.8558179606366], [-92.2303161831898, 34.85588819864668], [-92.2303909422146, 34.85595849865691], [-92.2304656172395, 34.856028859667006], [-92.2305402062643, 34.85609928167719], [-92.2306147092891, 34.85616976568738], [-92.2306891273139, 34.85624031169768], [-92.2307634603386, 34.856310917707894], [-92.2308377073634, 34.85638158571809], [-92.2309118683881, 34.85645231472841], [-92.2309859444128, 34.8565231047387], [-92.2310599344375, 34.85659395574889], [-92.2311338384622, 34.8566648677593], [-92.2312076564868, 34.85673584076958], [-92.2312813885114, 34.8568068737799], [-92.2313550355361, 34.85687796879028], [-92.2314285945607, 34.856949122800586], [-92.2315020685852, 34.857020338811004], [-92.2315754556097, 34.8570916148214], [-92.2316487566343, 34.85716295083192], [-92.2317219716588, 34.85723434684218], [-92.2317950996833, 34.85730580385268], [-92.23186814070782, 34.857377320863186], [-92.2319410957322, 34.857448898873685], [-92.2320139637566, 34.85752053588406], [-92.2320867447811, 34.8575922328947], [-92.2321594398054, 34.8576639899052], [-92.2322320468299, 34.85773580691568], [-92.2323045668542, 34.85780768392631], [-92.2323769998785, 34.857879620936906], [-92.2324493459029, 34.85795161694739], [-92.2325216049271, 34.85802367195811], [-92.2325937769514, 34.8580957869687], [-92.2326658609757, 34.858167961979305], [-92.2327378569999, 34.858240195989886], [-92.2328097660241, 34.858312489000625], [-92.23288158804831, 34.85838484101129], [-92.2329533210726, 34.858457253022], [-92.2330249670967, 34.858529723032674], [-92.2330965261208, 34.8586022530434], [-92.233167996145, 34.8586748410541], [-92.2332393781691, 34.85874748806492], [-92.2333106721932, 34.8588201940757], [-92.2333818782172, 34.85889295908652], [-92.2334529962412, 34.85896578209729], [-92.2335240262653, 34.8590386641081], [-92.2335949672893, 34.8591116051189], [-92.2336658203132, 34.85918460312978], [-92.2337365853372, 34.859257660140585], [-92.2338072613611, 34.8593307761515], [-92.2338778483851, 34.859403949162385], [-92.233948347409, 34.85947718117329], [-92.2340187564329, 34.8595504701842], [-92.23408907845672, 34.85962381819518], [-92.23415931048052, 34.85969722320609], [-92.2342294535044, 34.859770687217086], [-92.2342995075282, 34.859844208228004], [-92.2343694725519, 34.8599177862391], [-92.23443934857582, 34.85999142225009], [-92.2345091355995, 34.8600651162611], [-92.2345788326232, 34.86013886727209], [-92.2346484406469, 34.860212676283204], [-92.2347179586706, 34.86028654229431], [-92.2347873876942, 34.86036046530541], [-92.2348567277179, 34.86043444531649], [-92.2349259767415, 34.8605084833276], [-92.2349951367651, 34.860582577338704], [-92.2350642067887, 34.8606567283499], [-92.2351331878122, 34.860730936360994], [-92.2352020778358, 34.8608052013722], [-92.2352708778593, 34.86087952338341], [-92.2353395888828, 34.860953901394595], [-92.2354082089063, 34.861028336405894], [-92.2354767389297, 34.8611028274171], [-92.2355451779532, 34.86117737542839], [-92.2356135279766, 34.86125197943961], [-92.235681787, 34.8613266394509], [-92.2357499550233, 34.861401356462196], [-92.2358180330467, 34.86147612847349], [-92.2358860200701, 34.86155095748489], [-92.2359539160933, 34.861625842496196], [-92.2360217221166, 34.861700782507484], [-92.2360894371399, 34.861775778518904], [-92.2361570611631, 34.861850830530294], [-92.2362245941864, 34.861925938541695], [-92.2362920362096, 34.862001101553105], [-92.2363593872328, 34.862076320564476], [-92.2364266472559, 34.86215159457598], [-92.2364938152791, 34.8622269245874], [-92.2365608923022, 34.86230230959889], [-92.2366278783253, 34.8623777496104], [-92.2366947733484, 34.862453244621896], [-92.2367615753715, 34.862528795633494], [-92.2368282873945, 34.862604400645], [-92.2368949064175, 34.86268006065649], [-92.2369614344405, 34.86275577566809], [-92.2370278714635, 34.862831545679704], [-92.2370942154865, 34.862907369691214], [-92.2371604675094, 34.86298324970288], [-92.2372266285323, 34.86305918271446], [-92.2372926965552, 34.86313517072619], [-92.2373586735781, 34.86321121373782], [-92.2374245576009, 34.86328731074941], [-92.2374903496238, 34.86336346176109], [-92.23755604964661, 34.86343966677278], [-92.2376216566694, 34.8635159257846], [-92.2376871716921, 34.86359223879629], [-92.2377525937149, 34.86366860580797], [-92.2378179237376, 34.86374502681977], [-92.2378831607603, 34.8638215018315], [-92.237948304783, 34.86389803084327], [-92.2380133568057, 34.86397461285509], [-92.2380783158283, 34.86405124786691], [-92.23814318185092, 34.86412793687868], [-92.2382079548735, 34.86420467989059], [-92.2382726348961, 34.864281475902395], [-92.2383372219186, 34.86435832491431], [-92.2384017159412, 34.864435226926204], [-92.2384661159637, 34.8645121819381], [-92.2385304239862, 34.86458919095], [-92.2385946380086, 34.86466625196191], [-92.2386587580311, 34.864743365973894], [-92.2387227850535, 34.86482053298579], [-92.2387867190759, 34.86489775199781], [-92.2388505590982, 34.864975025009784], [-92.2389143051206, 34.86505234902181], [-92.238977957143, 34.86512972603381], [-92.2390415161653, 34.86520715604579], [-92.23910498118761, 34.865284638057894], [-92.23916835220982, 34.86536217206991], [-92.2392316292321, 34.86543975808201], [-92.2392948122543, 34.8655173970941], [-92.2393579012765, 34.86559508710618], [-92.2394208962987, 34.86567282911831], [-92.2394837963209, 34.865750624130385], [-92.239546602343, 34.86582847014261], [-92.2396093143651, 34.8659063671547], [-92.2396719313872, 34.865984316166895], [-92.2397344544093, 34.8660623171791], [-92.2397968824313, 34.86614036919128], [-92.2398592164534, 34.866218473203496], [-92.2399214554754, 34.8662966282157], [-92.2399835994974, 34.86637483422799], [-92.2400456495193, 34.8664530912402], [-92.2401076035413, 34.8665314002525], [-92.2401694635632, 34.866609759264705], [-92.2402312285851, 34.8666881692771], [-92.2402928986069, 34.8667666312894], [-92.2403544726288, 34.866845142301706], [-92.2404159516507, 34.86692370531403], [-92.2404773366725, 34.86700231832638], [-92.2405386246942, 34.867080982338784], [-92.240599818716, 34.867159696351095], [-92.2406609167377, 34.867238460363495], [-92.2407219197594, 34.86731727537602], [-92.2407828267812, 34.86739614038839], [-92.2408436378028, 34.867475055400796], [-92.2409043538245, 34.86755402041328], [-92.2409649738461, 34.86763303642569], [-92.2410254978677, 34.86771210143818], [-92.2410859268893, 34.8677912154507], [-92.2411462589109, 34.8678703804632], [-92.2412064959324, 34.86794959447567], [-92.2412666369539, 34.8680288584883], [-92.2413266809754, 34.86810817150077], [-92.2413866289969, 34.86818753451339], [-92.2414464810184, 34.86826694652599], [-92.24150623703981, 34.86834640753851], [-92.2415658970612, 34.868425918551196], [-92.2416254600826, 34.86850547756379], [-92.2416849271039, 34.86858508657639], [-92.2417442971253, 34.868664743589], [-92.2418035701466, 34.86874445060169], [-92.2418627471679, 34.86882420561439], [-92.2419218281891, 34.8689040096271], [-92.2419808112104, 34.86898386163979], [-92.2420396982316, 34.8690637636525], [-92.2420984882528, 34.86914371266519], [-92.242157181274, 34.86922371067789], [-92.2422157772951, 34.869303756690684], [-92.2422742763163, 34.86938385170351], [-92.2423326783374, 34.869463993716295], [-92.2423909833584, 34.869544184729065], [-92.2424491903795, 34.86962442374189], [-92.2425073004005, 34.86970470975469], [-92.2425653134215, 34.8697850437675], [-92.24262322944251, 34.869865426780294], [-92.2426810474635, 34.86994585579319], [-92.2427387674845, 34.870026333806095], [-92.2427963905054, 34.870106857819], [-92.2428539165263, 34.8701874308319], [-92.2429113445472, 34.870268049844796], [-92.242968673568, 34.87034871685769], [-92.2430259065889, 34.87042943087068], [-92.2430830406097, 34.870510191883724], [-92.2431400766305, 34.87059100089661], [-92.24319701565122, 34.870671855909585], [-92.243253855672, 34.87075275792263], [-92.2433105986927, 34.870833706935585], [-92.2433672427134, 34.87091470194869], [-92.243423788734, 34.8709957439617], [-92.2434802367547, 34.87107683297471], [-92.2435365857753, 34.87115796798781], [-92.2435928367959, 34.87123914900092], [-92.24364898981652, 34.87132037701389], [-92.243705043837, 34.871401651027114], [-92.2437609998575, 34.87148297104019], [-92.2438168568781, 34.8715643370534], [-92.2438726148985, 34.871645749066495], [-92.243928274919, 34.8717272070796], [-92.2439838359394, 34.87180871109279], [-92.2440392979598, 34.87189026010599], [-92.2440946619802, 34.87197185611923], [-92.2441499260006, 34.8720534961324], [-92.24420509102092, 34.87213518214559], [-92.2442601580413, 34.87221691415889], [-92.2443151250615, 34.872298691172084], [-92.2443699930818, 34.8723805131854], [-92.24442476210201, 34.87246238019869], [-92.2444794321223, 34.872544293211895], [-92.2445340021425, 34.87262625022529], [-92.2445884731627, 34.87270825223859], [-92.2446428451828, 34.872790299251896], [-92.2446971172029, 34.87287239126519], [-92.244751289223, 34.8729545282786], [-92.2448053632431, 34.873036709291895], [-92.2448593362631, 34.8731189343054], [-92.2449132102832, 34.873201204318796], [-92.2449669843032, 34.87328351933218], [-92.2450206583232, 34.873365877345606], [-92.2450742323432, 34.873448280358986], [-92.2451277063631, 34.87353072737248], [-92.245181081383, 34.8736132173859], [-92.2452343554029, 34.87369575239939], [-92.2452875304227, 34.8737783314129], [-92.2453406044426, 34.873860953426394], [-92.2453935784624, 34.87394361943987], [-92.2454464524822, 34.87402632945349], [-92.2454992255019, 34.87410908246702], [-92.2455518985217, 34.874191878480495], [-92.2456044715415, 34.87427471849408], [-92.2456569445611, 34.87435760150769], [-92.2457093155808, 34.8744405285212], [-92.2457615876004, 34.8745234975349], [-92.24581375862, 34.874606510548496], [-92.2458658286397, 34.87468956556211], [-92.2459177976592, 34.874772663575676], [-92.2459696666788, 34.874855804589394], [-92.2460214346983, 34.874938988603084], [-92.2460731017178, 34.87502221461669], [-92.2461246677373, 34.87510548363038], [-92.2461761327567, 34.8751887946441], [-92.2462274967762, 34.8752721486578], [-92.2462787597956, 34.8753555436715], [-92.24632992181502, 34.875438981685306], [-92.2463809828343, 34.8755224626991], [-92.2464319418537, 34.87560598471276], [-92.246482799873, 34.87568954872658], [-92.2465335568922, 34.8757731547404], [-92.2465842129115, 34.87585680175422], [-92.2466347669307, 34.87594049176809], [-92.2466852199499, 34.876024222781794], [-92.2467355709691, 34.87610799479569], [-92.2467858199883, 34.87619180880961], [-92.2468359680074, 34.876275663823485], [-92.2468860150265, 34.87635956083729], [-92.2469359590456, 34.87644349785119], [-92.2469858020646, 34.87652747686509], [-92.2470355430837, 34.876611496879], [-92.2470851821027, 34.8766955578929], [-92.2471347191217, 34.87677965890688], [-92.2471841541407, 34.8768638019208], [-92.2472334881596, 34.876947984934795], [-92.2472827191785, 34.87703220794879], [-92.2473318481974, 34.87711647196279], [-92.24738087421622, 34.8772007769768], [-92.2474297992351, 34.877285121990774], [-92.2474786212539, 34.87736950700479], [-92.24752734127271, 34.877453932018895], [-92.24757595929151, 34.877538397032886], [-92.2476244743102, 34.877622903047], [-92.24767288732892, 34.87770744806111], [-92.2477211973476, 34.8777920330752], [-92.24776940436631, 34.87787665808929], [-92.24781750938492, 34.8779613231034], [-92.2478655124035, 34.87804602711749], [-92.2479134114221, 34.87813077013168], [-92.2479612084407, 34.87821555314582], [-92.2480089024592, 34.87830037616], [-92.2480564934777, 34.87838523717421], [-92.2481039824962, 34.87847013818831], [-92.2481513675147, 34.87855507820258], [-92.2481986505331, 34.87864005721679], [-92.2482458295515, 34.878725075231], [-92.2482929055699, 34.87881013124521], [-92.2483398785883, 34.87889522625947], [-92.2483867486066, 34.8789803602737], [-92.2484335156249, 34.879065533287985], [-92.2484801786432, 34.8791507443023], [-92.2485267386615, 34.87923599331659], [-92.2485731956797, 34.87932128133091], [-92.2486195486979, 34.879406607345196], [-92.2486657987161, 34.87949197135959], [-92.2487119447342, 34.879577373373884], [-92.2487579877524, 34.8796628133883], [-92.2488039267705, 34.87974829140259], [-92.2488497617886, 34.87983380641699], [-92.2488954938067, 34.87991936043139], [-92.24894112182471, 34.88000495144578], [-92.2489866458427, 34.8800905804602], [-92.2490320668607, 34.88017624647469], [-92.2490773828786, 34.880261949489096], [-92.24912259589661, 34.880347690503584], [-92.2491677039145, 34.8804334685181], [-92.2492127089324, 34.88051928353253], [-92.24925760995022, 34.88060513554699], [-92.249302405968, 34.880691024561465], [-92.2493470979858, 34.880776949576], [-92.2493916860036, 34.88086291259048], [-92.2494361700214, 34.880948911605095], [-92.2494805500391, 34.881034947619696], [-92.2495248250568, 34.88112102063419], [-92.2495689950745, 34.88120712864869], [-92.2496130620921, 34.881293274663385], [-92.2496570241098, 34.8813794556779], [-92.2497008811274, 34.88146567369259], [-92.2497446341449, 34.8815519267072], [-92.2497882821625, 34.881638216721676], [-92.24983182618, 34.8817245417365], [-92.2498752651975, 34.88181090375109], [-92.249918599215, 34.88189730076579], [-92.2499618282324, 34.8819837337804], [-92.2500049532498, 34.88207020179509], [-92.2500479732672, 34.882156705809784], [-92.2500908872846, 34.882243244824494], [-92.2501336973019, 34.88232981983919], [-92.2501764023192, 34.88241642885399], [-92.25021900233662, 34.88250307386869], [-92.2502614973538, 34.88258975388347], [-92.250303886371, 34.8826764688982], [-92.2503461713883, 34.882763218912984], [-92.2503883504054, 34.8828500029278], [-92.2504304244226, 34.88293682194258], [-92.25047239343981, 34.88302367595738], [-92.2505142564568, 34.883110563972195], [-92.2505560144739, 34.88319748698711], [-92.250597667491, 34.88328444400199], [-92.250639214508, 34.8833714360168], [-92.250680656525, 34.88345846103168], [-92.250721992542, 34.88354552104659], [-92.2507632225589, 34.8836326150615], [-92.2508043475759, 34.88371974207639], [-92.2508453675928, 34.883806904091294], [-92.2508862806096, 34.883894099106215], [-92.2509270886265, 34.883981328121074], [-92.2509677906433, 34.884068590136096], [-92.2510083866601, 34.884155886151106], [-92.2510488766769, 34.88424321516598], [-92.2510892616936, 34.88433057818099], [-92.2511295397103, 34.884417974196], [-92.251169712727, 34.88450540221099], [-92.2512097787437, 34.884592864225986], [-92.2512497387604, 34.884680359241095], [-92.2512895927769, 34.88476788725609], [-92.2513293407935, 34.884855448271075], [-92.2513689828101, 34.88494304128618], [-92.2514085188266, 34.88503066730129], [-92.2514479478431, 34.885118325316384], [-92.2514872708596, 34.88520601633135], [-92.251526487876, 34.88529373934659], [-92.2515655978924, 34.8853814953617], [-92.2516046019089, 34.88546928237682], [-92.2516434989252, 34.88555710239189], [-92.2516822899416, 34.885644954407084], [-92.2517209749579, 34.885732837422296], [-92.2517595519742, 34.88582075343739], [-92.2517980229905, 34.885908700452596], [-92.2518363880067, 34.88599667946778], [-92.2518746460229, 34.88608468948299], [-92.2519127970391, 34.88617273149819], [-92.2519508410553, 34.8862608045134], [-92.2519887780714, 34.88634890852872], [-92.25202660908751, 34.88643704454392], [-92.2520643321036, 34.88652521155921], [-92.2521019491197, 34.886613409574394], [-92.2521394591356, 34.88670163758971], [-92.2521768611516, 34.886789897604984], [-92.2522141571676, 34.8868781876203], [-92.2522513451836, 34.886966508635595], [-92.2522884271995, 34.887054860651], [-92.2523254012154, 34.88714324266627], [-92.2523622682312, 34.887231655681596], [-92.2523990282471, 34.88732009869701], [-92.2524356812629, 34.887408571712385], [-92.2524722262787, 34.88749707472768], [-92.2525086642945, 34.88758560774309], [-92.2525449943102, 34.88767417175848], [-92.2525812173259, 34.88776276477391], [-92.2526173333416, 34.88785138778931], [-92.2526533413572, 34.88794003980478], [-92.2526892423728, 34.88802872282019], [-92.25272503538841, 34.88811743383559], [-92.252760720404, 34.88820617585112], [-92.2527962984195, 34.888294945866605], [-92.252831768435, 34.888383745882], [-92.2528671314505, 34.88847257489748], [-92.252902385466, 34.8885614329131], [-92.2529375324814, 34.888650319928594], [-92.2529725714969, 34.888739235944094], [-92.2530075025122, 34.8888281809596], [-92.2530423265275, 34.8889171539752], [-92.2530770415429, 34.88900615699068], [-92.2531116495582, 34.8890951870063], [-92.2531461485735, 34.889184246021884], [-92.2531805405887, 34.889273334037384], [-92.253214823604, 34.88936245005311], [-92.2532489986191, 34.8894515940686], [-92.2532830656343, 34.88954076608432], [-92.2533170246494, 34.889629966099896], [-92.25335087566451, 34.88971919411549], [-92.2533846186796, 34.88980845013119], [-92.2534182526946, 34.889897734146786], [-92.2534517787097, 34.889987045162485], [-92.2534851967247, 34.89007638417818], [-92.2535185057397, 34.8901657501939], [-92.2535517067546, 34.89025514420957], [-92.2535847987695, 34.89034456522528], [-92.2536177827844, 34.89043401324099], [-92.2536506587993, 34.890523489256694], [-92.2536834258141, 34.8906129912725], [-92.2537160838289, 34.890702520288215], [-92.2537486338437, 34.89079207730399], [-92.2537810748584, 34.89088166031969], [-92.2538134068732, 34.8909712693355], [-92.2538456308879, 34.891060905351274], [-92.2538777459025, 34.89115056836708], [-92.2539097519172, 34.89124025738289], [-92.2539416499318, 34.8913299733987], [-92.2539734389464, 34.891419714414596], [-92.2540051179609, 34.891509482430386], [-92.2540366889755, 34.891599276446286], [-92.25406815099, 34.8916890964621], [-92.25409950400442, 34.891778942477906], [-92.2541307480189, 34.891868813493794], [-92.2541618830333, 34.8919587105097], [-92.2541929090477, 34.8920486335256], [-92.2542238260621, 34.892138581541516], [-92.2542546340764, 34.89222855555741], [-92.2542853320908, 34.892318554573386], [-92.2543159221051, 34.892408578589404], [-92.2543464021193, 34.892498628605296], [-92.2543767731335, 34.892588702621296], [-92.2544070341477, 34.89267880263717], [-92.2544371871619, 34.89276892665319], [-92.2544672301761, 34.892859075669215], [-92.2544971641902, 34.892949249685195], [-92.25452698820422, 34.89303944770109], [-92.2545567032183, 34.893129670717215], [-92.2545863082323, 34.89321991873321], [-92.25461580424631, 34.893310189749194], [-92.2546451912603, 34.8934004857653], [-92.2546744672743, 34.89349080578128], [-92.2547036352882, 34.89358115079739], [-92.2547326933021, 34.8936715188135], [-92.254761641316, 34.8937619108296], [-92.2547904793298, 34.893852326845604], [-92.2548192083436, 34.89394276586181], [-92.2548478273574, 34.894033229877785], [-92.2548763363712, 34.894123715894], [-92.25490473638492, 34.8942142259101], [-92.2549330253986, 34.89430475992629], [-92.2549612054122, 34.89439531694239], [-92.2549892754259, 34.89448589695859], [-92.2550172354395, 34.8945764989747], [-92.2550450864531, 34.89466712499091], [-92.2550728264666, 34.89475777400709], [-92.2551004564802, 34.89484844602329], [-92.2551279764937, 34.89493914003949], [-92.2551553875071, 34.89502985705569], [-92.2551826875206, 34.895120597071994], [-92.255209877534, 34.89521135908809], [-92.2552369575474, 34.8953021431044], [-92.2552639275608, 34.8953929501206], [-92.2552907875741, 34.89548377913688], [-92.2553175365874, 34.895574629153195], [-92.2553441756007, 34.89566550216949], [-92.2553707046139, 34.8957563971858], [-92.2553971236271, 34.89584731320199], [-92.2554234326404, 34.895938252218414], [-92.2554496306535, 34.896029211234605], [-92.2554757176667, 34.896120193251], [-92.2555016956798, 34.896211196267295], [-92.2555275626929, 34.8963022202837], [-92.25555331870592, 34.89639326530001], [-92.2555789647189, 34.8964843323164], [-92.2556045007319, 34.89657542033271], [-92.2556299257449, 34.8966665283491], [-92.2556552407578, 34.8967576583655], [-92.2556804447707, 34.89684880838188], [-92.25570553778361, 34.896939979398276], [-92.2557305207965, 34.897031171414696], [-92.2557553928093, 34.89712238343122], [-92.2557801538221, 34.8972136164476], [-92.2558048048349, 34.897304869463994], [-92.2558293448476, 34.897396142480495], [-92.25585377386031, 34.89748743649698], [-92.255878092873, 34.8975787495134], [-92.2559023008856, 34.897670083529896], [-92.2559263978983, 34.897761436546396], [-92.2559503839109, 34.8978528095628], [-92.2559742589234, 34.89794420257929], [-92.255998022936, 34.898035615595894], [-92.2560216769485, 34.89812704761239], [-92.256045218961, 34.89821849862889], [-92.2560686509734, 34.898309969645496], [-92.2560919719859, 34.89840145966208], [-92.2561151809983, 34.89849296867859], [-92.2561382800106, 34.89858449769515], [-92.256161267023, 34.898676044711685], [-92.2561841440353, 34.8987676107283], [-92.2562069090475, 34.89885919574488], [-92.2562295630598, 34.89895079976149], [-92.256252106072, 34.899042421778084], [-92.2562745380842, 34.89913406279467], [-92.2562968590964, 34.89922572181128], [-92.2563190681086, 34.89931739982801], [-92.2563411661206, 34.899409095844604], [-92.2563631531327, 34.89950080986131], [-92.2563850291448, 34.89959254187789], [-92.2564067931568, 34.8996842918946], [-92.2564284461688, 34.899776059911304], [-92.25644998818082, 34.8998678449279], [-92.2564714181927, 34.899959648944595], [-92.2564927372046, 34.9000514699614], [-92.2565139452165, 34.9001433079781], [-92.2565350412283, 34.9002351639948], [-92.2565560262401, 34.90032703701151], [-92.256576899252, 34.900418928028195], [-92.2565976602637, 34.900510836045], [-92.2566183102755, 34.9006027600617], [-92.25663884928721, 34.900694702078496], [-92.25665927629882, 34.90078666109529], [-92.2566795923105, 34.900878636112], [-92.2566997953221, 34.9009706281288], [-92.2567198883337, 34.9010626361456], [-92.2567398683453, 34.9011546621624], [-92.2567597373568, 34.901246703179176], [-92.2567794943683, 34.90133876119598], [-92.2567991403798, 34.901430835212906], [-92.2568186743912, 34.90152292522968], [-92.2568380964026, 34.901615031246585], [-92.256857406414, 34.90170715326339], [-92.2568766044254, 34.90179929128028], [-92.2568956914367, 34.9018914452971], [-92.256914666448, 34.90198361531399], [-92.2569335294593, 34.90207580033091], [-92.2569522804705, 34.90216800034769], [-92.25697091948182, 34.9022602163647], [-92.256989447493, 34.90235244838159], [-92.2570078625041, 34.9024446943985], [-92.2570261665152, 34.902536956415425], [-92.2570443575264, 34.90262923243228], [-92.2570624375374, 34.902721524449206], [-92.2570804045485, 34.90281383046619], [-92.2570982605594, 34.9029061514832], [-92.2571160035704, 34.902998487500206], [-92.2571336355814, 34.903090838517095], [-92.2571511545923, 34.903183202534095], [-92.2571685626032, 34.90327558255108], [-92.2571858576141, 34.90336797556809], [-92.2572030406249, 34.9034603835851], [-92.2572201116357, 34.903552805602075], [-92.2572370706465, 34.90364524161909], [-92.2572539176572, 34.90373769063607], [-92.2572706516679, 34.9038301546531], [-92.2572872736787, 34.903922631670184], [-92.2573037836893, 34.904015122687206], [-92.2573201816999, 34.90410762770428], [-92.2573364677105, 34.9042001457214], [-92.2573526407211, 34.90429267673839], [-92.2573687017317, 34.90438522175548], [-92.2573846507422, 34.9044777787726], [-92.2574004867526, 34.9045703497897], [-92.2574162107631, 34.90466293380679], [-92.2574318217735, 34.9047555308239], [-92.2574473217839, 34.90484814084099], [-92.2574627087943, 34.90494076285808], [-92.2574779828046, 34.905033397875194], [-92.2574931448149, 34.90512604489239], [-92.2575081948252, 34.9052187049096], [-92.2575231318355, 34.9053113779267], [-92.2575379568457, 34.90540406194379], [-92.2575526688559, 34.905496758961], [-92.257567268866, 34.905589467978196], [-92.25758175587612, 34.905682187995374], [-92.2575961308863, 34.905774921012586], [-92.2576103928963, 34.905867665029795], [-92.2576245419064, 34.905960422047], [-92.2576385789164, 34.906053189064195], [-92.2576525039264, 34.90614596808141], [-92.2576663159363, 34.906238759098585], [-92.2576800149462, 34.90633156111582], [-92.2576936009562, 34.90642437413308], [-92.257707074966, 34.90651719915029], [-92.2577204369758, 34.90661003416759], [-92.2577336849857, 34.90670288118479], [-92.2577468209955, 34.906795738202206], [-92.2577598450052, 34.90688860621949], [-92.2577727550149, 34.9069814842367], [-92.2577855530246, 34.90707437425399], [-92.2577982380343, 34.9071672742713], [-92.2578108110439, 34.9072601842886], [-92.2578232700535, 34.907353104305884], [-92.2578356170631, 34.90744603532328], [-92.2578478510726, 34.90753897634059], [-92.2578599720821, 34.90763192735788], [-92.2578719810916, 34.90772488737529], [-92.25788387610102, 34.90781785839259], [-92.2578956591104, 34.90791083840987], [-92.2579073291198, 34.9080038284273], [-92.2579188861292, 34.9080968284446], [-92.2579303301385, 34.908189837462096], [-92.2579416621478, 34.90828285647949], [-92.2579528801571, 34.9083758834968], [-92.2579639851664, 34.908468920514196], [-92.2579749781756, 34.9085619665317], [-92.2579858581847, 34.908655021549], [-92.2579966241939, 34.90874808556651], [-92.258007278203, 34.908841158583904], [-92.2580178192121, 34.90893424060129], [-92.2580282472212, 34.90902733061879], [-92.2580385622302, 34.909120428636214], [-92.2580487632392, 34.90921353565368], [-92.2580588522482, 34.90930665167108], [-92.2580688282571, 34.9093997756886], [-92.258078691266, 34.90949290770612], [-92.2580884412749, 34.90958604772348], [-92.25809807728382, 34.90967919574099], [-92.2581076012926, 34.90977235075853], [-92.2581170123014, 34.90986551477599], [-92.2581263093102, 34.90995868579351], [-92.2581354933189, 34.91005186481099], [-92.2581445653276, 34.910145051828614], [-92.2581535233363, 34.910238245846], [-92.2581623683449, 34.910331446863594], [-92.2581711003536, 34.9104246558811], [-92.2581797193621, 34.910517870898694], [-92.2581882253707, 34.91061109391621], [-92.2581966173792, 34.910704322933825], [-92.2582048963877, 34.91079755995131], [-92.2582130633962, 34.91089080296889], [-92.2582211164046, 34.91098405298651], [-92.258229056413, 34.91107731000402], [-92.2582368824214, 34.91117057302161], [-92.2582445964297, 34.9112638420393], [-92.258252196438, 34.91135711805689], [-92.2582596834463, 34.911450400074514], [-92.2582670574546, 34.9115436880921], [-92.2582743174628, 34.91163698210969], [-92.258281464471, 34.91173028212729], [-92.2582884994792, 34.91182358814489], [-92.2582954194873, 34.9119168991626], [-92.2583022274954, 34.91201021718021], [-92.2583089215035, 34.912103540197904], [-92.2583155025115, 34.91219686821558], [-92.2583219705195, 34.91229020123318], [-92.2583283245275, 34.9123835402509], [-92.2583345655354, 34.9124768852686], [-92.2583406935434, 34.9125702342863], [-92.2583467085513, 34.91266358830389], [-92.2583526095591, 34.91275694732158], [-92.25835839756701, 34.912850311339305], [-92.2583640715748, 34.91294368035701], [-92.2583696325825, 34.913037053374794], [-92.25837508059031, 34.913130431392396], [-92.258380415598, 34.913223813410184], [-92.2583856366057, 34.913317200427905], [-92.25839074461331, 34.913410590445594], [-92.2583957386209, 34.9135039854634], [-92.2584006196285, 34.91359738448108], [-92.2584053876361, 34.91369078749892], [-92.2584100416436, 34.913784194516694], [-92.25841458265121, 34.913877605534395], [-92.2584190096586, 34.91397102055218], [-92.258423324666, 34.914064438569994], [-92.2584275246735, 34.914157859587704], [-92.2584316126808, 34.91425128460549], [-92.2584355856882, 34.9143447126233], [-92.2584394466955, 34.91443814464111], [-92.2584431937028, 34.914531578658995], [-92.2584468277101, 34.914625016676794], [-92.2584503477173, 34.914718456694594], [-92.2584537547245, 34.914811900712394], [-92.2584570477316, 34.91490534673019], [-92.2584602277388, 34.91499879574808], [-92.2584632937459, 34.9150922467659], [-92.258466246753, 34.9151857007837], [-92.25846908676, 34.9152791568016], [-92.258471812767, 34.91537261581948], [-92.2584744257741, 34.915466076837276], [-92.258476924781, 34.91555953985519], [-92.2584793097879, 34.91565300487309], [-92.2584815827948, 34.915746470890895], [-92.2584837418017, 34.915839939908814], [-92.2584857868085, 34.91593340992671], [-92.2584877188153, 34.9160268819446], [-92.2584895368221, 34.91612035596249], [-92.2584912418288, 34.916213830980375], [-92.2584928338355, 34.916307306998306], [-92.2584943108422, 34.91640078501629], [-92.25849567584882, 34.91649426403419], [-92.2584969268555, 34.916587743052105], [-92.258498063862, 34.91668122406999], [-92.2584990878686, 34.916774706088], [-92.2584999988751, 34.916868188105894], [-92.2585007958817, 34.916961672123904], [-92.2585014798881, 34.91705515514177], [-92.25850204989452, 34.91714864015979], [-92.258502505901, 34.9172421251778], [-92.2585028489073, 34.91733561019571], [-92.2585030789136, 34.917429095213706], [-92.25850319492, 34.91752258023168], [-92.2585031979263, 34.9176160662496], [-92.2585030869325, 34.9177095512677], [-92.2585028619387, 34.9178030372856], [-92.2585025239449, 34.9178965223036], [-92.2585020729511, 34.91799000732173], [-92.2585015079572, 34.9180834913397], [-92.2585008299633, 34.918176975357696], [-92.2585000379694, 34.91827045837569], [-92.2584991319754, 34.91836394039368], [-92.2584981139815, 34.91845742241179], [-92.2584969809874, 34.9185509034298], [-92.2584957349934, 34.91864438344778], [-92.2584943759993, 34.91873786246592], [-92.2584929030052, 34.918831339483894], [-92.258491317011, 34.91892481650199], [-92.2584896170169, 34.91901829151998], [-92.2584878040226, 34.9191117645381], [-92.2584858770284, 34.9192052365561], [-92.2584838370341, 34.919298707574185], [-92.2584816830399, 34.919392175592286], [-92.25847941604552, 34.91948564261039], [-92.2584770350512, 34.91957910762849], [-92.2584745410568, 34.9196725706466], [-92.25847193306241, 34.91976603166471], [-92.2584692120679, 34.919859489682786], [-92.2584663770734, 34.91995294670089], [-92.2584634290789, 34.92004640071899], [-92.2584603680844, 34.92013985173709], [-92.2584571930898, 34.92023330075529], [-92.2584539040952, 34.920326746773384], [-92.25845050210062, 34.920420190791496], [-92.2584469871059, 34.920513630809666], [-92.2584433581112, 34.9206070688278], [-92.2584396161164, 34.920700502845875], [-92.2584357601217, 34.92079393486409], [-92.2584317911269, 34.9208873628823], [-92.2584277081321, 34.92098078790039], [-92.2584235121372, 34.92107420991858], [-92.2584192031424, 34.92116762793669], [-92.2584147801475, 34.92126104195489], [-92.2584102431525, 34.92135445297309], [-92.2584055941576, 34.9214478599913], [-92.2584008301625, 34.92154126300951], [-92.2583959541675, 34.9216346620276], [-92.2583909641724, 34.92172805704578], [-92.2583858601773, 34.92182144806409], [-92.2583806441822, 34.92191483508228], [-92.258375313187, 34.922008217100405], [-92.2583698701918, 34.92210159511869], [-92.2583643131967, 34.92219496813689], [-92.2583586432014, 34.92228833715509], [-92.25835285920611, 34.922381701173386], [-92.25834696221081, 34.922475060191594], [-92.2583409522154, 34.92256841420979], [-92.2583348282201, 34.92266176422801], [-92.2583285912247, 34.92275510824627], [-92.2583222402292, 34.9228484472645], [-92.2583157762338, 34.922941781282795], [-92.2583091992383, 34.92303510930098], [-92.2583025092427, 34.92312843231932], [-92.2582957052471, 34.92322174933749], [-92.2582887882516, 34.92331506135579], [-92.258281758256, 34.92340836737399], [-92.2582746142603, 34.923501667392294], [-92.2582673572647, 34.92359496141061], [-92.2582599872689, 34.92368824942889], [-92.2582525032732, 34.9237815314472], [-92.2582449072774, 34.92387480746549], [-92.2582371962816, 34.923968076483796], [-92.2582293732858, 34.92406133950212], [-92.2582214372899, 34.92415459652038], [-92.258213387294, 34.924247846538684], [-92.2582052242981, 34.92434108955697], [-92.2581969483021, 34.924434326575295], [-92.2581885583061, 34.92452755659359], [-92.25818005531, 34.92462077861201], [-92.258171439314, 34.92471399463031], [-92.258162710318, 34.92480720364857], [-92.2581538683219, 34.92490040466688], [-92.2581449133257, 34.92499359868529], [-92.2581358443295, 34.92508678470361], [-92.2581266623333, 34.9251799637219], [-92.2581173673371, 34.9252731357403], [-92.2581079593408, 34.92536629875858], [-92.2580984383445, 34.92545945477699], [-92.2580888043481, 34.92555260279529], [-92.2580790563518, 34.925645742813686], [-92.2580691963554, 34.925738874832106], [-92.258059222359, 34.925831998850406], [-92.2580491353625, 34.92592511486878], [-92.258038936366, 34.9260182218872], [-92.2580286233695, 34.926111320905605], [-92.258018197373, 34.92620441092391], [-92.2580076583764, 34.92629749194228], [-92.2579970063797, 34.926390564960684], [-92.2579862413831, 34.92648362897908], [-92.2579753633864, 34.92657668399749], [-92.2579643723897, 34.92666973001588], [-92.257953268393, 34.92676276703429], [-92.2579420513962, 34.9268557950527], [-92.2579307213994, 34.926948814071096], [-92.2579192784026, 34.927041823089496], [-92.2579077224057, 34.9271348221079], [-92.2578960534088, 34.9272278121263], [-92.2578842714119, 34.927320793144816], [-92.257872377415, 34.9274137631632], [-92.257860369418, 34.92750672418169], [-92.257848249421, 34.927599675200085], [-92.2578360154239, 34.9276926162185], [-92.2578236694269, 34.927785547236994], [-92.2578112104298, 34.92787846725539], [-92.2577986384326, 34.92797137727389], [-92.2577859534354, 34.928064277292286], [-92.25777315643822, 34.92815716631077], [-92.257760245441, 34.92825004532918], [-92.2577472224437, 34.9283429133477], [-92.2577340864464, 34.92843577036608], [-92.2577208374491, 34.9285286173846], [-92.2577074764518, 34.928621452402986], [-92.2576940014544, 34.9287142774215], [-92.257680414457, 34.92880709044], [-92.2576667154595, 34.92889989245851], [-92.257652902462, 34.92899268247701], [-92.2576389774645, 34.92908546249537], [-92.257624939467, 34.92917822951391], [-92.2576107894694, 34.92927098553228], [-92.2575965264718, 34.929363730550776], [-92.2575821504742, 34.92945646256929], [-92.2575676624765, 34.929549183587895], [-92.2575530614788, 34.9296418926064], [-92.257538347481, 34.929734588624896], [-92.2575235214833, 34.92982727364338], [-92.2575085824855, 34.92991994566191], [-92.2574935314877, 34.9300126056804], [-92.2574783674898, 34.930105252698894], [-92.2574630914919, 34.930197887717384], [-92.257447702494, 34.93029051073591], [-92.257432201496, 34.93038311975448], [-92.2574165874981, 34.93047571677299], [-92.2574008615001, 34.930568300791506], [-92.257385022502, 34.93066087081001], [-92.25736907150392, 34.9307534288286], [-92.2573530075059, 34.9308459738471], [-92.2573368315077, 34.93093850486561], [-92.2573205435095, 34.9310310228841], [-92.2573041425114, 34.93112352690271], [-92.2572876295131, 34.93121601792129], [-92.2572710045149, 34.93130849493983], [-92.2572542665166, 34.931400958958285], [-92.2572374165183, 34.93149340797691], [-92.2572204545199, 34.93158584399549], [-92.2572033795215, 34.931678266013996], [-92.25718619252311, 34.931770673032496], [-92.2571688935246, 34.931863067051104], [-92.2571514825262, 34.93195544606968], [-92.2571339595277, 34.93204781008819], [-92.2571163235291, 34.93214016110681], [-92.2570985755305, 34.93223249612539], [-92.2570807155319, 34.93232481714401], [-92.2570627435333, 34.9324171231626], [-92.2570446595346, 34.93250941518109], [-92.2570264625359, 34.93260169119969], [-92.25700815453722, 34.932693952218216], [-92.2569897335385, 34.932786199236794], [-92.2569712015397, 34.93287843025539], [-92.2569525565409, 34.93297064527398], [-92.256933800542, 34.93306284629259], [-92.2569149315431, 34.933155031311216], [-92.2568959515442, 34.933247200329795], [-92.25687685854531, 34.93333935334829], [-92.2568576545463, 34.93343149136702], [-92.2568383385473, 34.933523613385596], [-92.25681890954822, 34.9336157194042], [-92.2567993695492, 34.93370780942281], [-92.25677971755, 34.93379988244139], [-92.2567599535509, 34.933891940459986], [-92.2567400785518, 34.93398398147858], [-92.2567200905526, 34.93407600649719], [-92.2566999915533, 34.93416801451579], [-92.2566797805541, 34.934260006534394], [-92.2566594585548, 34.93435198155299], [-92.2566390235555, 34.93444393957169], [-92.25661847755612, 34.934535880590296], [-92.2565978195567, 34.9346278056089], [-92.2565770505573, 34.93471971262747], [-92.2565561695579, 34.93481160264619], [-92.2565351765584, 34.9349034756648], [-92.2565140725589, 34.93499533068341], [-92.2564928565594, 34.9350871687021], [-92.2564715295598, 34.93517898972069], [-92.2564500905602, 34.93527079273929], [-92.2564285395606, 34.93536257775791], [-92.2564068775609, 34.935454345776584], [-92.2563851045612, 34.935546094795185], [-92.2563632195615, 34.93563782681381], [-92.2563412225617, 34.93572953983251], [-92.2563191155619, 34.93582123485109], [-92.2562968965621, 34.9359129128698], [-92.25627456556231, 34.936004570888386], [-92.2562521235623, 34.93609621190708], [-92.2562295705625, 34.93618783292568], [-92.2562069065625, 34.9362794359444], [-92.2561841305625, 34.93637102096309], [-92.2561612435625, 34.93646258598168], [-92.2561382455625, 34.93655413300038], [-92.2561151355624, 34.936645661019], [-92.2560919155623, 34.936737169037684], [-92.25606858356221, 34.93682865905631], [-92.256045140562, 34.93692012907499], [-92.2560215865618, 34.937011580093696], [-92.2559979215616, 34.937103011112306], [-92.2559741455613, 34.937194423130975], [-92.255950258561, 34.93728581514959], [-92.2559262595607, 34.93737718816829], [-92.2559021505604, 34.93746854118701], [-92.25587793056, 34.93755987320559], [-92.25585359955961, 34.93765118622429], [-92.2558291575591, 34.93774247924299], [-92.25580460455872, 34.93783375126169], [-92.2557799405581, 34.93792500428041], [-92.2557551655576, 34.93801623529901], [-92.255730280557, 34.938107447317705], [-92.2557052835565, 34.93819863833639], [-92.2556801765558, 34.938289808355094], [-92.2556549585551, 34.938380958373784], [-92.2556296305545, 34.93847208639251], [-92.2556041905537, 34.93856319441111], [-92.255578640553, 34.93865428142978], [-92.25555298055221, 34.93874534644849], [-92.2555272085514, 34.938836391467106], [-92.25550132655052, 34.938927414485875], [-92.2554753345496, 34.939018416504496], [-92.2554492315487, 34.93910939752318], [-92.2554230175478, 34.939200355541885], [-92.2553966935468, 34.939291293560586], [-92.2553702595458, 34.93938220857931], [-92.2553437145448, 34.93947310259799], [-92.2553170585437, 34.9395639746167], [-92.2552902925426, 34.939654823635365], [-92.2552634165415, 34.93974565165408], [-92.2552364305403, 34.93983645667278], [-92.25520933353911, 34.93992724069149], [-92.2551821265379, 34.94001800171009], [-92.2551548085366, 34.94010873972888], [-92.2551273815354, 34.940199455747596], [-92.255099843534, 34.94029014876628], [-92.2550721955326, 34.94038081878489], [-92.2550444375313, 34.94047146680358], [-92.2550165685299, 34.94056209182232], [-92.2549885905284, 34.94065269384099], [-92.2549605015269, 34.94074327185969], [-92.2549323035255, 34.94083382787838], [-92.2549039945239, 34.9409243598971], [-92.2548755765224, 34.9410148689158], [-92.2548470475208, 34.94110535393449], [-92.2548184095191, 34.941195815953314], [-92.25478966051742, 34.94128625397199], [-92.2547608025158, 34.941376667990724], [-92.254731834514, 34.94146705900929], [-92.2547027565123, 34.94155742602812], [-92.2546735685105, 34.9416477690467], [-92.25464427150871, 34.941738087065495], [-92.2546148645069, 34.94182838208418], [-92.254585347505, 34.94191865210289], [-92.254555720503, 34.94200889812157], [-92.2545259845011, 34.94209911914028], [-92.2544961384991, 34.942189316159], [-92.2544661834971, 34.942279488177675], [-92.2544361184951, 34.94236963619638], [-92.254405944493, 34.942459758215094], [-92.2543756604909, 34.94254985623392], [-92.2543452664888, 34.942639929252486], [-92.2543147634866, 34.9427299772712], [-92.2542841514844, 34.94281999928997], [-92.2542534294822, 34.94290999730869], [-92.25422259848, 34.94299996932741], [-92.2541916584777, 34.943089915346086], [-92.2541606084754, 34.94317983636479], [-92.254129449473, 34.94326973138349], [-92.25409818147071, 34.94335960140219], [-92.2540668044682, 34.943449445420896], [-92.2540353174658, 34.94353926343958], [-92.2540037224633, 34.94362905545839], [-92.2539720174608, 34.94371882147699], [-92.2539402034583, 34.943808560495775], [-92.2539082814557, 34.94389827451449], [-92.2538762494531, 34.94398796153322], [-92.2538441084505, 34.944077622551895], [-92.2538118584479, 34.94416725657061], [-92.2537795004452, 34.944256863589295], [-92.2537470324424, 34.944346444608016], [-92.2537144564397, 34.944435998626716], [-92.25368177143692, 34.944525526645386], [-92.2536489774341, 34.94461502666409], [-92.2536160744312, 34.94470449968279], [-92.2535830634284, 34.944793945701605], [-92.25354994242551, 34.9448833647203], [-92.2535167144225, 34.94497275573891], [-92.2534833764196, 34.94506211975767], [-92.25344993041651, 34.945151456776415], [-92.2534163764135, 34.94524076579509], [-92.2533827134105, 34.9453300468138], [-92.2533489414074, 34.94541930083248], [-92.2533150614042, 34.945508525851196], [-92.2532810734011, 34.94559772386988], [-92.2532469763979, 34.94568689388858], [-92.2532127713947, 34.94577603490729], [-92.2531784583914, 34.945865147925986], [-92.2531440363881, 34.94595423294469], [-92.2531095063848, 34.94604328996339], [-92.2530748683815, 34.946132317982105], [-92.2530401223781, 34.946221318000795], [-92.2530052673747, 34.9463102880195], [-92.2529703053713, 34.946399230038196], [-92.2529352343678, 34.9464881440569], [-92.25290005536431, 34.9465770280756], [-92.2528647683608, 34.94666588309428], [-92.2528293743572, 34.94675471011301], [-92.2527938713536, 34.9468435061317], [-92.25275826135, 34.946932274150385], [-92.2527225423464, 34.947021012169095], [-92.2526867163427, 34.9471097211878], [-92.2526507823389, 34.9471984012064], [-92.25261474033522, 34.94728705022519], [-92.2525785913314, 34.9473756702438], [-92.2525423333276, 34.947464260262485], [-92.2525059693237, 34.94755282028119], [-92.2524694963199, 34.9476413512999], [-92.252432916316, 34.94772985131859], [-92.2523962293121, 34.947818321337294], [-92.2523594333081, 34.947906760356], [-92.2523225313041, 34.94799517037471], [-92.2522855213001, 34.948083549393274], [-92.2522484042961, 34.94817189741199], [-92.2522111792919, 34.948260215430686], [-92.2521738472878, 34.948348502449406], [-92.2521364072836, 34.948436758468084], [-92.25209886127952, 34.94852498348669], [-92.2520612072753, 34.94861317750541], [-92.2520234462711, 34.948701341524064], [-92.2519855782668, 34.948789473542696], [-92.2519476032625, 34.94887757456139], [-92.25190952025811, 34.9489656435801], [-92.2518713312538, 34.9490536825988], [-92.2518330352494, 34.94914168861751], [-92.2517946312449, 34.94922966363609], [-92.2517561212405, 34.94931760765481], [-92.251717504236, 34.9494055186735], [-92.2516787802315, 34.94949339869207], [-92.25163995022692, 34.94958124671081], [-92.2516010122223, 34.94966906272936], [-92.2515619682177, 34.94975684574809], [-92.2515228172131, 34.9498445977668], [-92.2514835602084, 34.94993231678538], [-92.2514441962037, 34.950020003804084], [-92.25140472519901, 34.9501076578227], [-92.2513651481942, 34.95019527984139], [-92.2513254641894, 34.950282868860086], [-92.2512856741845, 34.95037042587868], [-92.2512457781797, 34.95045794889741], [-92.2512057751749, 34.95054543991599], [-92.2511656661699, 34.95063289793459], [-92.251125450165, 34.95072032195329], [-92.25108512916, 34.95080771397196], [-92.251044701155, 34.9508950719906], [-92.2510041671499, 34.95098239700921], [-92.2509635261448, 34.95106968802787], [-92.2509227801397, 34.95115694604649], [-92.2508819281346, 34.9512441700652], [-92.2508409691294, 34.951331361083795], [-92.2507999051242, 34.95141851810239], [-92.250758735119, 34.95150564112108], [-92.2507174591137, 34.9515927301397], [-92.2506760771084, 34.951679785158284], [-92.2506345891031, 34.951766805176895], [-92.2505929960977, 34.95185379219559], [-92.2505512960924, 34.951940744214156], [-92.250509491087, 34.95202766223279], [-92.25046758108151, 34.9521145462514], [-92.250425565076, 34.952201394270006], [-92.2503834430705, 34.95228820928861], [-92.250341216065, 34.95237498830727], [-92.2502988830594, 34.9524617333259], [-92.2502564450538, 34.95254844234449], [-92.25021390204822, 34.95263511736308], [-92.2501712530426, 34.95272175738168], [-92.25012849903682, 34.95280836140031], [-92.2500856400311, 34.95289493041889], [-92.2500426750253, 34.9529814644375], [-92.2499996050196, 34.9530679634561], [-92.2499564300138, 34.95315442547469], [-92.2499131500079, 34.95324085349329], [-92.249869765002, 34.95332724451189], [-92.2498262749961, 34.953413600530496], [-92.2497826809902, 34.95349992054909], [-92.24973898098422, 34.95358620456761], [-92.2496951759782, 34.953672452586176], [-92.24965126597222, 34.9537586646048], [-92.2496072519661, 34.95384483962338], [-92.24956313296, 34.953930979642], [-92.2495189089539, 34.95401708266058], [-92.2494745809478, 34.954103148679124], [-92.24943014794161, 34.954189178697675], [-92.2493856099354, 34.95427517171629], [-92.2493409679292, 34.95436112873478], [-92.24929622092291, 34.954447048753394], [-92.24925136991651, 34.9545329307719], [-92.2492064149102, 34.954618776790504], [-92.2491613549039, 34.954704585809075], [-92.24911619089741, 34.954790356827594], [-92.249070922891, 34.9548760918461], [-92.2490255508846, 34.95496178886469], [-92.248980073878, 34.955047447883196], [-92.2489344928715, 34.955133070901795], [-92.248888807865, 34.955218654920294], [-92.2488430198584, 34.955304201938894], [-92.2487971268518, 34.955389710957384], [-92.2487511298452, 34.95547518197598], [-92.2487050288385, 34.95556061499451], [-92.2486588248318, 34.95564601101299], [-92.248612516825, 34.95573136803151], [-92.2485661048183, 34.9558166870501], [-92.2485195888115, 34.955901968068595], [-92.2484729688046, 34.9559872100871], [-92.2484262457978, 34.95607241410559], [-92.2483794197909, 34.95615757912412], [-92.248332489784, 34.956242706142596], [-92.2482854557771, 34.956327794161204], [-92.2482383187701, 34.95641284317959], [-92.2481910787631, 34.956497854198105], [-92.248143734756, 34.9565828252167], [-92.248096287749, 34.95666775823509], [-92.2480487377419, 34.95675265125361], [-92.2480010847348, 34.956837505272105], [-92.24795332772761, 34.95692232029061], [-92.2479054687204, 34.9570070953091], [-92.2478575057132, 34.95709183132759], [-92.2478094397059, 34.95717652834609], [-92.2477612716986, 34.95726118436458], [-92.2477129996913, 34.95734580138299], [-92.247664625684, 34.95743037940149], [-92.24761614867661, 34.957514916419896], [-92.2475675686692, 34.9575994134384], [-92.2475188856617, 34.95768387145689], [-92.2474701006543, 34.95776828847529], [-92.2474212126468, 34.95785266549378], [-92.2473722216393, 34.9579370025123], [-92.2473231286317, 34.95802129853069], [-92.2472739336242, 34.9581055545491], [-92.2472246356165, 34.95818976956759], [-92.2471752356089, 34.958273943586], [-92.2471257326012, 34.958358077604395], [-92.2470761275935, 34.958442170622895], [-92.2470264205858, 34.958526222641304], [-92.246976611578, 34.95861023365979], [-92.2469267005702, 34.95869420367819], [-92.24687668656242, 34.958778132696594], [-92.2468265715545, 34.958862020714996], [-92.2467763535467, 34.958945866733394], [-92.2467260345387, 34.95902967175181], [-92.2466756135307, 34.9591134357702], [-92.2466250905228, 34.95919715678859], [-92.2465744655148, 34.959280837807086], [-92.2465237395067, 34.959364475825424], [-92.2464729104987, 34.95944807284381], [-92.2464219804905, 34.95953162686219], [-92.2463709494824, 34.95961513988062], [-92.2463198164742, 34.959698610899], [-92.2462685824661, 34.959782038917304], [-92.2462172464579, 34.95986542493569], [-92.2461658094496, 34.95994876895409], [-92.2461142704413, 34.9600320709725], [-92.246062631433, 34.9601153299908], [-92.2460108904247, 34.96019854600919], [-92.2459590484163, 34.96028172002759], [-92.2459071044079, 34.96036485104588], [-92.2458550603994, 34.960447939064295], [-92.245802915391, 34.960530985082585], [-92.2457506693825, 34.960613987100984], [-92.245698322374, 34.960696946119285], [-92.2456458743654, 34.96077986213767], [-92.2455933253569, 34.96086273515601], [-92.2455406753483, 34.96094556417428], [-92.2454879253396, 34.961028351192695], [-92.2454350743309, 34.961111093210896], [-92.2453821233222, 34.96119379222929], [-92.2453290713135, 34.9612764482476], [-92.2452759183047, 34.9613590592659], [-92.245222665296, 34.9614416272842], [-92.2451693122871, 34.961524151302484], [-92.2451158592783, 34.96160663132082], [-92.2450623052694, 34.96168906733911], [-92.2450086512604, 34.961771458357404], [-92.2449548962515, 34.9618538063757], [-92.2449010422425, 34.96193610939389], [-92.2448470882336, 34.962018367412206], [-92.2447930332245, 34.962100582430494], [-92.2447388792154, 34.962182751448786], [-92.2446846252063, 34.96226487646699], [-92.2446302711972, 34.962346957485295], [-92.2445758171881, 34.9624289925036], [-92.2445212631789, 34.96251098352179], [-92.2444666101697, 34.96259292854009], [-92.2444118571604, 34.962674829558296], [-92.2443570051511, 34.96275668457649], [-92.2443020531419, 34.962838494594784], [-92.2442470011325, 34.96292025961311], [-92.2441918501232, 34.96300197963119], [-92.2441366001138, 34.96308365364949], [-92.2440812511044, 34.963165281667706], [-92.2440258020949, 34.96324686468589], [-92.24397025408551, 34.963328401704096], [-92.2439146070759, 34.9634098927223], [-92.2438588610664, 34.96349133874059], [-92.2438030160568, 34.9635727377588], [-92.2437470720472, 34.96365409177691], [-92.24369102903762, 34.96373539879519], [-92.2436348870279, 34.96381665981329], [-92.24357864701821, 34.96389787483149], [-92.2435223070085, 34.96397904384969], [-92.2434658689988, 34.96406016586789], [-92.243409331989, 34.96414124088598], [-92.2433526969792, 34.964222269904205], [-92.2432959629693, 34.964303251922395], [-92.2432391309595, 34.96438418794051], [-92.2431822009496, 34.964465075958685], [-92.2431251719397, 34.9645459179768], [-92.2430680449297, 34.964626711995], [-92.2430108189197, 34.96470746001311], [-92.2429534949097, 34.964788160031205], [-92.2428960738996, 34.9648688130493], [-92.2428385538896, 34.964949419067494], [-92.2427809358795, 34.965029977085614], [-92.2427232198693, 34.9651104881037], [-92.2426654068592, 34.96519095112179], [-92.242607494849, 34.965271367139884], [-92.24254948583881, 34.965351735157995], [-92.2424913788285, 34.9654320551761], [-92.2424331748182, 34.9655123271942], [-92.2423748718079, 34.96559255121231], [-92.2423164727976, 34.96567272723039], [-92.2422579747872, 34.96575285524852], [-92.2421993807768, 34.965832935266484], [-92.2421406887664, 34.96591296628459], [-92.2420818997559, 34.965992949302574], [-92.2420230127454, 34.9660728843207], [-92.2419640287349, 34.9661527703388], [-92.2419049477244, 34.96623260735679], [-92.2418457707137, 34.9663123963749], [-92.2417864957032, 34.96639213639289], [-92.24172712369251, 34.96647182741087], [-92.2416676546819, 34.966551469428985], [-92.2416080886712, 34.96663106244702], [-92.2415484266604, 34.966710606464986], [-92.2414886676497, 34.96679010048301], [-92.2414288116389, 34.96686954650099], [-92.2413688596281, 34.966948942519], [-92.2413088106173, 34.967028289537], [-92.2412486656064, 34.967107586555045], [-92.2411884235955, 34.967186834573], [-92.2411280855845, 34.96726603259089], [-92.2410676505736, 34.9673451806089], [-92.2410071205626, 34.96742427862691], [-92.2409464935516, 34.96750332764488], [-92.2408857705406, 34.967582325662896], [-92.2408249515295, 34.96766127468079], [-92.2407640365184, 34.96774017269866], [-92.2407030255072, 34.9678190207167], [-92.24064191849601, 34.96789781873468], [-92.2405807164849, 34.9679765667526], [-92.2405194174736, 34.968055263770495], [-92.2404580234624, 34.9681339097884], [-92.2403965344511, 34.96821250580629], [-92.2403349484398, 34.9682910508242], [-92.2402732684285, 34.96836954584217], [-92.2402114914171, 34.9684479888601], [-92.2401496204057, 34.96852638187801], [-92.2400876533942, 34.968604723895794], [-92.2400255913828, 34.96868301391367], [-92.2399634343713, 34.96876125393159], [-92.2399011813598, 34.96883944194949], [-92.2398388343483, 34.968917578967286], [-92.2397763913367, 34.968995663985204], [-92.2397138543251, 34.96907369800311], [-92.2396512213135, 34.9691516800209], [-92.2395884943018, 34.969229611038784], [-92.23952567229011, 34.9693074900566], [-92.2394627552784, 34.969385318074366], [-92.2393997442667, 34.969463093092294], [-92.23933663825491, 34.96954081711011], [-92.2392734382431, 34.9696184881279], [-92.23921014323132, 34.96969610714578], [-92.2391467542193, 34.969773675163495], [-92.23908327020752, 34.9698511901813], [-92.2390196931955, 34.96992865219919], [-92.2389560211836, 34.970006063217], [-92.2388922551716, 34.970083420234694], [-92.2388283951597, 34.9701607252525], [-92.2387644401476, 34.97023797827029], [-92.2387003921355, 34.970315178288075], [-92.23863625012342, 34.9703923253058], [-92.2385720151113, 34.97046941932349], [-92.23850768509921, 34.9705464603413], [-92.238443262087, 34.9706234483591], [-92.23837874507481, 34.9707003833768], [-92.2383141350625, 34.97077726539449], [-92.2382494310503, 34.970854094412296], [-92.238184634038, 34.97093086942999], [-92.2381197430257, 34.971007591447695], [-92.2380547590133, 34.97108426046542], [-92.23798968200092, 34.97116087448308], [-92.2379245119885, 34.971237436500786], [-92.2378592479761, 34.97131394351851], [-92.2377938919636, 34.9713903975362], [-92.2377284419511, 34.97146679655379], [-92.2376628999386, 34.97154314257149], [-92.2375972649261, 34.97161943458918], [-92.2375315369134, 34.971695672606806], [-92.2374657159009, 34.97177185562449], [-92.2373998028882, 34.97184798564219], [-92.2373337968755, 34.9719240606598], [-92.2372676988628, 34.97200008067738], [-92.2372015078501, 34.972076046694994], [-92.2371352248374, 34.972151958712594], [-92.23706884982461, 34.97222781573029], [-92.2370023818118, 34.97230361774789], [-92.2369358217989, 34.9723793647655], [-92.2368691697861, 34.9724550577831], [-92.2368024257731, 34.972530694800696], [-92.2367355897602, 34.9726062778183], [-92.2366686617473, 34.972681804835794], [-92.2366016417343, 34.97275727785338], [-92.2365345297213, 34.9728326948709], [-92.2364673267082, 34.972908055888496], [-92.2364000316952, 34.972983362906014], [-92.2363326456821, 34.97305861392359], [-92.2362651676689, 34.973133808941185], [-92.2361975976558, 34.97320894895869], [-92.23612993664271, 34.97328403297622], [-92.2360621846294, 34.9733590609937], [-92.2359943416162, 34.9734340330112], [-92.2359264066029, 34.9735089500288], [-92.23585838158961, 34.973583810046186], [-92.2357902645763, 34.97365861506369], [-92.23572205656292, 34.97373336308118], [-92.2356537585495, 34.97380805509869], [-92.2355853685362, 34.9738826911162], [-92.2355168885227, 34.9739572701336], [-92.2354483175092, 34.9740317931511], [-92.2353796564958, 34.9741062601686], [-92.2353109044822, 34.974180670186], [-92.2352420614687, 34.9742550232035], [-92.2351731284551, 34.9743293192209], [-92.2351041054415, 34.9744035592383], [-92.2350349914279, 34.97447774225571], [-92.2349657884142, 34.9745518672731], [-92.2348964944005, 34.9746259362905], [-92.2348271103868, 34.974699948307894], [-92.2347576363731, 34.9747739023253], [-92.23468807235932, 34.9748477993427], [-92.2346184183455, 34.97492163936009], [-92.2345486743317, 34.9749954213775], [-92.2344788413177, 34.975069146394794], [-92.2344089183039, 34.9751428144121], [-92.23433890529002, 34.97521642342951], [-92.234268803276, 34.9752899754469], [-92.234198611262, 34.975363470464195], [-92.2341283302481, 34.975436906481484], [-92.234057960234, 34.975510285498785], [-92.2339875012199, 34.97558360551619], [-92.2339169522059, 34.9756568675335], [-92.2338463141918, 34.97573007255079], [-92.2337755871776, 34.9758032185681], [-92.2337047721635, 34.9758763055854], [-92.2336338671493, 34.97594933560259], [-92.2335628741351, 34.976022306619925], [-92.2334917911208, 34.97609521863718], [-92.2334206201065, 34.976168072654396], [-92.2333493610922, 34.97624086767169], [-92.2332780130779, 34.976313603688894], [-92.2332065760635, 34.976386281706084], [-92.2331350520491, 34.976458900723365], [-92.2330634380347, 34.976531460740595], [-92.2329917370203, 34.976603960757785], [-92.2329199470058, 34.976676402775006], [-92.2328480699913, 34.9767487857922], [-92.2327761039768, 34.97682110880938], [-92.2327040499622, 34.97689337282658], [-92.23263190894761, 34.97696557684378], [-92.232559678933, 34.9770377218609], [-92.2324873619184, 34.97710980787807], [-92.2324149569037, 34.97718183389521], [-92.232342464889, 34.977253799912404], [-92.2322698848743, 34.977325706929484], [-92.2321972178595, 34.97739755394668], [-92.2321244628448, 34.97746933996379], [-92.23205162083, 34.977541066980905], [-92.2319786918151, 34.97761273399799], [-92.23190567480022, 34.97768434101509], [-92.2318325717854, 34.97775588703219], [-92.2317593807705, 34.97782737404929], [-92.2316861037555, 34.9778988000664], [-92.2316127387405, 34.9779701650835], [-92.2315392877256, 34.97804147010049], [-92.2314657497105, 34.978112715117604], [-92.2313921256955, 34.978183899134606], [-92.2313184146804, 34.97825502215169], [-92.23124461666531, 34.978326085168696], [-92.2311707326501, 34.97839708618569], [-92.231096762635, 34.97846802720269], [-92.2310227056198, 34.97853890721969], [-92.2309485626046, 34.97860972623677], [-92.23087433358931, 34.9786804842538], [-92.2308000185741, 34.97875118027071], [-92.2307256175587, 34.97882181528768], [-92.2306511305434, 34.97889238930469], [-92.2305765575281, 34.97896290232159], [-92.2305018985127, 34.979033353338586], [-92.2304271544973, 34.9791037433556], [-92.2303523244818, 34.97917407137249], [-92.2302774094664, 34.97924433738941], [-92.2302024084509, 34.97931454240639], [-92.2301273224354, 34.97938468442319], [-92.2300521504199, 34.979454765440096], [-92.2299768944043, 34.979524784457084], [-92.2299015523887, 34.97959474147389], [-92.22982612537311, 34.9796646364908], [-92.2297506123574, 34.9797344685077], [-92.2296750153417, 34.97980423952459], [-92.229599334326, 34.97987394754139], [-92.2295235673103, 34.979943593558296], [-92.2294477162945, 34.980013176575106], [-92.2293717802788, 34.980082697591996], [-92.2292957592629, 34.9801521556088], [-92.229219654247, 34.98022155062558], [-92.2291434652312, 34.98029088364251], [-92.2290671912153, 34.9803601536592], [-92.2289908331993, 34.980429360675984], [-92.2289143911834, 34.9804985056928], [-92.2288378651675, 34.98056758670958], [-92.2287612541515, 34.98063660472629], [-92.2286845601354, 34.98070555974312], [-92.2286077821194, 34.980774451759906], [-92.2285309201033, 34.98084327977661], [-92.2284539740872, 34.9809120457933], [-92.228376945071, 34.98098074681012], [-92.2282998320549, 34.981049385826786], [-92.2282226360387, 34.98111795984351], [-92.2281453560224, 34.9811864718602], [-92.2280679930062, 34.98125491887691], [-92.2279905469899, 34.981323302893585], [-92.2279130179736, 34.98139162291031], [-92.2278354049573, 34.9814598789269], [-92.227757708941, 34.9815280709436], [-92.2276799309245, 34.98159619796021], [-92.2276020689082, 34.98166426197691], [-92.2275241248917, 34.98173226199349], [-92.2274460978752, 34.981800198010085], [-92.2273679888587, 34.98186806902668], [-92.22728979684221, 34.98193587504339], [-92.2272115218257, 34.9820036180599], [-92.2271331648092, 34.9820712960765], [-92.2270547257926, 34.9821389090931], [-92.2269762037759, 34.98220645810969], [-92.22689760075932, 34.9822739411262], [-92.2268189147426, 34.982341361142794], [-92.2267401467259, 34.9824087151594], [-92.2266612967092, 34.9824760041759], [-92.2265823656925, 34.9825432291924], [-92.2265033526757, 34.98261038820888], [-92.2264242576588, 34.98267748222547], [-92.226345080642, 34.98274451124199], [-92.2262658226252, 34.9828114752584], [-92.2261864826083, 34.98287837327492], [-92.2261070615914, 34.98294520629139], [-92.2260275595744, 34.98301197430789], [-92.2259479765575, 34.9830786763244], [-92.2258683115405, 34.98314531334079], [-92.2257885655235, 34.983211884357196], [-92.2257087395064, 34.9832783893737], [-92.2256288314894, 34.983344828390095], [-92.2255488434723, 34.98341120240653], [-92.2254687744551, 34.98347750942288], [-92.225388624438, 34.9835437514393], [-92.2253083944208, 34.9836099264557], [-92.2252280834036, 34.98367603647209], [-92.2251476923864, 34.9837420794885], [-92.2250672203691, 34.983808056504785], [-92.22498666835192, 34.98387396752117], [-92.2249060363346, 34.98393981153751], [-92.2248253243172, 34.98400558955391], [-92.2247445322999, 34.98407130057021], [-92.2246636602825, 34.984136945586485], [-92.2245827082651, 34.98420252360277], [-92.2245016772476, 34.98426803561908], [-92.2244205662302, 34.98433347963539], [-92.2243393752127, 34.98439885765159], [-92.2242581041952, 34.9844641686679], [-92.2241767541776, 34.984529412684175], [-92.2240953251601, 34.9845945897005], [-92.2240138161425, 34.98465969871669], [-92.2239322291249, 34.984724741732904], [-92.2238505621073, 34.984789716749084], [-92.22376881608962, 34.9848546247654], [-92.2236869910718, 34.9849194657815], [-92.2236050870542, 34.9849842387978], [-92.2235231050364, 34.98504894481389], [-92.2234410440186, 34.98511358283009], [-92.2233589040009, 34.98517815384629], [-92.223276685983, 34.985242656862376], [-92.2231943889652, 34.9853070918786], [-92.22311201294731, 34.985371458894676], [-92.2230295599294, 34.98543575891092], [-92.2229470279115, 34.98549998992691], [-92.2228644178935, 34.985564152943084], [-92.2227817298756, 34.98562824895918], [-92.2226989648576, 34.98569227597528], [-92.2226161208395, 34.98575623499129], [-92.2225331988215, 34.98582012600739], [-92.2224501998034, 34.985883948023506], [-92.2223671227853, 34.985947702039596], [-92.2222839677672, 34.986011388055594], [-92.222200736749, 34.98607500507158], [-92.2221174267308, 34.98613855308759], [-92.2220340407126, 34.98620203310374], [-92.2219505766944, 34.98626544411971], [-92.2218670356761, 34.986328787135605], [-92.22178341765782, 34.98639206015159], [-92.2216997226395, 34.98645526516757], [-92.2216159506212, 34.9865184001836], [-92.2215321016028, 34.98658146719948], [-92.2214481765845, 34.986644464215395], [-92.221364174566, 34.9867073932314], [-92.2212800955476, 34.98677025224741], [-92.2211959405291, 34.986833041263296], [-92.2211117085107, 34.98689576227919], [-92.2210274014922, 34.98695841329509], [-92.2209430174736, 34.98702099431102], [-92.220858557455, 34.98708350632679], [-92.2207740204365, 34.98714594934269], [-92.2206894084178, 34.98720832235859], [-92.2206047203992, 34.98727062537441], [-92.2205199573806, 34.98733285839018], [-92.2204351173619, 34.9873950214061], [-92.2203502023432, 34.98745711542189], [-92.2202652123244, 34.98751913843768], [-92.2201801453057, 34.9875810924535], [-92.2200950042869, 34.9876429754693], [-92.22000978726801, 34.987704788485075], [-92.2199244952492, 34.98776653150079], [-92.2198391282303, 34.98782820451658], [-92.2197536862114, 34.9878898065323], [-92.2196681691925, 34.9879513385481], [-92.2195825781736, 34.988012800563794], [-92.2194969111546, 34.98807419157949], [-92.2194111701356, 34.9881355115952], [-92.2193253541166, 34.9881967616109], [-92.2192394640976, 34.9882579406266], [-92.2191534990785, 34.98831904864219], [-92.2190674600594, 34.988380085657894], [-92.2189813460404, 34.9884410526736], [-92.2188951590212, 34.98850194768929], [-92.218808897002, 34.98856277270489], [-92.2187225609828, 34.98862352572048], [-92.2186361519636, 34.98868420773611], [-92.2185496689444, 34.98874481875169], [-92.2184631109251, 34.98880535876728], [-92.2183764809058, 34.9888658267829], [-92.2182897758865, 34.9889262237985], [-92.2182029988672, 34.988986549813994], [-92.2181161468478, 34.98904680382961], [-92.2180292228284, 34.9891069868452], [-92.217942224809, 34.98916709786071], [-92.2178551547896, 34.9892271368762], [-92.2177680107701, 34.9892871038917], [-92.2176807937506, 34.98934699990722], [-92.2175935037311, 34.9894068239227], [-92.2175061417116, 34.989466575938195], [-92.217418706692, 34.989526254953574], [-92.2173311986725, 34.9895858629691], [-92.2172436186529, 34.98964539898451], [-92.2171559656333, 34.989704863], [-92.2170682406136, 34.9897642540154], [-92.2169804435939, 34.98982357303089], [-92.2168925745742, 34.989882820046184], [-92.2168046325545, 34.9899419940616], [-92.2167166195347, 34.99000109607698], [-92.216628533515, 34.990060125092384], [-92.2165403764951, 34.99011908210768], [-92.2164521474753, 34.990177966123085], [-92.2163638474555, 34.9902367771384], [-92.2162754754356, 34.990295516153786], [-92.2161870314157, 34.990354181169096], [-92.2160985163958, 34.99041277418439], [-92.2160099303758, 34.99047129419969], [-92.2159212733559, 34.99052974121499], [-92.2158325443359, 34.99058811523019], [-92.2157437453158, 34.99064641624548], [-92.2156548742958, 34.9907046432608], [-92.2155659332757, 34.990762798276], [-92.2154769212557, 34.990820879291284], [-92.2153878392356, 34.99087888730651], [-92.2152986852154, 34.990936821321704], [-92.2152094621953, 34.99099468233688], [-92.215120168175, 34.991052469352084], [-92.2150308031548, 34.9911101833673], [-92.21494136913462, 34.991167823382504], [-92.2148518641144, 34.99122539039761], [-92.2147622890941, 34.991282882412776], [-92.2146726440738, 34.99134030142778], [-92.21458293005351, 34.991397646443], [-92.21449314603312, 34.9914549174581], [-92.21440329201272, 34.99151211447321], [-92.2143133679923, 34.9915692374883], [-92.2142233749719, 34.99162628650339], [-92.2141333119514, 34.99168326151851], [-92.214043180931, 34.991740162533496], [-92.2139529799104, 34.9917969885486], [-92.2138627098899, 34.99185374056359], [-92.2137723698694, 34.99191041857867], [-92.2136819618488, 34.9919670215936], [-92.2135914848282, 34.99202355060871], [-92.2135009398076, 34.9920800046237], [-92.213410324787, 34.992136383638595], [-92.2133196417663, 34.992192688653574], [-92.21322889074571, 34.9922489186686], [-92.2131380707249, 34.9923050746835], [-92.2130471817042, 34.99236115469841], [-92.2129562256835, 34.992417160713394], [-92.2128652006627, 34.9924730907283], [-92.2127741086419, 34.99252894674319], [-92.212682947621, 34.992584727758086], [-92.2125917196002, 34.99264043277301], [-92.2125004225793, 34.99269606378778], [-92.21240905955841, 34.9927516188027], [-92.2123176275375, 34.99280709781748], [-92.2122261285165, 34.9928625028323], [-92.2121345624956, 34.992917831847194], [-92.2120429284746, 34.99297308586198], [-92.2119512274536, 34.99302826387681], [-92.2118594594326, 34.99308336589159], [-92.2117676244115, 34.99313839290629], [-92.2116757223904, 34.9931933449211], [-92.2115837533693, 34.99324821993591], [-92.2114917173482, 34.9933030199506], [-92.211399615327, 34.993357743965284], [-92.2113074463059, 34.993412391980094], [-92.2112152112847, 34.9934669639948], [-92.2111229092635, 34.99352146000949], [-92.2110305412422, 34.993575880024096], [-92.2109381072209, 34.993630224038796], [-92.2108456061996, 34.99368449205349], [-92.2107530401783, 34.993738683068095], [-92.210660408157, 34.99379279908278], [-92.2105677091356, 34.993846838097404], [-92.2104749451143, 34.99390080011201], [-92.2103821160928, 34.99395468612659], [-92.2102892210714, 34.9940084961412], [-92.21019626005, 34.99406222915581], [-92.2101032340285, 34.9941158861703], [-92.210010143007, 34.994169465184896], [-92.2099169869855, 34.9942229691995], [-92.2098237649639, 34.994276395213966], [-92.2097304789424, 34.9943297452285], [-92.2096371269208, 34.99438301724301], [-92.2095437108992, 34.99443621325752], [-92.2094502298775, 34.994489332271996], [-92.2093566848559, 34.99454237428652], [-92.2092630738342, 34.994595338301], [-92.20916939981251, 34.99464822631537], [-92.2090756607908, 34.9947010363298], [-92.208981857769, 34.994753770344175], [-92.2088879907473, 34.9948064253586], [-92.2087940587255, 34.99485900437306], [-92.2087000637037, 34.99491150538749], [-92.2086060046818, 34.9949639294018], [-92.20851188166, 34.995016275416184], [-92.2084176946381, 34.995068544430595], [-92.2083234446162, 34.99512073544489], [-92.2082291305942, 34.995172848459184], [-92.2081347535723, 34.99522488447351], [-92.2080403135503, 34.995276842487904], [-92.2079458095284, 34.995328722502194], [-92.2078512425064, 34.995380524516364], [-92.20775661348432, 34.9954322485307], [-92.2076619204622, 34.99548389454502], [-92.2075671644401, 34.9955354635592], [-92.2074723464181, 34.995586953573394], [-92.2073774653959, 34.995638365587695], [-92.20728252237382, 34.99568969960179], [-92.2071875163516, 34.99574095561601], [-92.2070924483294, 34.995792132630285], [-92.2069973173072, 34.99584323164439], [-92.206902124285, 34.99589425265862], [-92.20680687026271, 34.9959451946727], [-92.2067115532405, 34.99599605868689], [-92.2066161742181, 34.99604684370101], [-92.2065207341958, 34.99609755071508], [-92.2064252321734, 34.99614817872919], [-92.2063296681511, 34.99619872774329], [-92.2062340431287, 34.99624919875738], [-92.2061383561063, 34.9962995897714], [-92.2060426080838, 34.99634990278548], [-92.2059467990614, 34.99640013679951], [-92.2058509290389, 34.9964502928136], [-92.2057549980164, 34.99650036882759], [-92.2056590059939, 34.9965503658416], [-92.2055629529713, 34.9966002838556], [-92.2054668389488, 34.99665012286949], [-92.2053706639262, 34.9966998818835], [-92.2052744299036, 34.99674956289739], [-92.205178133881, 34.99679916391139], [-92.2050817788583, 34.996848684925276], [-92.2049853628356, 34.99689812793918], [-92.204888886813, 34.99694749095311], [-92.2047923497902, 34.99699677396699], [-92.2046957537675, 34.99704597798089], [-92.2045990977447, 34.997095101994674], [-92.2045023827219, 34.9971441470086], [-92.2044056066991, 34.99719311202241], [-92.2043087716763, 34.99724199703629], [-92.2042118776534, 34.99729080305009], [-92.2041149236306, 34.997339529063886], [-92.2040179106077, 34.9973881740776], [-92.2039208385848, 34.997436740091494], [-92.2038237065619, 34.99748522610521], [-92.2037265165389, 34.9975336321189], [-92.203629267516, 34.99758195713269], [-92.2035319594929, 34.99763020314641], [-92.2034345924699, 34.99767836916009], [-92.2033371674469, 34.99772645417381], [-92.20323968342382, 34.99777445918748], [-92.2031421414008, 34.9978223832011], [-92.2030445403777, 34.99787022821491], [-92.2029468813545, 34.99791799122848], [-92.2028491643314, 34.99796567524209], [-92.2027513903082, 34.998013278255684], [-92.202653557285, 34.9980608002693], [-92.2025556662618, 34.99810824228301], [-92.2024577182386, 34.99815560329648], [-92.2023597122153, 34.99820288331011], [-92.2022616491921, 34.99825008232358], [-92.2021635281688, 34.998297201337216], [-92.2020653501455, 34.998344239350715], [-92.2019671141222, 34.99839119636429], [-92.2018688220988, 34.998438072377795], [-92.2017704720754, 34.9984848673912], [-92.201672065052, 34.998531582404695], [-92.2015736020286, 34.9985782154182], [-92.2014750820052, 34.9986247664316], [-92.20137650498171, 34.99867123744509], [-92.2012778719582, 34.99871762745849], [-92.2011791819347, 34.99876393547191], [-92.2010804359112, 34.9988101624853], [-92.2009816338876, 34.998856307498706], [-92.2008827758641, 34.998902372512084], [-92.2007838608405, 34.998948354525496], [-92.2006848908169, 34.9989942555388], [-92.2005858647933, 34.999040075552095], [-92.2004867827696, 34.999085813565515], [-92.200387644746, 34.9991314705788], [-92.20028845172232, 34.99917704459211], [-92.2001892026986, 34.999222537605384], [-92.2000898986748, 34.999267949618584], [-92.1999905396511, 34.9993132786319], [-92.19989112562742, 34.9993585266451], [-92.1997916556035, 34.999403691658394], [-92.1996921315797, 34.9994487756716], [-92.1995925525559, 34.999493777684805], [-92.199492918532, 34.999538696698], [-92.1993932295082, 34.99958353471118], [-92.1992934864843, 34.9996282897243], [-92.1991936894604, 34.99967296373748], [-92.1990938374365, 34.9997175547506], [-92.1989939314125, 34.9997620627638], [-92.1988939703885, 34.99980648977678], [-92.1987939563645, 34.99985083378988], [-92.1986938883405, 34.99989509580309], [-92.1985937653165, 34.99993927481611], [-92.1984935902925, 34.99998337182922], [-92.1983933602684, 35.00002738584228], [-92.1982930772443, 35.000071317855316], [-92.1981927402202, 35.000115166868284], [-92.1980923501961, 35.00015893288128], [-92.1979919071719, 35.00020261689419], [-92.1978914111477, 35.00024621690721], [-92.1977908621235, 35.0002897359202], [-92.19769025909932, 35.00033317093308], [-92.1975896040751, 35.00037652294609], [-92.1974888960508, 35.000419792958986], [-92.1973881360265, 35.000462978971896], [-92.1972873230023, 35.0005060819848], [-92.197186456978, 35.00054910299771], [-92.1970855399536, 35.00059204001052], [-92.1969845689293, 35.0006348940234], [-92.19688354690491, 35.0006776650362], [-92.19678247288051, 35.000720353049076], [-92.1966813468561, 35.00076295706188], [-92.1965801688317, 35.00080547807468], [-92.1964789388072, 35.000847916087494], [-92.1963776577828, 35.000890271100296], [-92.1962763247583, 35.00093254111311], [-92.1961749407338, 35.00097472912578], [-92.1960735047093, 35.0010168331385], [-92.1959720176847, 35.001058853151214], [-92.19587047966012, 35.00110079016392], [-92.1957688906355, 35.0011426431766], [-92.1956672506109, 35.00118441218931], [-92.1955655605863, 35.001226098201975], [-92.1954638185617, 35.001267700214584], [-92.19536202653701, 35.00130921822729], [-92.1952601845123, 35.0013506522399], [-92.1951582914876, 35.001392002252494], [-92.1950563484629, 35.00143326826511], [-92.1949543544382, 35.001474451277694], [-92.1948523114134, 35.0015155492902], [-92.1947502173887, 35.001556563302685], [-92.1946480743638, 35.00159749331528], [-92.194545880339, 35.00163833932778], [-92.1944436373142, 35.00167910134041], [-92.1943413452893, 35.0017197783529], [-92.1942390032645, 35.00176037236538], [-92.1941366122396, 35.00180088037779], [-92.19403417121471, 35.00184130539031], [-92.1939316811897, 35.0018816454027], [-92.1938291421648, 35.0019219014152], [-92.1937265541398, 35.0019620724276], [-92.1936239171148, 35.00200215943999], [-92.1935212320898, 35.00204216145229], [-92.1934184980648, 35.0020820784648], [-92.1933157150397, 35.00212191147709], [-92.1932128840147, 35.00216166048939], [-92.1931100039896, 35.0022013235017], [-92.1930070759645, 35.002240902514075], [-92.1929040999394, 35.002280396526295], [-92.1928010759142, 35.0023198055386], [-92.1926980048891, 35.00235912955091], [-92.1925948848639, 35.00239836856321], [-92.1924917168387, 35.00243752357538], [-92.1923885018135, 35.00247659258768], [-92.1922852387882, 35.00251557659989], [-92.192181928763, 35.00255447661209], [-92.1920785717377, 35.0025932906243], [-92.1919751667125, 35.002632019636486], [-92.1918717156871, 35.00267066264857], [-92.1917682166618, 35.002709221660794], [-92.1916646706365, 35.0027476946729], [-92.1915610786111, 35.002786082685], [-92.19145743858581, 35.002824385697075], [-92.1913537535604, 35.002862602709214], [-92.1912500205349, 35.00290073472131], [-92.1911462425095, 35.0029387807333], [-92.191042417484, 35.002976741745364], [-92.1909385464586, 35.00301461675738], [-92.1908346294331, 35.00305240676949], [-92.1907306654076, 35.0030901107814], [-92.190626656382, 35.00312772979337], [-92.1905226023565, 35.003165262805396], [-92.1904185013309, 35.0032027098174], [-92.1903143553053, 35.00324007082931], [-92.1902101642797, 35.00327734584119], [-92.1901059272541, 35.003314535853086], [-92.1900016452285, 35.003351639865], [-92.1898973182028, 35.00338865787688], [-92.1897929461772, 35.00342558988879], [-92.1896885291515, 35.003462435900694], [-92.1895840671258, 35.003499194912486], [-92.1894795601, 35.0035358689244], [-92.1893750090743, 35.0035724569362], [-92.1892704130486, 35.00360895894798], [-92.1891657730228, 35.003645373959806], [-92.189061087997, 35.003681702971576], [-92.1889563599712, 35.0037179459833], [-92.1888515869454, 35.003754102995], [-92.18874676991952, 35.00379017300679], [-92.1886419098936, 35.003826157018466], [-92.1885370048677, 35.00386205503022], [-92.1884320568418, 35.00389786604191], [-92.1883270658159, 35.0039335910535], [-92.18822203079, 35.003969229065206], [-92.188116951764, 35.0040047810768], [-92.1880118307381, 35.0040402460885], [-92.187906665712, 35.00407562510009], [-92.1878014576861, 35.00411091611157], [-92.18769620666, 35.00414612212322], [-92.187590913634, 35.0041812401348], [-92.18748557660791, 35.004216272146394], [-92.1873801975819, 35.00425121715789], [-92.1872747765558, 35.00428607516938], [-92.1871693125296, 35.004320846180995], [-92.1870638065035, 35.00435553119249], [-92.1869582584773, 35.0043901282039], [-92.1868526674512, 35.0044246392154], [-92.186747035425, 35.004459063226776], [-92.1866413613988, 35.0044933992382], [-92.1865356453726, 35.0045276492497], [-92.1864298873464, 35.00456181126109], [-92.1863240883201, 35.004595886272504], [-92.1862182472939, 35.0046298742839], [-92.1861123652676, 35.0046637752952], [-92.1860064422413, 35.004697589306595], [-92.1859004782149, 35.00473131531788], [-92.1857944721886, 35.00476495432918], [-92.1856884261623, 35.004798506340485], [-92.1855823391359, 35.004831971351805], [-92.18547621110952, 35.00486534836298], [-92.1853700420831, 35.004898637374275], [-92.1852638340567, 35.004931839385506], [-92.1851575840303, 35.00496495439678], [-92.1850512950038, 35.00499798140801], [-92.1849449649773, 35.00503092141918], [-92.1848385949508, 35.0050637724304], [-92.1847321849243, 35.00509653744148], [-92.1846257358978, 35.005129213452705], [-92.1845192458713, 35.00516180246378], [-92.1844127168447, 35.0051943034749], [-92.1843061488181, 35.00522671748611], [-92.1841995407916, 35.00525904349711], [-92.1840928937649, 35.00529128050821], [-92.1839862067383, 35.00532343051929], [-92.1838794807117, 35.00535549253029], [-92.183772716685, 35.00538746754139], [-92.1836659126584, 35.005419353552405], [-92.1835590706317, 35.005451151563406], [-92.183452189605, 35.0054828615744], [-92.1833452705782, 35.0055144835853], [-92.1832383125515, 35.0055460175963], [-92.1831313155248, 35.00557746360719], [-92.183024281498, 35.00560882161808], [-92.1829172084713, 35.00564009162909], [-92.1828100974444, 35.00567127264], [-92.1827029494176, 35.0057023656509], [-92.1825957623908, 35.005733370661694], [-92.1824885383639, 35.005764287672484], [-92.1823812763371, 35.005795115683284], [-92.1822739773102, 35.00582585569419], [-92.1821666402833, 35.005856506705015], [-92.1820592662564, 35.00588706971579], [-92.18195185522941, 35.005917544726486], [-92.1818444072025, 35.00594793073727], [-92.1817369221755, 35.005978227747995], [-92.1816294001485, 35.00600843775879], [-92.1815218411216, 35.00603855776949], [-92.18141424609452, 35.006068589780085], [-92.1813066140675, 35.006098532790794], [-92.1811989460405, 35.00612838780148], [-92.1810912410134, 35.006158152812105], [-92.1809834999863, 35.006187830822796], [-92.1808757229593, 35.0062174188334], [-92.1807679099322, 35.00624691784402], [-92.180660061905, 35.0062763288546], [-92.1805521768779, 35.00630565086521], [-92.1804442568508, 35.006334883875795], [-92.1803363008236, 35.0063640278863], [-92.1802283097964, 35.006393082896786], [-92.1801202827692, 35.00642204990729], [-92.180012221742, 35.0064509269178], [-92.1799041247148, 35.00647971492831], [-92.1797959926875, 35.00650841393869], [-92.1796878256602, 35.00653702394919], [-92.179579624633, 35.00656554495959], [-92.1794713876057, 35.0065939769701], [-92.1793631165784, 35.00662231998049], [-92.1792548115511, 35.006650572990786], [-92.1791464715237, 35.006678737001195], [-92.17903809849642, 35.0067068120116], [-92.17892968946902, 35.00673479802191], [-92.1788212474416, 35.00676269403229], [-92.1787127714142, 35.00679050204249], [-92.1786042623868, 35.00681821905281], [-92.1784957183593, 35.0068458480631], [-92.17838714133191, 35.00687338607331], [-92.1782785303045, 35.00690083608356], [-92.178169886277, 35.006928196093796], [-92.1780612092495, 35.006955466104095], [-92.177952499222, 35.00698264711427], [-92.1778437551945, 35.00700973912441], [-92.1777349791669, 35.007036740134595], [-92.1776261691394, 35.007063653144684], [-92.1775173271118, 35.0070904751549], [-92.1774084530843, 35.007117208164985], [-92.1772995460566, 35.0071438511751], [-92.1771906060291, 35.0071704051852], [-92.1770816340014, 35.007196868195194], [-92.1769726299738, 35.00722324220529], [-92.1768635939461, 35.00724952721538], [-92.1767545259185, 35.00727572122539], [-92.1766454268908, 35.007301825235395], [-92.1765362948631, 35.0073278402454], [-92.1764271318354, 35.007353765255424], [-92.1763179368076, 35.00737959926529], [-92.1762087107799, 35.00740534427528], [-92.1760994527522, 35.007430999285184], [-92.1759901647244, 35.007456564295076], [-92.1758808446966, 35.00748203930499], [-92.1757714936688, 35.0075074233149], [-92.175662112641, 35.007532718324796], [-92.1755526996131, 35.00755792333469], [-92.1754432565853, 35.007583037344496], [-92.1753337835574, 35.0076080613543], [-92.1752242795296, 35.007632995364105], [-92.17511474550172, 35.00765783937379], [-92.1750051804738, 35.00768259338372], [-92.1748955864459, 35.00770725639342], [-92.174785961418, 35.0077318294032], [-92.17467630739, 35.00775631241289], [-92.174566622362, 35.0077807054226], [-92.1744569093341, 35.007805007432275], [-92.1743471653061, 35.00782921844188], [-92.1742373922781, 35.007853340451575], [-92.1741275902501, 35.00787737146119], [-92.174017759222, 35.007901311470896], [-92.173907898194, 35.00792516148049], [-92.173798009166, 35.007948921490076], [-92.1736880901379, 35.0079725894997], [-92.17357814310981, 35.00799616850919], [-92.1734681670817, 35.008019656518705], [-92.1733581630536, 35.0080430535283], [-92.1732481300255, 35.00806635953778], [-92.1731380689973, 35.00808957554729], [-92.1730279799692, 35.00811270155679], [-92.172917861941, 35.00813573556619], [-92.1728077169129, 35.008158679575686], [-92.17269754288472, 35.00818153258519], [-92.1725873418564, 35.0082042955945], [-92.1724771138282, 35.00822696660389], [-92.17236685680001, 35.008249547613296], [-92.1722565727718, 35.0082720376227], [-92.1721462617435, 35.00829443663208], [-92.1720359237152, 35.0083167446414], [-92.1719255576869, 35.0083389626507], [-92.1718151656586, 35.008361088659996], [-92.1717047456303, 35.00838312366928], [-92.1715942996019, 35.008405068678584], [-92.1714838265736, 35.00842692168781], [-92.1713733275453, 35.008448684697115], [-92.1712628015169, 35.008470356706304], [-92.1711522494885, 35.008491936715494], [-92.1710416704601, 35.00851342572469], [-92.1709310654317, 35.008534824733886], [-92.17082043540331, 35.00855613174299], [-92.1707097783748, 35.008577347752194], [-92.1705990963464, 35.00859847276129], [-92.1704883883179, 35.0086195057704], [-92.1703776552895, 35.0086404487795], [-92.1702668962609, 35.00866129978848], [-92.1701561112325, 35.0086820597976], [-92.170045302204, 35.00870272880658], [-92.1699344671755, 35.00872330681569], [-92.1698236071469, 35.0087437928247], [-92.1697127231184, 35.008764187833705], [-92.1696018130898, 35.00878449084269], [-92.1694908790612, 35.00880470285159], [-92.1693799210326, 35.00882482386061], [-92.169268938004, 35.00884485386948], [-92.1691579299754, 35.0088647918784], [-92.1690468979468, 35.00888463788729], [-92.1689358429181, 35.0089043928962], [-92.1688247628895, 35.0089240569051], [-92.1687136588608, 35.0089436289139], [-92.1686025318321, 35.0089631089227], [-92.1684913808034, 35.008982497931584], [-92.1683802057747, 35.009001795940286], [-92.168269007746, 35.0090210019491], [-92.1681577857173, 35.009040115957895], [-92.1680465416885, 35.0090591389666], [-92.1679352736598, 35.0090780699753], [-92.167823982631, 35.00909690898413], [-92.16771266860222, 35.009115655992815], [-92.1676013325734, 35.009134312001386], [-92.1674899735446, 35.00915287701009], [-92.1673785915158, 35.0091713490187], [-92.167267187487, 35.00918973002739], [-92.1671557604581, 35.009208019036], [-92.1670443114293, 35.00922621604461], [-92.1669328404004, 35.00924432205308], [-92.1668213483715, 35.0092623350618], [-92.1667098333426, 35.0092802570703], [-92.1665982963137, 35.0092980870788], [-92.1664867382848, 35.0093158250873], [-92.1663751582559, 35.00933347109579], [-92.166263557227, 35.009351025104294], [-92.166151935198, 35.009368487112795], [-92.166040291169, 35.00938585712119], [-92.1659286261401, 35.00940313612959], [-92.165816941111, 35.009420322137984], [-92.1657052340821, 35.009437416146476], [-92.1655935060531, 35.0094544191548], [-92.165481758024, 35.00947132916319], [-92.165369989995, 35.009488147171574], [-92.16525820096601, 35.009504873179885], [-92.1651463909369, 35.00952150718817], [-92.1650345619078, 35.009538049196486], [-92.16492271187872, 35.00955449920478], [-92.1648108418496, 35.009570857212985], [-92.1646989528206, 35.009587123221294], [-92.1645870427915, 35.0096032962295], [-92.1644751137623, 35.00961937723769], [-92.16436316573322, 35.009635366245924], [-92.16425119770402, 35.00965126325409], [-92.1641392106748, 35.0096670672622], [-92.1640272036457, 35.009682780270396], [-92.1639151786165, 35.00969840027851], [-92.1638031335873, 35.0097139272866], [-92.1636910705581, 35.00972936329471], [-92.1635789885289, 35.00974470630278], [-92.1634668874996, 35.0097599573108], [-92.1633547684704, 35.0097751153189], [-92.1632426304411, 35.009790181326984], [-92.1631304744119, 35.00980515533491], [-92.1630183003826, 35.009820037342905], [-92.1629061083533, 35.009834826350904], [-92.162793898324, 35.00984952235888], [-92.1626816702947, 35.00986412636679], [-92.1625694242654, 35.009878638374694], [-92.162457161236, 35.0098930573826], [-92.1623448802067, 35.00990738439049], [-92.1622325821774, 35.00992161839835], [-92.162120266148, 35.00993576040629], [-92.1620079341186, 35.0099498094141], [-92.1618955840892, 35.0099637654219], [-92.1617832170598, 35.009977630429695], [-92.1616708340305, 35.009991401437496], [-92.161558433001, 35.01000508044528], [-92.1614460159716, 35.01001866745299], [-92.1613335829421, 35.010032160460796], [-92.1612211329127, 35.01004556146851], [-92.1611086668832, 35.010058870476186], [-92.1609961848538, 35.010072086483895], [-92.1608836868242, 35.01008520949161], [-92.16077117279481, 35.01009824049919], [-92.1606586427653, 35.01011117850678], [-92.1605460967357, 35.01012402351448], [-92.1604335357062, 35.01013677552202], [-92.1603209586767, 35.01014943552969], [-92.1602083666472, 35.01016200253719], [-92.1600957596176, 35.0101744765447], [-92.159983136588, 35.0101868585523], [-92.1598704995584, 35.01019914755981], [-92.1597578465289, 35.01021134356727], [-92.1596451794993, 35.0102234465748], [-92.1595324974697, 35.010235456582194], [-92.1594198014401, 35.01024737458968], [-92.1593070904104, 35.0102591995972], [-92.1591943643808, 35.0102709306045], [-92.1590816253511, 35.010282569612016], [-92.15896887132152, 35.01029411661928], [-92.1588561042918, 35.010305569626695], [-92.15874332226211, 35.010316929633994], [-92.1586305272324, 35.0103281976413], [-92.1585177182027, 35.01033937164861], [-92.158404895173, 35.01035045365589], [-92.1582920591433, 35.0103614426632], [-92.1581792101136, 35.01037233767038], [-92.1580663470838, 35.01038314067769], [-92.1579534720541, 35.01039385068499], [-92.1578405830243, 35.01040446769212], [-92.1577276809945, 35.01041499169931], [-92.1576147669648, 35.01042542270648], [-92.157501839935, 35.01043576071369], [-92.1573889009052, 35.01044600472082], [-92.1572759488754, 35.0104561567279], [-92.1571629848456, 35.010466215734986], [-92.1570500078157, 35.010476181742085], [-92.1569370197859, 35.0104860537492], [-92.1568240187561, 35.01049583375619], [-92.1567110067262, 35.010505519763186], [-92.1565979826963, 35.010515113770175], [-92.1564849466664, 35.01052461377729], [-92.1563718996366, 35.0105340207843], [-92.1562588406067, 35.01054333479121], [-92.1561457705768, 35.01055255579819], [-92.1560326895468, 35.010561683805086], [-92.1559195975169, 35.010570718812], [-92.155806494487, 35.01057965981881], [-92.1556933804571, 35.01058850882581], [-92.1555802564271, 35.010597263832615], [-92.1554671203972, 35.0106059258394], [-92.1553539753672, 35.010614494846195], [-92.1552408193373, 35.01062296985311], [-92.1551276523072, 35.0106313528599], [-92.1550144762773, 35.0106396418667], [-92.1549012892472, 35.0106478378734], [-92.1547880922172, 35.01065594088009], [-92.15467488618721, 35.01066394988689], [-92.1545616701572, 35.010671865893585], [-92.1544484441272, 35.01067968890018], [-92.1543352090971, 35.0106874189069], [-92.154221965067, 35.01069505491349], [-92.154108711037, 35.01070259792018], [-92.15399544800691, 35.010710047926786], [-92.1538821769768, 35.01071740493339], [-92.1537688959467, 35.010724667939904], [-92.1536556059166, 35.01073183794649], [-92.1535423078865, 35.0107389149531], [-92.1534290008564, 35.010745897959595], [-92.1533156858262, 35.01075278796609], [-92.1532023617961, 35.010759584972604], [-92.1530890307659, 35.010766287979095], [-92.1529756907358, 35.0107728979855], [-92.1528623427056, 35.010779413992005], [-92.1527489866755, 35.01078583799839], [-92.1526356226453, 35.01079216700481], [-92.1525222516151, 35.01079840401118], [-92.1524088735849, 35.010804547017514], [-92.1522954865547, 35.01081059702389], [-92.1521820935245, 35.010816553030196], [-92.1520686924943, 35.0108224160365], [-92.15195528446401, 35.01082818504279], [-92.15184187043381, 35.01083386104909], [-92.1517284484036, 35.0108394440554], [-92.1516150203733, 35.010844933061584], [-92.151501585343, 35.0108503290678], [-92.1513881433128, 35.010855631074], [-92.1512746952825, 35.01086084008021], [-92.1511612412522, 35.01086595608639], [-92.1510477812219, 35.0108709780926], [-92.1509343141916, 35.01087590609869], [-92.1508208421613, 35.010880741104806], [-92.150707364131, 35.01088548311089], [-92.1505938801007, 35.01089013111701], [-92.1504803900703, 35.01089468612309], [-92.15036689504, 35.01089914712912], [-92.1502533950096, 35.01090351513519], [-92.1501398889793, 35.010907789141214], [-92.1500263789489, 35.01091197014719], [-92.14991286291851, 35.01091605715308], [-92.1497993418882, 35.010920051159076], [-92.1496858158578, 35.010923951165], [-92.1495722858274, 35.01092775717098], [-92.149458750797, 35.01093147117689], [-92.14934521176662, 35.010935090182805], [-92.1492316677362, 35.01093861618859], [-92.1491181197058, 35.01094204919447], [-92.1490045676753, 35.010945388200305], [-92.1488910116449, 35.01094863420609], [-92.1487774516144, 35.010951786211905], [-92.148663888584, 35.010954844217686], [-92.1485503205535, 35.01095780922349], [-92.148436749523, 35.0109606802292], [-92.1483231754926, 35.010963458235], [-92.1482095974621, 35.010966143240694], [-92.1480960164316, 35.01096873324641], [-92.1479824324011, 35.01097123125208], [-92.1478688453706, 35.0109736342577], [-92.14775525534, 35.010975944263386], [-92.1476416633095, 35.010978161268895], [-92.147528068279, 35.01098028427461], [-92.1474144702485, 35.01098231328018], [-92.147300870218, 35.01098424928571], [-92.1471872671874, 35.01098609129131], [-92.1470736621568, 35.01098784029679], [-92.1469600561263, 35.01098949530233], [-92.1468464470957, 35.0109910563078], [-92.1467328360651, 35.01099252431328], [-92.1466192240345, 35.010993899318706], [-92.146505610004, 35.010995179324205], [-92.1463919939733, 35.01099636732958], [-92.1462783779428, 35.010997460334984], [-92.1461647599122, 35.01099846034042], [-92.1460511398815, 35.0109993673458], [-92.1459375198509, 35.011000180351196], [-92.14582389882031, 35.01100089935649], [-92.1457102767897, 35.01100152436181], [-92.145596653759, 35.0110020573671], [-92.1454830307283, 35.01100249537241], [-92.1453694066977, 35.011002840377685], [-92.1452557816671, 35.01100309138288], [-92.1451421576363, 35.01100324938808], [-92.1450285326057, 35.0110033133934], [-92.1450074776, 35.011003315394284]]]}, "properties": {"OBJECTID": 889, "GLOBAL_ID": "4A2CA856-F410-4D23-B99D-378820676D16", "IDENT": "LRF", "ICAO_ID": "KLRF", "NAME": "LITTLE ROCK AFB CLASS D", "UPPER_DESC": "TI", "UPPER_VAL": 2800, "UPPER_UOM": "FT", "UPPER_CODE": "MSL", "LOWER_DESC": null, "LOWER_VAL": 0, "LOWER_UOM": "FT", "LOWER_CODE": "SFC", "TYPE_CODE": "CLASS", "LOCAL_TYPE": "CLASS_D", "CLASS": "D", "MIL_CODE": "CIVIL", "COMM_NAME": null, "LEVEL_": "L", "SECTOR": null, "ONSHORE": "1", "EXCLUSION": "0", "WKHR_CODE": "NOTAM", "WKHR_RMK": "Legal description references NOTAM", "DST": null, "GMTOFFSET": null, "CONT_AGENT": null, "CITY": "LITTLE ROCK", "STATE": "AR", "COUNTRY": "", "ADHP_ID": "F7BC5001-BB8C-4DA7-AD41-44B4F0EFEFE8", "US_HIGH": 0, "AK_HIGH": 0, "AK_LOW": 0, "US_LOW": 1, "US_AREA": 0, "PACIFIC": 0, "Shape__Area": 0.033332951604961636, "Shape__Length": 0.6517710758288131, "layer": "FAA surface airspace"}}, {"type": "Feature", "geometry": {"type": "Polygon", "coordinates": [[[-92.2236938224855, 34.645983197400604], [-92.22587462707301, 34.64598319730259], [-92.2280549236628, 34.646022069212194], [-92.2302337012548, 34.64609979612938], [-92.2324099458486, 34.6462163410541], [-92.234582646444, 34.6463716499866], [-92.2367507920407, 34.6465656509268], [-92.2389133756385, 34.64679825387459], [-92.241069392237, 34.64706934983019], [-92.243217839836, 34.64737881279349], [-92.2453577194352, 34.6477265007647], [-92.2474880360342, 34.64811224974359], [-92.249607799633, 34.64853588273031], [-92.25171602423102, 34.6489972007248], [-92.2538117308282, 34.649495989727086], [-92.2558939434242, 34.65003201973729], [-92.2579616950187, 34.65060503875519], [-92.2600140236115, 34.651214782780876], [-92.26204997520232, 34.65186096681438], [-92.2640686027907, 34.652543290855604], [-92.2660689673766, 34.65326143790458], [-92.26805013795972, 34.654015073961304], [-92.2700111945397, 34.65480384902571], [-92.2719512231163, 34.65562739509779], [-92.2738693216892, 34.6564853311775], [-92.2757645972582, 34.65737725726468], [-92.2776361688231, 34.65830275835959], [-92.2794831653835, 34.659261404461894], [-92.2813047259392, 34.66025275057169], [-92.28310000349002, 34.66127633368878], [-92.2848681620356, 34.6623316798134], [-92.2866083785757, 34.663418296945196], [-92.2883198421101, 34.664535680084185], [-92.2900017556385, 34.66568331023039], [-92.2916533361608, 34.66686065238369], [-92.2932738126765, 34.668067159544016], [-92.2948624321857, 34.669302270711285], [-92.2964184526879, 34.67056541088542], [-92.2979411501829, 34.6718559920664], [-92.2994298136706, 34.673173415254006], [-92.3008837481506, 34.67451706644818], [-92.3023022776228, 34.675886320648985], [-92.303684740087, 34.6772805408562], [-92.3050304885429, 34.6786990780698], [-92.3063388959902, 34.6801412722895], [-92.307609352429, 34.68160645351539], [-92.3088412628588, 34.683093937747394], [-92.3100340532796, 34.684603034985194], [-92.311187166691, 34.68613304122889], [-92.312300063093, 34.687683245478176], [-92.3133722224853, 34.68925292473319], [-92.3144031428677, 34.690841348993494], [-92.31539234324022, 34.692447779259304], [-92.3163393606024, 34.6940714675302], [-92.31724374995432, 34.695711657806285], [-92.3181050902956, 34.69736758608729], [-92.3189229756263, 34.69903848137309], [-92.3196970229461, 34.70072356566368], [-92.3204268692549, 34.7024220539588], [-92.3211121725526, 34.70413315525839], [-92.3217526108389, 34.7058560735622], [-92.3223478831139, 34.7075900048702], [-92.3228977073774, 34.70933414318209], [-92.3234018266292, 34.711087674498], [-92.3238600028692, 34.712849782817486], [-92.3242720200973, 34.71461964714069], [-92.3246376813134, 34.71639644246721], [-92.3249568155174, 34.718179341796976], [-92.3252292697092, 34.719967512129884], [-92.3254549138887, 34.72176012246578], [-92.3256336410559, 34.7235563368045], [-92.3257653632106, 34.725355317145784], [-92.3258500173527, 34.7271562264895], [-92.3258875594824, 34.72895822383568], [-92.3258779705993, 34.730760470183995], [-92.32582125170352, 34.73256212453429], [-92.325717424795, 34.7343623478864], [-92.3255665368736, 34.73616029924019], [-92.3253686549394, 34.73795514259549], [-92.3251238669924, 34.73974603895219], [-92.3248322860325, 34.74153215430999], [-92.3244940430596, 34.7433126556689], [-92.3241092950738, 34.74508671202857], [-92.323678216075, 34.746853496388994], [-92.3232010060634, 34.748612183749884], [-92.3226778840388, 34.750361955111195], [-92.3221090920012, 34.75210199347261], [-92.3214948909508, 34.753831486834095], [-92.3208355648874, 34.75554962819539], [-92.3201314198112, 34.757255615556296], [-92.3193827807222, 34.758948653916796], [-92.3185899936204, 34.76062795327672], [-92.3177534275058, 34.76229272863571], [-92.3168734693785, 34.76394220399371], [-92.3159505272387, 34.765575609350506], [-92.3149850290862, 34.767192181706], [-92.3139774239212, 34.768791167060115], [-92.3129281787439, 34.770371818412514], [-92.31183778155422, 34.77193339876301], [-92.3107067393522, 34.773475178111575], [-92.3095355781381, 34.77499643645799], [-92.3083248409119, 34.77649646480219], [-92.3070750936737, 34.777974562143896], [-92.3057869154237, 34.7794300374829], [-92.3044609081619, 34.78086221181917], [-92.3030976868886, 34.78227041615249], [-92.3016978876037, 34.783653992482776], [-92.3002621613075, 34.78501229480978], [-92.298791179, 34.78634468813332], [-92.2972856246815, 34.7876505514534], [-92.2957461993521, 34.788929273769796], [-92.2941736230119, 34.79018025808228], [-92.292568625661, 34.7914029193908], [-92.29093195829971, 34.79259668669509], [-92.2892643839281, 34.79376100199528], [-92.2875666795464, 34.794895322290984], [-92.2858396381548, 34.79599911658199], [-92.2840840647534, 34.7970718698685], [-92.2823007793424, 34.79811307915009], [-92.280490612922, 34.799122260426785], [-92.2786544124925, 34.80009893969829], [-92.2767930350539, 34.80104266196467], [-92.2749073476066, 34.8019529852257], [-92.27299823315072, 34.80282948548129], [-92.2710665826864, 34.80367175173128], [-92.269113298214, 34.804479389975484], [-92.2671392917337, 34.805252024214084], [-92.2651454852456, 34.80598929144662], [-92.2631328117501, 34.806690848673206], [-92.2611022102473, 34.8073563668936], [-92.25905462973762, 34.80798553610779], [-92.256991028221, 34.8085780603156], [-92.254912368698, 34.80913366451699], [-92.2528196241686, 34.8096520877118], [-92.2507137716332, 34.81013308889998], [-92.248595796092, 34.81057644108159], [-92.2464666875453, 34.810981938256305], [-92.2443274399933, 34.8113493914241], [-92.2421790554363, 34.81167862758511], [-92.2400225378745, 34.8119694927389], [-92.2378588953082, 34.8122218518857], [-92.2356891387376, 34.81243558702528], [-92.2335142831631, 34.81261059715761], [-92.2313353455849, 34.81274680128269], [-92.2291533450033, 34.81284413540029], [-92.2269693014185, 34.8129025545106], [-92.2247842358308, 34.8129220296134], [-92.2225991702405, 34.8129025547087], [-92.2204151266479, 34.81284413579639], [-92.2182331260532, 34.81274680187649], [-92.2160541884568, 34.81261059794899], [-92.2138793328588, 34.812435588013685], [-92.2117095762596, 34.81222185307082], [-92.2095459336595, 34.811969494120184], [-92.2073894150587, 34.8116786291617], [-92.2052410304576, 34.81134939319549], [-92.2031017838564, 34.81098194022159], [-92.2009726752553, 34.81057644323968], [-92.1988546986548, 34.810133091250115], [-92.196748846055, 34.8096520902527], [-92.1946561014561, 34.809133667247494], [-92.1925774428586, 34.8085780632344], [-92.1905138402628, 34.80798553921339], [-92.1884662606688, 34.80735637018471], [-92.1864356590769, 34.80669085214819], [-92.1844229844875, 34.80598929510391], [-92.1824291789008, 34.805252028051896], [-92.18045517231701, 34.8044793939921], [-92.1785018877366, 34.8036717559246], [-92.1765702361596, 34.802829489849415], [-92.1746611215864, 34.80195298976658], [-92.1727754350174, 34.80104266667619], [-92.1709140564526, 34.800098944578195], [-92.1690778558924, 34.7991222654727], [-92.1672676903371, 34.79811308435971], [-92.1654844047869, 34.79707187523929], [-92.1637288312421, 34.79599912211158], [-92.1620017887029, 34.7948953279765], [-92.1603040841696, 34.793761007834306], [-92.1586365096425, 34.792596692684796], [-92.1569998421217, 34.791402925528196], [-92.1553948456076, 34.79018026436459], [-92.15382226810031, 34.788929280194075], [-92.1522828436001, 34.787650558016594], [-92.1507772891073, 34.786344694832394], [-92.149306305622, 34.7850123016415], [-92.1478705801445, 34.783653999444], [-92.1464707806751, 34.7822704232399], [-92.1451075592139, 34.78086221902941], [-92.1437815507611, 34.779430044812585], [-92.1424933733171, 34.777974569589496], [-92.1412436248818, 34.776496472360286], [-92.1400328884557, 34.77499644412509], [-92.1388617270389, 34.7734751858839], [-92.1377306846315, 34.771933406637004], [-92.1366402872338, 34.7703718263844], [-92.1355910418459, 34.768791175126296], [-92.1345834364681, 34.7671921898626], [-92.1336179381005, 34.76557561759369], [-92.1326949957432, 34.763942212319584], [-92.1318150363965, 34.76229273704039], [-92.13097847006051, 34.76062796175628], [-92.1301856837354, 34.75894866246728], [-92.1294370444213, 34.757255624173794], [-92.1287328991183, 34.7555496368756], [-92.1280735728267, 34.7538314955731], [-92.1274593715465, 34.752102002266405], [-92.1268905782778, 34.7503619639555], [-92.1263674560209, 34.74861219264069], [-92.1258902457758, 34.746853505322], [-92.1254591675425, 34.7450867209997], [-92.1250744183214, 34.74331266467392], [-92.1247361761123, 34.7415321633448], [-92.1244445939155, 34.73974604801239], [-92.124199806731, 34.73795515167689], [-92.12400192455901, 34.73616030833857], [-92.1238510353993, 34.73436235699751], [-92.1237472092523, 34.73256213365389], [-92.123690489118, 34.7307604793079], [-92.1236808999963, 34.7289582329596], [-92.1237184428873, 34.727156235609215], [-92.1238030957912, 34.725355326256896], [-92.1239348187078, 34.72355634590278], [-92.1241135446374, 34.72176013154709], [-92.1243391895799, 34.719967521190085], [-92.1246116435353, 34.718179350831704], [-92.1249307765036, 34.71639645147233], [-92.125296438485, 34.71461965611191], [-92.1257084544792, 34.71284979175079], [-92.1261666304865, 34.7110876833891], [-92.1266707495068, 34.70933415202689], [-92.12722057454, 34.70759001366459], [-92.1278158455861, 34.70585608230209], [-92.1284562836452, 34.704133163939794], [-92.1291415867172, 34.7024220625777], [-92.129871433802, 34.700723574216006], [-92.1306454808996, 34.6990384898549], [-92.1314633660101, 34.69736759449468], [-92.1323247051332, 34.69571166613541], [-92.1332290952689, 34.69407147577709], [-92.1341761114173, 34.692447787420086], [-92.1351653115782, 34.6908413570646], [-92.1361962327515, 34.689252932710694], [-92.1372683919373, 34.6876832533585], [-92.1383812881352, 34.686133049008305], [-92.1395344003454, 34.68460304266018], [-92.1407271905676, 34.68309394531439], [-92.1419591018018, 34.681606460970876], [-92.1432295570479, 34.68014127963009], [-92.1445379653057, 34.67869908529198], [-92.1458837135752, 34.6772805479568], [-92.1472661748561, 34.675886327624696], [-92.1486847041484, 34.6745170732957], [-92.150138639452, 34.6731734219702], [-92.1516273027666, 34.6718559986482], [-92.1531499990922, 34.670565417329776], [-92.1547060204286, 34.669302277015206], [-92.1562946387756, 34.66806716570469], [-92.1579151161331, 34.6668606583982], [-92.1595666965008, 34.66568331609598], [-92.1612486098787, 34.6645356857982], [-92.1629600732666, 34.663418302504894], [-92.1647002886642, 34.6623316852163], [-92.1664684470714, 34.6612763389324], [-92.1682637244879, 34.66025275565349], [-92.1700852859137, 34.65926140937971], [-92.1719322813485, 34.65830276311118], [-92.1738038527921, 34.657377261847785], [-92.1756991292442, 34.65648533558999], [-92.1776172277048, 34.65562739933758], [-92.1795572561735, 34.65480385309098], [-92.1815183116501, 34.6540150778502], [-92.1834994831345, 34.65326144161521], [-92.1854998476264, 34.6525432943863], [-92.1875184741255, 34.65186097016349], [-92.18955442563161, 34.65121478594702], [-92.1916067541445, 34.6506050417367], [-92.19367450566412, 34.650032022532905], [-92.1957567191899, 34.64949599233559], [-92.1978524247218, 34.648997203144894], [-92.1999606502595, 34.648535884960786], [-92.2020804128028, 34.6481122517836], [-92.2042107293514, 34.64772650261321], [-92.20635060890511, 34.6473788144498], [-92.2084990564636, 34.6470693512934], [-92.2106550730266, 34.646798255143985], [-92.2128176575939, 34.64656565200187], [-92.2149858031653, 34.64637165086698], [-92.2171585037404, 34.6462163417393], [-92.2193347473189, 34.646099796619], [-92.2215135249008, 34.646022069506], [-92.2236938224855, 34.645983197400604]]]}, "properties": {"OBJECTID": 5196, "GLOBAL_ID": "077974F1-8947-46C5-AD28-CF04884BE22A", "IDENT": "LIT", "ICAO_ID": "KLIT", "NAME": "LITTLE ROCK, ADAMS FIELD CLASS C", "UPPER_DESC": "TI", "UPPER_VAL": 4300, "UPPER_UOM": "FT", "UPPER_CODE": "MSL", "LOWER_DESC": null, "LOWER_VAL": 0, "LOWER_UOM": "FT", "LOWER_CODE": "SFC", "TYPE_CODE": "CLASS", "LOCAL_TYPE": "CLASS_C", "CLASS": "C", "MIL_CODE": "CIV", "COMM_NAME": null, "LEVEL_": "L", "SECTOR": null, "ONSHORE": "1", "EXCLUSION": "0", "WKHR_CODE": "H24", "WKHR_RMK": null, "DST": null, "GMTOFFSET": null, "CONT_AGENT": "<Null>", "CITY": "LITTLE ROCK", "STATE": "AR", "COUNTRY": "", "ADHP_ID": "8FBCF8C3-B29D-470D-B4AF-93E8218EDFD5", "US_HIGH": 0, "AK_HIGH": 0, "AK_LOW": 0, "US_LOW": 1, "US_AREA": 0, "PACIFIC": 0, "Shape__Area": 0.02651125744591809, "Shape__Length": 0.5811789840977667, "layer": "FAA surface airspace"}}, {"type": "Feature", "geometry": {"type": "Polygon", "coordinates": [[[-92.1450074776, 35.011003315394284], [-92.1448938525693, 35.01100326839948], [-92.1447802285387, 35.01100312840459], [-92.1446666045079, 35.0110028944098], [-92.1445529804772, 35.01100256641496], [-92.1444393564465, 35.011002145419994], [-92.1443257334158, 35.0110016304252], [-92.1442121113851, 35.0110010224303], [-92.1440984903544, 35.011000320435286], [-92.1439848693236, 35.010999524440294], [-92.1438712502929, 35.01099863544529], [-92.1437576322621, 35.01099765345041], [-92.1436440142314, 35.010996576455284], [-92.1435303992006, 35.01099540746029], [-92.1434167841699, 35.01099414346528], [-92.1433031721391, 35.010992786470204], [-92.1431895611083, 35.01099133547509], [-92.1430759520775, 35.01098979147998], [-92.1429623450468, 35.01098815448499], [-92.142848740016, 35.010986422489786], [-92.1427351369852, 35.01098459749469], [-92.1426215359544, 35.0109826794994], [-92.1425079379236, 35.01098066750429], [-92.14239434189281, 35.0109785615091], [-92.1422807488619, 35.010976362513816], [-92.1421671578311, 35.01097406951861], [-92.1420535708003, 35.01097168352329], [-92.1419399857694, 35.010969203528006], [-92.1418264047386, 35.01096663053269], [-92.1417128267078, 35.010963963537414], [-92.1415992516769, 35.01096120254209], [-92.141485679646, 35.01095834854669], [-92.1413721116152, 35.010955401551286], [-92.1412585465843, 35.010952359555986], [-92.1411449865534, 35.010949225560594], [-92.1410314295226, 35.0109459975651], [-92.14091787649171, 35.0109426755697], [-92.14080432846082, 35.01093926057417], [-92.1406907834298, 35.01093575157871], [-92.140577243399, 35.010932148583194], [-92.1404637073681, 35.010928453587695], [-92.1403501763371, 35.010924663592185], [-92.1402366503062, 35.010920780596585], [-92.1401231282753, 35.010916804600996], [-92.1400096112444, 35.010912734605476], [-92.1398961002135, 35.010908571609896], [-92.1397825931825, 35.01090431461432], [-92.1396690921515, 35.010899963618606], [-92.1395555961206, 35.01089552062289], [-92.1394421050897, 35.010890982627195], [-92.1393286200587, 35.01088635163159], [-92.1392151410277, 35.010881627635804], [-92.1391016669968, 35.01087680964012], [-92.1389881999658, 35.01087189864428], [-92.1388747379348, 35.010866893648604], [-92.1387612829039, 35.010861795652794], [-92.13864783387291, 35.0108566046569], [-92.1385343908419, 35.01085131966108], [-92.1384209548109, 35.01084594066521], [-92.1383075257799, 35.0108404686694], [-92.1381941027489, 35.0108349036735], [-92.1380806867179, 35.0108292446776], [-92.1379672776869, 35.01082349268169], [-92.1378538756559, 35.010817646685794], [-92.1377404806248, 35.010811707689875], [-92.1376270925938, 35.01080567569378], [-92.1375137125628, 35.01079954969788], [-92.1374003395318, 35.010793330701894], [-92.1372869745007, 35.0107870187058], [-92.1371736174697, 35.010780612709695], [-92.1370602684386, 35.01077411271368], [-92.1369469264076, 35.0107675207176], [-92.1368335933765, 35.010760834721495], [-92.1367202683454, 35.01075405472541], [-92.1366069513144, 35.010747182729204], [-92.1364936432833, 35.01074021673308], [-92.1363803432522, 35.0107331567369], [-92.1362670522212, 35.0107260047407], [-92.1361537701901, 35.01071875874449], [-92.136040496159, 35.01071141974829], [-92.1359272321279, 35.01070398675209], [-92.1358139760968, 35.0106964607557], [-92.1357007300657, 35.01068884175949], [-92.1355874930346, 35.0106811297631], [-92.1354742660036, 35.010673323766795], [-92.1353610479724, 35.01066542477048], [-92.1352478399413, 35.010657432774195], [-92.1351346409102, 35.010649346777676], [-92.1350214528791, 35.01064116878139], [-92.134908274848, 35.010632896785], [-92.1347951058169, 35.01062453178851], [-92.1346819477857, 35.01061607279208], [-92.1345688007546, 35.0106075217956], [-92.1344556627234, 35.0105988767991], [-92.1343425366923, 35.010590138802606], [-92.1342294206612, 35.010581307806106], [-92.1341163156301, 35.0105723838095], [-92.1340032215989, 35.010563365813], [-92.13389013756772, 35.01055425581637], [-92.1337770655366, 35.0105450518198], [-92.1336640055054, 35.0105357548232], [-92.1335509554743, 35.01052636482648], [-92.1334379184431, 35.01051688182991], [-92.1333248914119, 35.0105073058332], [-92.1332118773807, 35.0104976368365], [-92.1330988743495, 35.0104878748398], [-92.1329858833184, 35.01047801884311], [-92.1328729052872, 35.01046807084631], [-92.132759938256, 35.01045802884961], [-92.1326469842248, 35.01044789485279], [-92.1325340421937, 35.01043766685591], [-92.1324211131625, 35.01042734585909], [-92.1323081961312, 35.010416932862285], [-92.1321952931, 35.0104064258654], [-92.1320824020688, 35.01039582586863], [-92.1319695230377, 35.01038513387169], [-92.1318566580065, 35.010374347874794], [-92.1317438069753, 35.01036346987778], [-92.131630967944, 35.010352497880916], [-92.1315181429128, 35.010341433883895], [-92.1314053318816, 35.01033027588689], [-92.1312925338504, 35.010319025889885], [-92.1311797498192, 35.01030768289289], [-92.1310669787879, 35.01029624689589], [-92.1309542227567, 35.01028471789879], [-92.1308414807255, 35.01027309590171], [-92.1307287526943, 35.010261381904584], [-92.130616038663, 35.010249573907515], [-92.1305033396318, 35.010237673910396], [-92.1303906556005, 35.01022568091317], [-92.13027798556931, 35.010213594915996], [-92.130165329538, 35.01020141591878], [-92.1300526895068, 35.010189143921586], [-92.1299400644755, 35.0101767799244], [-92.12982745444431, 35.010164322927196], [-92.12971485941301, 35.010151772929895], [-92.1296022793818, 35.010139129932604], [-92.1294897153505, 35.010126394935305], [-92.1293771663193, 35.010113566938], [-92.129264634288, 35.01010064594058], [-92.1291521172567, 35.0100876329433], [-92.1290396152255, 35.010074526945864], [-92.1289271301942, 35.010061327948584], [-92.1288146611629, 35.0100480369511], [-92.12870220813161, 35.010034652953685], [-92.1285897721003, 35.01002117595619], [-92.1284773520691, 35.0100076069588], [-92.1283649490378, 35.00999394496128], [-92.1282525620065, 35.00998019096369], [-92.1281401919752, 35.00996634396618], [-92.128027838944, 35.009952403968704], [-92.1279155029127, 35.00993837197112], [-92.1278031848814, 35.0099242469735], [-92.1276908828501, 35.0099100299759], [-92.1275785988188, 35.0098957209783], [-92.1274663327875, 35.00988131898068], [-92.1273540837562, 35.009866823983], [-92.1272418517249, 35.00985223698539], [-92.1271296386936, 35.009837557987694], [-92.1270174426623, 35.009822785989996], [-92.126905265631, 35.00980792199219], [-92.1267931065998, 35.00979296499451], [-92.1266809645684, 35.00977791599669], [-92.12656884253721, 35.00976277499889], [-92.1264567385058, 35.00974754100109], [-92.1263446524745, 35.00973221500329], [-92.1262325854432, 35.009716797005375], [-92.1261205374119, 35.009701286007605], [-92.1260085083806, 35.00968568300968], [-92.1258964983493, 35.00966998801188], [-92.125784508318, 35.00965420101391], [-92.1256725362867, 35.0096383210159], [-92.1255605842554, 35.00962234901799], [-92.125448651224, 35.00960628501999], [-92.1253367381928, 35.009590129022094], [-92.1252248451615, 35.00957388002413], [-92.1251129721301, 35.009557539026], [-92.1250011180988, 35.009541107028014], [-92.1248892850675, 35.00952458202986], [-92.1247774720361, 35.009507965031794], [-92.1246656790048, 35.0094912560337], [-92.1245539069735, 35.00947445503557], [-92.1244421549422, 35.009457561037486], [-92.1243304239109, 35.009440576039296], [-92.1242187128795, 35.00942349904108], [-92.1241070228482, 35.009406329042996], [-92.1239953548169, 35.0093890680447], [-92.1238837067856, 35.00937171504649], [-92.1237720807543, 35.0093542700482], [-92.1236604747229, 35.00933673304998], [-92.1235488916916, 35.009319104051706], [-92.1234373296602, 35.0093013830534], [-92.1233257886289, 35.009283570055096], [-92.1232142695976, 35.0092656650567], [-92.1231027725663, 35.009247669058304], [-92.12299129753501, 35.0092295800599], [-92.1228798455037, 35.00921140006151], [-92.1227684144723, 35.0091931280631], [-92.12265700644102, 35.0091747640647], [-92.12254562040971, 35.00915630906619], [-92.12243425637831, 35.00913776106779], [-92.122322916347, 35.009119122069194], [-92.1222115983157, 35.00910039207069], [-92.1221003032843, 35.00908156907218], [-92.121989030253, 35.00906265507369], [-92.1218777812217, 35.009043650075085], [-92.1217665561903, 35.00902455307647], [-92.121655353159, 35.009005364077915], [-92.1215441741277, 35.00898608307929], [-92.1214330190964, 35.0089667110806], [-92.121321887065, 35.008947248082], [-92.1212107790337, 35.00892769208329], [-92.1210996940024, 35.008908046084606], [-92.120988633971, 35.008888308085886], [-92.1208775979397, 35.00886847808709], [-92.1207665859084, 35.008848557088285], [-92.12065559887711, 35.00882854508957], [-92.1205446348458, 35.00880844109081], [-92.1204336968144, 35.00878824609199], [-92.1203227827831, 35.00876795909309], [-92.12021189375182, 35.00874758109428], [-92.1201010287204, 35.00872711209541], [-92.1199901896891, 35.00870655109658], [-92.1198793756578, 35.00868589909769], [-92.1197685866265, 35.00866515609871], [-92.1196578225951, 35.00864432209969], [-92.1195470845638, 35.008623396100795], [-92.1194363715325, 35.00860237910181], [-92.1193256845012, 35.00858127110282], [-92.1192150234699, 35.00856007210377], [-92.1191043874386, 35.008538782104814], [-92.1189937784073, 35.00851740110579], [-92.1188831943759, 35.008495928106676], [-92.1187726373446, 35.00847436410749], [-92.1186621073133, 35.008452710108386], [-92.118551602282, 35.00843096410929], [-92.1184411242507, 35.00840912711021], [-92.1183306732194, 35.008387200110874], [-92.11822024918811, 35.0083651811118], [-92.1181098511567, 35.00834307211259], [-92.1179994811254, 35.0083208711133], [-92.11788913709421, 35.0082985801141], [-92.1177788210628, 35.008276197114895], [-92.1176685320315, 35.00825372411558], [-92.1175582710002, 35.0082311601163], [-92.1174480369689, 35.0082085061169], [-92.1173378299376, 35.00818576011759], [-92.1172276519063, 35.008162924118324], [-92.117117500875, 35.00813999711889], [-92.1170073788437, 35.00811697911949], [-92.1168972838124, 35.008093870120106], [-92.1167872177811, 35.00807067112071], [-92.1166771797499, 35.008047382121205], [-92.1165671697185, 35.00802400112168], [-92.1164571886873, 35.0080005301223], [-92.1163472356559, 35.0079769681227], [-92.1162373126247, 35.007953316123185], [-92.1161274175934, 35.00792957412371], [-92.1160175515621, 35.0079057411241], [-92.11590771453082, 35.00788181712449], [-92.11579790749961, 35.00785780312488], [-92.1156881284682, 35.00783369812528], [-92.115578379437, 35.007809503125685], [-92.1154686604057, 35.00778521812599], [-92.1153589703744, 35.00776084212629], [-92.1152493103432, 35.00773637612659], [-92.1151396803119, 35.00771182012688], [-92.1150300802806, 35.00768717312719], [-92.11492051024942, 35.007662436127504], [-92.1148109702181, 35.00763760912769], [-92.1147014611869, 35.0076126921279], [-92.1145919821556, 35.00758768412809], [-92.1144825331243, 35.0075625861283], [-92.1143731150931, 35.0075373991284], [-92.1142637280619, 35.00751212112859], [-92.1141543710306, 35.00748675312869], [-92.1140450459993, 35.00746129412879], [-92.1139357509681, 35.007435746128884], [-92.1138264879369, 35.00741010812889], [-92.1137172559056, 35.0073843801289], [-92.1136080548744, 35.007358562129], [-92.1134988858431, 35.007332654128994], [-92.1133897488119, 35.007306656129], [-92.1132806427807, 35.00728056812889], [-92.11317156874951, 35.00725439012891], [-92.1130625267182, 35.00722812312879], [-92.112953516687, 35.00720176512879], [-92.1128445396558, 35.00717531812861], [-92.1127355936246, 35.00714878212851], [-92.1126266805933, 35.00712215512839], [-92.1125177995621, 35.00709543912819], [-92.1124089515309, 35.007068633128], [-92.11230013649971, 35.007041737127786], [-92.1121913534685, 35.007014752127596], [-92.1120826044373, 35.00698767712739], [-92.11197388740611, 35.00696051312711], [-92.1118652043749, 35.00693325912679], [-92.1117565543437, 35.006905916126485], [-92.1116479373125, 35.0068784831262], [-92.1115393542813, 35.00685096012581], [-92.1114308042502, 35.00682334912559], [-92.111322288219, 35.006795648125085], [-92.1112138051878, 35.006767857124814], [-92.11110535715662, 35.00673997712439], [-92.1109969431255, 35.00671200812389], [-92.11088856209432, 35.0066839501235], [-92.1107802160631, 35.00665580212297], [-92.110671905032, 35.00662756512249], [-92.1105636280008, 35.00659923912199], [-92.1104553849697, 35.006570824121496], [-92.1103471769385, 35.006542319120996], [-92.1102390039074, 35.0065137261204], [-92.1101308648762, 35.006485043119916], [-92.1100227618451, 35.006456271119305], [-92.1099146938139, 35.00642741111869], [-92.1098066607828, 35.006398461117996], [-92.1096986627517, 35.00636942211739], [-92.1095906997205, 35.00634029411667], [-92.1094827736894, 35.006311078116006], [-92.1093748826583, 35.00628177211528], [-92.1092670266272, 35.00625237811458], [-92.109159207596, 35.0062228951138], [-92.109051423565, 35.0061933231131], [-92.1089436755339, 35.006163663112304], [-92.1088359645028, 35.0061339131115], [-92.1087282894716, 35.006104075110684], [-92.1086206504406, 35.006074148109796], [-92.1085130484095, 35.006044133109], [-92.1084054833784, 35.00601402910811], [-92.1082979543473, 35.00598383610719], [-92.1081904623162, 35.005953555106295], [-92.1080830072851, 35.00592318510539], [-92.1079755892541, 35.00589272710439], [-92.107868208223, 35.00586218010339], [-92.107760865192, 35.005831545102424], [-92.10765355816092, 35.0058008221014], [-92.1075462901298, 35.00577001010039], [-92.1074390580988, 35.005739110099384], [-92.1073318650678, 35.005708121098294], [-92.1072247090367, 35.005677044097176], [-92.1071175910057, 35.005645879096086], [-92.1070105119746, 35.00561462609502], [-92.1069034699436, 35.005583285093905], [-92.1067964669126, 35.0055518550927], [-92.1066895018816, 35.005520337091504], [-92.1065825748505, 35.0054887320904], [-92.1064756868195, 35.005457038089084], [-92.1063688367885, 35.0054252560879], [-92.1062620267575, 35.00539338608661], [-92.1061552547265, 35.0053614280854], [-92.1060485216955, 35.0053293820841], [-92.10594182766461, 35.00529724908278], [-92.1058351736336, 35.00526502708139], [-92.1057285576026, 35.00523271808008], [-92.1056219825716, 35.00520032107872], [-92.1055154455406, 35.0051678360774], [-92.1054089495097, 35.005135263076], [-92.1053024924787, 35.0051026030745], [-92.1051960744478, 35.00506985407307], [-92.1050896974168, 35.00503701907171], [-92.1049833603859, 35.0050040960702], [-92.1048770633549, 35.0049710850687], [-92.104770806324, 35.0049379860672], [-92.104664590293, 35.0049048000656], [-92.1045584142621, 35.00487152706408], [-92.10445227823121, 35.00483816606251], [-92.10434618420031, 35.004804718060996], [-92.1042401301694, 35.0047711820593], [-92.1041341171385, 35.004737559057695], [-92.1040281451076, 35.00470384905599], [-92.1039222140767, 35.004670052054394], [-92.1038163240458, 35.004636167052695], [-92.1037104760149, 35.004602195051], [-92.103604668984, 35.0045681360493], [-92.1034989039532, 35.00453399004749], [-92.10339317992232, 35.00449975604579], [-92.1032874978914, 35.00446543604401], [-92.1031818578605, 35.00443102804229], [-92.1030762598297, 35.0043965340404], [-92.1029707037989, 35.00436195303859], [-92.102865189768, 35.004327284036776], [-92.1027597177372, 35.0042925290349], [-92.1026542887064, 35.00425768703301], [-92.1025489016755, 35.00422275803111], [-92.1024435576447, 35.0041877420292], [-92.1023382556139, 35.00415264002721], [-92.1022329975831, 35.0041174510252], [-92.1021277815523, 35.00408217502319], [-92.1020226085215, 35.004046812021315], [-92.1019174784907, 35.00401136301919], [-92.1018123924599, 35.0039758280172], [-92.1017073494291, 35.003940205015176], [-92.1016023493983, 35.003904497013096], [-92.1014973933676, 35.00386870201099], [-92.1013924813368, 35.003832820008896], [-92.1012876123061, 35.00379685200679], [-92.1011827872753, 35.00376079800459], [-92.1010780062445, 35.003724657002394], [-92.1009732692139, 35.00368843000019], [-92.1008685771831, 35.003652116998076], [-92.1007639281524, 35.0036157169959], [-92.1006593241217, 35.00357923199359], [-92.10055476509092, 35.00354265999128], [-92.1004502500603, 35.003506001989116], [-92.1003457800296, 35.00346925798681], [-92.1002413539989, 35.00343242798439], [-92.1001369739682, 35.003395511982085], [-92.1000326379375, 35.00335850997979], [-92.0999283479068, 35.003321421977404], [-92.0998241028762, 35.00328424797502], [-92.09971990284551, 35.003246988972606], [-92.0996157478148, 35.003209642970184], [-92.0995116387842, 35.0031722119677], [-92.0994075757535, 35.00313469496519], [-92.09930355872291, 35.0030970929627], [-92.0991995866923, 35.003059403960286], [-92.0990956606616, 35.00302163095769], [-92.098991781631, 35.00298377095517], [-92.0988879476004, 35.00294582595259], [-92.0987841605698, 35.002907795950094], [-92.0986804195392, 35.0028696799475], [-92.0985767255086, 35.002831477944795], [-92.098473077478, 35.00279319094221], [-92.0983694764475, 35.002754818939486], [-92.0982659214169, 35.002716361936905], [-92.0981624143864, 35.00267781893419], [-92.09805895435582, 35.002639190931475], [-92.0979555403252, 35.0026004779288], [-92.0978521742947, 35.00256167992609], [-92.0977488552642, 35.0025227959233], [-92.0976455842337, 35.002483827920486], [-92.0975423602031, 35.00244477391767], [-92.0974391831726, 35.0024056349149], [-92.0973360551421, 35.00236641191199], [-92.0972329741116, 35.0023271029092], [-92.0971299410811, 35.00228770990629], [-92.0970269560506, 35.00224823190341], [-92.0969240190202, 35.0022086689005], [-92.09682113098971, 35.00216902089761], [-92.0967182909592, 35.00212928789459], [-92.0966154989288, 35.002089470891704], [-92.0965127558983, 35.00204956888861], [-92.0964100608679, 35.002009582885684], [-92.0963074148375, 35.00196951188259], [-92.096204817807, 35.00192935587959], [-92.0961022697766, 35.00188911587659], [-92.0959997717462, 35.00184879187348], [-92.0958973217158, 35.0018083828704], [-92.0957949206854, 35.0017678888672], [-92.095692569655, 35.001727311864094], [-92.0955902676247, 35.00168664986099], [-92.0954880155943, 35.00164590385779], [-92.0953858135639, 35.00160507385457], [-92.0952836605336, 35.001564158851394], [-92.0951815575032, 35.00152315984818], [-92.0950795054729, 35.00148207784489], [-92.0949775024425, 35.00144091084168], [-92.0948755494122, 35.0013996598384], [-92.0947736473819, 35.00135832583509], [-92.0946717953516, 35.001316906831796], [-92.09456999432132, 35.0012754048285], [-92.094468243291, 35.0012338178251], [-92.0943665432607, 35.001192147821705], [-92.0942648932304, 35.00115039381831], [-92.09416329520012, 35.0011085568149], [-92.0940617481699, 35.00106663581148], [-92.0939602511396, 35.00102463080798], [-92.0938588061094, 35.00098254180458], [-92.0937574120792, 35.000940369801114], [-92.0936560700489, 35.000898114797614], [-92.0935547790187, 35.0008557757941], [-92.0934535399885, 35.00081335379058], [-92.0933523519583, 35.000770847786995], [-92.09325121592812, 35.00072825878339], [-92.0931501328979, 35.000685586779795], [-92.0930491008677, 35.000642830776194], [-92.0929481208376, 35.000599992772486], [-92.0928471938074, 35.000557070768906], [-92.0927463177773, 35.000514065765294], [-92.09264549574712, 35.0004709777615], [-92.092544724717, 35.0004278067579], [-92.0924440076869, 35.00038455275409], [-92.0923433426567, 35.00034121575041], [-92.0922427306266, 35.0002977957466], [-92.0921421715965, 35.000254292742795], [-92.0920416645664, 35.00021070673899], [-92.0919412115363, 35.0001670387352], [-92.0918408125063, 35.0001232877314], [-92.0917404654762, 35.000079453727594], [-92.0916401724462, 35.00003553772368], [-92.0915399334161, 34.9999915387198], [-92.0914397473861, 34.999947457715784], [-92.0913396153561, 34.9999032937119], [-92.09123953632611, 34.99985904670799], [-92.091139512296, 34.99981471770399], [-92.091039542266, 34.999770306700114], [-92.090939625236, 34.9997258136961], [-92.090839763206, 34.99968123769198], [-92.090739956176, 34.99963657968798], [-92.0906402031461, 34.99959183968399], [-92.0905405041161, 34.999547016679884], [-92.0904408600862, 34.99950211267579], [-92.0903412700562, 34.9994571256717], [-92.0902417360263, 34.999412057667485], [-92.0901422559964, 34.99936690666339], [-92.0900428319665, 34.9993216746592], [-92.0899434619366, 34.99927636065509], [-92.0898441479067, 34.99923096465081], [-92.0897448888768, 34.99918548664658], [-92.0896456858469, 34.99913992664239], [-92.0895465378171, 34.9990942856382], [-92.0894474457872, 34.99904856263391], [-92.0893484087574, 34.9990027576295], [-92.0892494277275, 34.99895687162518], [-92.0891505036977, 34.998910904620885], [-92.0890516346679, 34.99886485561658], [-92.0889528216381, 34.99881872461219], [-92.0888540656083, 34.998772512607886], [-92.0887553655785, 34.9987262196034], [-92.0886567215487, 34.99867984559899], [-92.088558134519, 34.998633389594495], [-92.08845960348921, 34.998586852590094], [-92.0883611294594, 34.99854023458558], [-92.0882627124297, 34.998493535581105], [-92.0881643524, 34.99844675557661], [-92.0880660493703, 34.9983998945721], [-92.0879678033406, 34.998352952567586], [-92.08786961431092, 34.99830592956299], [-92.0877714832812, 34.99825882555841], [-92.0876734092515, 34.998211640553784], [-92.0875753922218, 34.998164375549194], [-92.0874774331921, 34.998117029544595], [-92.0873795321626, 34.99806960253989], [-92.08728168813292, 34.99802209553519], [-92.0871839031033, 34.99797450753049], [-92.0870861750736, 34.99792683852579], [-92.086988505044, 34.99787909052112], [-92.0868908940144, 34.9978312605163], [-92.0867933409849, 34.9977833515116], [-92.0866958459553, 34.99773536050681], [-92.08659840992571, 34.99768729050201], [-92.0865010328962, 34.9976391404971], [-92.0864037138666, 34.997590909492295], [-92.0863064538371, 34.997542598487485], [-92.08620925180752, 34.9974942074826], [-92.0861121097781, 34.99744573647771], [-92.08601502674851, 34.9973971854728], [-92.085918002719, 34.9973485544679], [-92.0858210376895, 34.99729984346288], [-92.0857241316601, 34.997251052457884], [-92.0856272856306, 34.9972021824529], [-92.0855304996012, 34.99715323244799], [-92.0854337725717, 34.9971042024429], [-92.08533710554241, 34.99705509243791], [-92.0852404985129, 34.997005903432814], [-92.0851439514835, 34.996956634427775], [-92.0850474644541, 34.996907286422704], [-92.0849510364247, 34.99685785941748], [-92.0848546703953, 34.99680835141238], [-92.084758363366, 34.99675876540731], [-92.0846621173366, 34.99670909940209], [-92.0845659313073, 34.99665935439689], [-92.0844698062779, 34.99660953039169], [-92.0843737422486, 34.996559627386496], [-92.0842777392193, 34.996509644381305], [-92.0841817961901, 34.99645958337597], [-92.0840859151608, 34.99640944237079], [-92.0839900941315, 34.99635922336548], [-92.0838943351022, 34.99630892536007], [-92.083798637073, 34.9962585483548], [-92.0837030000437, 34.996208092349384], [-92.0836074250145, 34.9961575573441], [-92.0835119119853, 34.9961069433387], [-92.0834164599561, 34.996056251333286], [-92.0833210699269, 34.9960054813279], [-92.0832257418977, 34.9959546313224], [-92.0831304748685, 34.99590370431699], [-92.0830352708394, 34.995852698311495], [-92.0829401288103, 34.995801613306014], [-92.0828450487811, 34.99575045030059], [-92.082750031752, 34.99569920929499], [-92.0826550767228, 34.995647889289486], [-92.0825601836937, 34.995596492283916], [-92.0824653536646, 34.99554501627828], [-92.0823705866355, 34.995493462272805], [-92.0822758826065, 34.995441830267104], [-92.0821812405775, 34.99539012126149], [-92.0820866625484, 34.9953383332559], [-92.0819921475194, 34.995286467250104], [-92.0818976944904, 34.9952345242445], [-92.0818033064613, 34.99518250223879], [-92.0817089804323, 34.99513040323299], [-92.0816147184033, 34.99507822722728], [-92.0815205203744, 34.9950259732216], [-92.0814263853454, 34.99497364121579], [-92.0813323143165, 34.994921231210014], [-92.0812383072875, 34.99486874520409], [-92.0811443642586, 34.99481618019829], [-92.0810504852297, 34.994763539192476], [-92.0809566702008, 34.9947108201866], [-92.0808629191719, 34.994658024180694], [-92.0807692321431, 34.994605151174795], [-92.0806756101142, 34.994552200168876], [-92.0805820530853, 34.99449917316301], [-92.0804885600565, 34.9944460681571], [-92.0803951320276, 34.99439288715109], [-92.0803017679988, 34.99433962814508], [-92.08020846997, 34.99428629313908], [-92.0801152359412, 34.9942328811331], [-92.0800220679125, 34.99417939212703], [-92.0799289638837, 34.99412582612089], [-92.0798359258549, 34.9940721841149], [-92.0797429538262, 34.994018465108795], [-92.0796500457975, 34.9939646691026], [-92.0795572047688, 34.993910797096476], [-92.0794644277401, 34.9938568490904], [-92.07937171771141, 34.993802824084206], [-92.0792790736827, 34.993748723077985], [-92.079186494654, 34.99369454607181], [-92.0790939816254, 34.99364029206559], [-92.0790015355968, 34.9935859620593], [-92.0789091545681, 34.99353155605311], [-92.0788168405395, 34.99347707404681], [-92.0787245935109, 34.9934225160405], [-92.0786324124823, 34.99336788203421], [-92.0785402974538, 34.99331317202789], [-92.0784482494252, 34.99325838702152], [-92.0783562683966, 34.993203525015204], [-92.0782643533681, 34.99314858800879], [-92.0781725063396, 34.993093575002405], [-92.0780807253111, 34.99303848599599], [-92.0779890122825, 34.9929833219895], [-92.0778973662541, 34.99292808298309], [-92.0778057872256, 34.99287276697659], [-92.07771427519711, 34.99281737697008], [-92.0776228311687, 34.9927619109636], [-92.0775314551402, 34.99270636995709], [-92.0774401461118, 34.992650753950585], [-92.0773489050835, 34.99259506194401], [-92.0772577320551, 34.99253929493737], [-92.0771666270267, 34.9924834539308], [-92.0770755889983, 34.992427536924204], [-92.07698461997, 34.992371544917596], [-92.0768937189416, 34.99231547791091], [-92.07680288691331, 34.992259336904276], [-92.076712122885, 34.99220312089762], [-92.0766214268567, 34.99214682989089], [-92.0765307998284, 34.9920904638842], [-92.0764402408001, 34.99203402387747], [-92.0763497517719, 34.99197750887069], [-92.0762593307436, 34.99192091886401], [-92.0761689787154, 34.991864254857205], [-92.0760786956872, 34.99180751685037], [-92.075988481659, 34.99175070484359], [-92.0758983366308, 34.99169381783669], [-92.0758082616026, 34.99163685682989], [-92.0757182555744, 34.991579821822995], [-92.0756283195463, 34.99152271181611], [-92.0755384525181, 34.99146552880919], [-92.07544865549, 34.9914082708023], [-92.0753589274619, 34.9913509397953], [-92.0752692694338, 34.99129353478841], [-92.0751796824057, 34.991236055781386], [-92.0750901643777, 34.991178502774396], [-92.07500071634972, 34.99112087676739], [-92.0749113393216, 34.99106317676039], [-92.0748220322936, 34.991005402753295], [-92.0747327952655, 34.9909475557462], [-92.0746436292376, 34.99088963473908], [-92.0745545332096, 34.9908316407321], [-92.0744655081816, 34.99077357272498], [-92.0743765541537, 34.99071543171777], [-92.0742876701257, 34.99065721771059], [-92.0741988580978, 34.99059893070349], [-92.0741101160699, 34.9905405706963], [-92.074021445042, 34.99048213668909], [-92.0739328460141, 34.9904236306819], [-92.0738443179862, 34.99036505167471], [-92.0737558609584, 34.9903063986674], [-92.0736674759306, 34.99024767366009], [-92.0735791619027, 34.9901888756528], [-92.07349091987501, 34.9901300056456], [-92.0734027488471, 34.990071061638176], [-92.0733146508194, 34.990012046630795], [-92.0732266237916, 34.98995295762349], [-92.0731386687638, 34.98989379661609], [-92.07305078573611, 34.9898345636087], [-92.0729629757084, 34.98977525860125], [-92.0728752366807, 34.989715880593884], [-92.072787570653, 34.98965642958641], [-92.0726999776253, 34.98959690757899], [-92.0726124555976, 34.989537313571496], [-92.07252500757, 34.98947764656399], [-92.0724376315424, 34.9894179085565], [-92.0723503285147, 34.989358097548894], [-92.0722630984871, 34.989298215541396], [-92.0721759404596, 34.989238261533885], [-92.072088856432, 34.98917823552619], [-92.0720018454044, 34.98911813751859], [-92.0719149073769, 34.989057968510984], [-92.0718280423494, 34.988997727503396], [-92.0717412513219, 34.98893741549568], [-92.07165453329432, 34.988877031488094], [-92.0715678882668, 34.988816576480396], [-92.0714813182394, 34.988756049472705], [-92.0713948212119, 34.98869545146498], [-92.0713083971845, 34.98863478245727], [-92.07122204815711, 34.98857404244949], [-92.0711357731297, 34.988513231441715], [-92.0710495711022, 34.98845234843389], [-92.0709634440749, 34.98839139542609], [-92.0708773910475, 34.988330371418314], [-92.0707914130202, 34.98826927641039], [-92.0707055089929, 34.98820811040261], [-92.0706196789655, 34.98814687339468], [-92.0705339239382, 34.98808556638679], [-92.070448242911, 34.98802418837892], [-92.0703626378836, 34.98796274037099], [-92.0702771068564, 34.987901221363124], [-92.0701916508292, 34.98783963235509], [-92.070106269802, 34.98777797234711], [-92.0700209637748, 34.98771624233908], [-92.0699357337475, 34.987654442331085], [-92.0698505777204, 34.9875925713231], [-92.0697654976932, 34.98753063131512], [-92.0696804936661, 34.987468620307], [-92.069595563639, 34.9874065402989], [-92.0695107106118, 34.9873443892908], [-92.06942593258472, 34.9872821692827], [-92.0693412305576, 34.9872198792745], [-92.0692566045306, 34.98715751926638], [-92.0691720545035, 34.98709509025831], [-92.0690875804765, 34.98703259124999], [-92.06900318244942, 34.98697002224181], [-92.0689188604225, 34.9869073842336], [-92.0688346143955, 34.986844676225395], [-92.0687504453685, 34.9867818992171], [-92.0686663523416, 34.9867190532089], [-92.0685823363146, 34.98665613820061], [-92.0684983962877, 34.986593153192274], [-92.0684145332608, 34.98653009918401], [-92.0683307472339, 34.986466976175585], [-92.068247038207, 34.9864037851673], [-92.0681634061802, 34.986340524158976], [-92.0680798501533, 34.98627719415058], [-92.0679963721265, 34.98621379614222], [-92.0679129710997, 34.986150329133686], [-92.0678296470729, 34.98608679312529], [-92.0677464010461, 34.98602318911679], [-92.0676632320193, 34.98595951610838], [-92.06758014099262, 34.98589577509989], [-92.0674971269659, 34.985831965091386], [-92.0674141909391, 34.98576808708289], [-92.0673313329125, 34.98570414007426], [-92.0672485528858, 34.98564012606579], [-92.0671658498591, 34.98557604305719], [-92.0670832258325, 34.98551189204859], [-92.0670006798058, 34.985447673040106], [-92.0669182117792, 34.98538338603151], [-92.06683582175262, 34.985319032022815], [-92.0667535107261, 34.985254609014106], [-92.0666712776995, 34.985190119005495], [-92.066589122673, 34.985125560996785], [-92.0665070476465, 34.9850609349881], [-92.0664250506199, 34.98499624197942], [-92.0663431315934, 34.98493148097058], [-92.0662612925669, 34.9848666529619], [-92.0661795315405, 34.98480175695322], [-92.066097850514, 34.984736793944386], [-92.0660162474876, 34.98467176393548], [-92.0659347244612, 34.98460666692669], [-92.0658532804348, 34.984541502917914], [-92.0657719164084, 34.984476270909106], [-92.0656906303821, 34.9844109729002], [-92.0656094253557, 34.98434560689129], [-92.0655282993294, 34.984280174882386], [-92.0654472523031, 34.984214675873496], [-92.0653662862768, 34.984149109864504], [-92.0652853992505, 34.98408347785558], [-92.0652045922242, 34.98401777884659], [-92.065123865198, 34.98395201283768], [-92.0650432181718, 34.9838861808286], [-92.0649626521455, 34.98382028281959], [-92.0648821651193, 34.9837543178106], [-92.0648017590932, 34.98368828680151], [-92.064721433067, 34.983622189792484], [-92.0646411880409, 34.9835560267834], [-92.0645610230148, 34.9834897967743], [-92.0644809389887, 34.98342350176517], [-92.0644009359626, 34.98335714075609], [-92.06432101393652, 34.9832907127469], [-92.0642411719105, 34.98322421973779], [-92.0641614108844, 34.98315766172859], [-92.0640817318584, 34.983091036719415], [-92.0640021328324, 34.98302434671019], [-92.0639226158065, 34.98295759170089], [-92.0638431797805, 34.982890770691675], [-92.0637638247545, 34.98282388468239], [-92.0636845517286, 34.982756932673176], [-92.0636053597027, 34.982689915663876], [-92.0635262496768, 34.982622833654496], [-92.0634472216509, 34.9825556866452], [-92.0633682746251, 34.98248847363581], [-92.0632894095992, 34.98242119662649], [-92.06321062657341, 34.98235385461711], [-92.0631319255476, 34.982286447607784], [-92.0630533065218, 34.98221897559837], [-92.062974769496, 34.9821514385889], [-92.0628963154703, 34.982083837579395], [-92.06281794344461, 34.98201617156999], [-92.0627396534188, 34.981948440560494], [-92.0626614463931, 34.981880646551105], [-92.0625833213675, 34.9818127865415], [-92.0625052783418, 34.981744863532], [-92.0624273193162, 34.98167687552252], [-92.0623494422906, 34.98160882351289], [-92.0622716482649, 34.981540707503356], [-92.0621939372394, 34.9814725274938], [-92.0621163092137, 34.9814042834842], [-92.0620387651882, 34.98133597547458], [-92.0619613031626, 34.98126760346491], [-92.0618839241372, 34.981199167455195], [-92.0618066291117, 34.98113066844558], [-92.0617294170862, 34.98106210543591], [-92.0616522890607, 34.9809934784262], [-92.0615752440353, 34.98092478841649], [-92.0614982830099, 34.98085603540669], [-92.0614214059845, 34.98078721839698], [-92.0613446119591, 34.9807183383873], [-92.0612679019337, 34.9806493953774], [-92.0611912769083, 34.9805803883677], [-92.061114734883, 34.98051131935789], [-92.0610382768577, 34.980442186348], [-92.0609619028324, 34.98037299133821], [-92.0608856138072, 34.980303732328274], [-92.06080940878192, 34.98023441131849], [-92.0607332877566, 34.98016502730849], [-92.0606572517314, 34.980095581298585], [-92.0605812997062, 34.98002607128869], [-92.060505432681, 34.979956500278796], [-92.0604296506558, 34.979886865268796], [-92.06035395263072, 34.979817169258794], [-92.0602783406056, 34.9797474102489], [-92.0602028125805, 34.97967758923878], [-92.0601273695554, 34.979607706228805], [-92.0600520115303, 34.979537760218776], [-92.0599767395053, 34.97946775320868], [-92.0599015524802, 34.979397683198705], [-92.0598264494552, 34.979327552188586], [-92.0597514334302, 34.97925735917849], [-92.05967650240521, 34.9791871041684], [-92.0596016563803, 34.979116788158215], [-92.0595268963554, 34.9790464091481], [-92.0594522213304, 34.97897597013791], [-92.0593776333055, 34.97890546812768], [-92.0593031302806, 34.978834906117584], [-92.0592287132558, 34.97876428210729], [-92.05915438223101, 34.978693597097084], [-92.0590801372061, 34.97862285008689], [-92.0590059781813, 34.97855204307669], [-92.0589319051565, 34.9784811740664], [-92.0588579191317, 34.9784102450561], [-92.058784019107, 34.97833925404571], [-92.0587102050823, 34.97826820303552], [-92.0586364780576, 34.9781970910251], [-92.0585628370329, 34.97812591801469], [-92.0584892830082, 34.9780546850044], [-92.0584158159836, 34.977983390994005], [-92.0583424359589, 34.977912036983604], [-92.0582691419343, 34.97784062197319], [-92.0581959349097, 34.9777691469628], [-92.0581228158852, 34.97769761095229], [-92.0580497828606, 34.97762601594179], [-92.05797683783611, 34.97755435993139], [-92.0579039798115, 34.9774826439209], [-92.0578312087871, 34.977410868910304], [-92.0577585247626, 34.97733903289988], [-92.0576859287381, 34.97726713788929], [-92.0576134197137, 34.977195181878805], [-92.0575409986893, 34.9771231668682], [-92.0574686656649, 34.9770510928576], [-92.0573964196405, 34.976978958847006], [-92.0573242616161, 34.9769067648364], [-92.0572521915918, 34.97683451182571], [-92.0571802095675, 34.97676219981509], [-92.0571083155432, 34.97668982880448], [-92.05703650951891, 34.97661739779379], [-92.0569647924947, 34.97654490778308], [-92.0568931624704, 34.9764723587724], [-92.05682162144622, 34.976399750761686], [-92.056750168422, 34.9763270847509], [-92.0566788043978, 34.976254358740086], [-92.0566075283737, 34.976181574729395], [-92.0565363403495, 34.97610873171859], [-92.0564652423254, 34.976035829707804], [-92.0563942323013, 34.975962869697], [-92.0563233112773, 34.9758898516862], [-92.0562524792532, 34.9758167746753], [-92.0561817352291, 34.975743639664415], [-92.05611108120512, 34.97567044565361], [-92.0560405161811, 34.975597193642606], [-92.0559700401571, 34.975523884631784], [-92.0558996531332, 34.97545051662079], [-92.0558293551092, 34.97537709060988], [-92.0557591470853, 34.9753036075989], [-92.0556890290614, 34.97523006658789], [-92.0556189990376, 34.975156466577], [-92.0555490600137, 34.975082810566], [-92.0554792099899, 34.975009096554906], [-92.0554094489661, 34.974935324543864], [-92.0553397789422, 34.9748614955329], [-92.0552701979185, 34.97478760852178], [-92.0552007078947, 34.9747136645108], [-92.055131306871, 34.974639663499595], [-92.0550619958473, 34.97456560548849], [-92.0549927758236, 34.97449149047739], [-92.0549236447999, 34.9744173184663], [-92.0548546047763, 34.97434308945509], [-92.0547856557527, 34.974268803444005], [-92.054716795729, 34.974194460432784], [-92.0546480277055, 34.97412006142159], [-92.0545793486819, 34.974045605410396], [-92.0545107616583, 34.97397109239907], [-92.0544422646348, 34.97389652338789], [-92.0543738576113, 34.97382189837658], [-92.0543055425878, 34.97374721636529], [-92.0542373185644, 34.97367247935411], [-92.0541691845409, 34.973597685342796], [-92.0541011415175, 34.9735228343314], [-92.0540331904941, 34.97344792832009], [-92.0539653304707, 34.97337296630882], [-92.0538975614474, 34.97329794829739], [-92.053829883424, 34.97322287528599], [-92.0537622974007, 34.97314774527458], [-92.0536948023774, 34.97307256026319], [-92.0536273983541, 34.97299732025179], [-92.0535600863308, 34.97292202324039], [-92.0534928663076, 34.97284667222888], [-92.0534257372844, 34.972771265217396], [-92.0533587002612, 34.972695803206], [-92.053291756238, 34.972620286194406], [-92.0532249022149, 34.972544713182984], [-92.0531581411918, 34.97246908617141], [-92.0530914721686, 34.97239340415979], [-92.0530248951456, 34.97231766714828], [-92.0529584101225, 34.972241875136696], [-92.0528920180995, 34.97216602812511], [-92.0528257180764, 34.972090126113606], [-92.0527595100535, 34.972014170102], [-92.0526933940305, 34.971938160090296], [-92.05262737100752, 34.97186209507871], [-92.0525614409846, 34.971785976067], [-92.0524956029616, 34.971709802055386], [-92.0524298579388, 34.97163357504358], [-92.0523642059159, 34.971557293032], [-92.0522986458931, 34.97148095702019], [-92.0522331788702, 34.9714045670085], [-92.0521678058474, 34.971328122996795], [-92.0521025248246, 34.971251625985], [-92.0520373368019, 34.9711750749732], [-92.0519722427791, 34.971098469961404], [-92.0519072417564, 34.97102181094958], [-92.0518423337337, 34.9709450989378], [-92.051777518711, 34.97086833392599], [-92.0517127976884, 34.97079151491409], [-92.0516481706657, 34.97071464290218], [-92.0515836356431, 34.970637717890405], [-92.0515191956205, 34.9705607398784], [-92.051454848598, 34.97048370786648], [-92.0513905955754, 34.970406623854615], [-92.0513264365529, 34.970329486842694], [-92.0512623705304, 34.97025229683069], [-92.0511983995079, 34.970175053818785], [-92.0511345214854, 34.97009775780676], [-92.051070737463, 34.9700204097948], [-92.0510070484406, 34.969943009782796], [-92.0509434534182, 34.969865556770785], [-92.0508799523958, 34.969788051758705], [-92.0508165453735, 34.9697104937467], [-92.0507532333511, 34.969632883734576], [-92.0506900153288, 34.9695552227225], [-92.0506268923065, 34.96947750871038], [-92.0505638632843, 34.96939974269827], [-92.0505009292621, 34.96932192468619], [-92.0504380892398, 34.96924405567409], [-92.0503753442176, 34.96916613366191], [-92.0503126951955, 34.96908816164969], [-92.05025013917331, 34.96901013663749], [-92.0501876791512, 34.968932060625306], [-92.0501253141291, 34.96885393361309], [-92.050063044107, 34.968775754600905], [-92.0500008690849, 34.96869752458869], [-92.0499387890629, 34.968619243576384], [-92.0498768050409, 34.96854091156409], [-92.0498149160189, 34.96846252855189], [-92.0497531219969, 34.9683840945396], [-92.049691422975, 34.96830560952719], [-92.049629819953, 34.96822707351489], [-92.0495683129311, 34.9681484865025], [-92.0495069009092, 34.96806984949019], [-92.0494455848874, 34.967991162477894], [-92.0493843648655, 34.96791242346549], [-92.0493232398437, 34.96783363545309], [-92.0492622118219, 34.967754796440595], [-92.0492012788001, 34.96767590742828], [-92.0491404417784, 34.96759696841579], [-92.0490797007567, 34.96751797940328], [-92.049019056735, 34.96743893939091], [-92.0489585077133, 34.967359850378394], [-92.0488980556916, 34.96728071136588], [-92.04883769967, 34.96720152235339], [-92.0487774396484, 34.9671222843409], [-92.0487172766268, 34.96704299632829], [-92.0486572096052, 34.966963658315784], [-92.0485972395837, 34.966884271303186], [-92.0485373665622, 34.9668048352906], [-92.0484775895407, 34.96672534927812], [-92.0484179085192, 34.96664581426539], [-92.0483583254977, 34.966566231252884], [-92.0482988384763, 34.966486598240216], [-92.0482394484549, 34.96640691622761], [-92.0481801554335, 34.9663271852149], [-92.0481209594122, 34.96624740520218], [-92.0480618603908, 34.96616757718948], [-92.0480028593695, 34.966087700176786], [-92.0479439543482, 34.96600777416409], [-92.0478851473269, 34.96592780015139], [-92.0478264373057, 34.965847778138595], [-92.0477678242845, 34.96576770712589], [-92.0477093092633, 34.96568758811309], [-92.0476508912421, 34.96560742110031], [-92.04759257122092, 34.965527206087486], [-92.0475343481998, 34.965446942074685], [-92.0474762231787, 34.96536663106188], [-92.04741819615771, 34.965286272049006], [-92.0473602661366, 34.965205866036065], [-92.0473024351155, 34.96512541102328], [-92.0472447010945, 34.96504490901038], [-92.04718706507352, 34.96496435999749], [-92.0471295270525, 34.964883762984606], [-92.0470720870316, 34.96480311797169], [-92.0470147450107, 34.964722426958694], [-92.0469575009898, 34.964641687945786], [-92.0469003559689, 34.964560901932785], [-92.0468433089481, 34.9644800689199], [-92.0467863599273, 34.96439918890678], [-92.0467295089064, 34.964318262893876], [-92.0466727578857, 34.9642372888808], [-92.0466161038649, 34.96415626886779], [-92.0465595488442, 34.96407520185473], [-92.0465030928235, 34.963994088841694], [-92.0464467348028, 34.9639129288287], [-92.0463904757821, 34.963831721815495], [-92.0463343157615, 34.96375046980239], [-92.0462782547409, 34.963669170789316], [-92.0462222917203, 34.96358782577621], [-92.0461664286997, 34.9635064347631], [-92.0461106636792, 34.96342499774988], [-92.0460549986586, 34.96334351573671], [-92.0459994326382, 34.96326198672349], [-92.0459439656177, 34.9631804127104], [-92.0458885975972, 34.96309879269708], [-92.0458333285768, 34.963017126684015], [-92.0457781595564, 34.96293541567069], [-92.0457230895361, 34.96285365865738], [-92.0456681195157, 34.96277185764419], [-92.0456132484953, 34.962690010630894], [-92.045558477475, 34.9626081176176], [-92.0455038054548, 34.9625261806043], [-92.0454492334345, 34.962444198590994], [-92.0453947604143, 34.96236217157768], [-92.0453403883941, 34.962280099564396], [-92.0452861153739, 34.96219798255099], [-92.0452319423537, 34.96211582153761], [-92.0451778693336, 34.96203361552428], [-92.0451238963135, 34.96195136451081], [-92.0450700242934, 34.961869069497396], [-92.0450162512733, 34.961786730483986], [-92.0449625782533, 34.96170434747061], [-92.0449090062333, 34.961621919457194], [-92.0448555342133, 34.96153944744369], [-92.0448021621933, 34.961456931430185], [-92.0447488901733, 34.96137437241669], [-92.0446957191534, 34.9612917684032], [-92.0446426491336, 34.9612091213897], [-92.0445896781137, 34.96112643037619], [-92.0445368090938, 34.961043696362694], [-92.04448404007401, 34.960960918349194], [-92.0444313720542, 34.96087809633556], [-92.0443788050344, 34.960795231321995], [-92.0443263380147, 34.960712323308385], [-92.0442739719949, 34.9606293722948], [-92.0442217069753, 34.9605463782812], [-92.0441695429556, 34.9604633402675], [-92.0441174799359, 34.960380260253885], [-92.0440655179163, 34.9602971372403], [-92.0440136568967, 34.9602139712266], [-92.0439618978771, 34.9601307632129], [-92.0439102388576, 34.96004751219921], [-92.043858681838, 34.95996421818549], [-92.0438072258185, 34.95988088217181], [-92.043755870799, 34.9597975041581], [-92.0437046177796, 34.95971408314429], [-92.0436534667601, 34.95963062013059], [-92.0436024157407, 34.9595471151168], [-92.0435514677214, 34.95946356810298], [-92.043500620702, 34.95937997908919], [-92.04344987468271, 34.959296349075395], [-92.0433992316634, 34.95921267606159], [-92.0433486896441, 34.95912896204771], [-92.0432982496248, 34.95904520603389], [-92.0432479106056, 34.95896140902002], [-92.0431976745864, 34.9588775700062], [-92.0431475405672, 34.958793689992305], [-92.043097507548, 34.958709768978395], [-92.0430475775289, 34.95862580696451], [-92.0429977495098, 34.95854180295058], [-92.04294802349071, 34.95845775893659], [-92.0428983994717, 34.9583736729227], [-92.0428488784526, 34.95828954690871], [-92.04279945943361, 34.95820537989469], [-92.04275014241462, 34.95812117188079], [-92.0427009273956, 34.958036923866786], [-92.0426518153767, 34.95795263485268], [-92.0426028063578, 34.957868305838694], [-92.042553899339, 34.95778393682469], [-92.0425050953201, 34.95769952681069], [-92.0424563933012, 34.95761507679659], [-92.0424077942824, 34.9575305867825], [-92.0423592982636, 34.957446056768376], [-92.0423109042449, 34.95736148675429], [-92.0422626142262, 34.957276877740185], [-92.0422144262075, 34.95719222772609], [-92.0421663411888, 34.95710753871198], [-92.0421183591701, 34.95702281069789], [-92.0420704811514, 34.95693804168368], [-92.0420227051329, 34.9568532346695], [-92.0419750331143, 34.95676838765539], [-92.0419274630957, 34.95668350164109], [-92.0418799970772, 34.95659857662689], [-92.0418326340587, 34.9565136126127], [-92.0417853750402, 34.9564286085985], [-92.0417382190218, 34.956343566584195], [-92.0416911660033, 34.956258485569904], [-92.0416442169849, 34.9561733665557], [-92.0415973709665, 34.95608820854139], [-92.0415506289482, 34.9560030115271], [-92.0415039899298, 34.9559177765128], [-92.04145745491151, 34.9558325024985], [-92.04141102389322, 34.955747190484196], [-92.041364696875, 34.9556618404698], [-92.0413184728568, 34.95557645245548], [-92.0412723528386, 34.95549102544112], [-92.0412263368204, 34.955405561426815], [-92.0411804248022, 34.955320059412294], [-92.0411346167841, 34.9552345193979], [-92.041088912766, 34.95514894238348], [-92.041043312748, 34.95506332736908], [-92.0409978167299, 34.954977674354694], [-92.0409524247119, 34.954891984340186], [-92.0409071366939, 34.95480625632569], [-92.0408619536759, 34.95472049231129], [-92.040816874658, 34.9546346902968], [-92.0407718996401, 34.954548851282304], [-92.0407270296222, 34.95446297526781], [-92.0406822636043, 34.9543770622532], [-92.0406376015864, 34.9542911122387], [-92.0405930445686, 34.95420512622409], [-92.0405485925509, 34.954119103209585], [-92.0405042445331, 34.95403304319498], [-92.0404600015153, 34.9539469471805], [-92.0404158634976, 34.9538608141659], [-92.04037182948, 34.9537746461513], [-92.0403279004623, 34.95368844013667], [-92.0402840764446, 34.95360219912197], [-92.040240356427, 34.953515922107385], [-92.0401967424094, 34.95342960909271], [-92.0401532333919, 34.95334325907811], [-92.0401098283744, 34.95325687406329], [-92.0400665293568, 34.953170454048696], [-92.0400233343394, 34.953083997033985], [-92.0399802453219, 34.95299750601931], [-92.0399372613045, 34.952910978004496], [-92.0398943822871, 34.952824415989795], [-92.0398516092697, 34.9527378179751], [-92.0398089402524, 34.952651184960295], [-92.0397663772351, 34.95256451594559], [-92.0397239202178, 34.95247781293078], [-92.0396815682005, 34.95239107491589], [-92.0396393211832, 34.95230430190121], [-92.039597180166, 34.95221749388639], [-92.0395551441488, 34.9521306518715], [-92.0395132141316, 34.95204377485669], [-92.0394713891145, 34.951956862841875], [-92.0394296710974, 34.95186991682698], [-92.0393880570804, 34.951782936812094], [-92.0393465500633, 34.951695922797214], [-92.0393051490462, 34.951608873782284], [-92.03926385302921, 34.9515217907674], [-92.0392226630123, 34.9514346747525], [-92.03918157899531, 34.9513475237375], [-92.0391406009784, 34.95126033972262], [-92.0390997289615, 34.95117312170769], [-92.0390589629446, 34.95108586969268], [-92.0390183029278, 34.950998584677684], [-92.0389777499109, 34.95091126566271], [-92.0389373018941, 34.9508239136478], [-92.0388969608774, 34.95073652863268], [-92.0388567248606, 34.95064911061768], [-92.0388165968439, 34.9505616586027], [-92.0387765738272, 34.9504741735877], [-92.0387366578105, 34.950386656572604], [-92.0386968477939, 34.9502991065575], [-92.0386571447773, 34.950211523542386], [-92.03861754776071, 34.95012390752742], [-92.0385780567442, 34.9500362585123], [-92.03853867372771, 34.94994857849719], [-92.0384993957111, 34.949860864482], [-92.0384602256947, 34.94977311946687], [-92.0384211616782, 34.949685341451705], [-92.0383822046618, 34.949597531436595], [-92.0383433536454, 34.94950968942138], [-92.038304610629, 34.949421816406215], [-92.0382659736127, 34.94933391039109], [-92.0382274435964, 34.949245972375905], [-92.0381890205801, 34.949158003360594], [-92.0381507045638, 34.949070002345394], [-92.0381124945475, 34.948981970330216], [-92.0380743925314, 34.948893906314986], [-92.0380363975152, 34.94880581129968], [-92.037998509499, 34.94871768528439], [-92.0379607284829, 34.948629527269084], [-92.0379230554668, 34.9485413382538], [-92.0378854884507, 34.94845311923859], [-92.0378480294347, 34.94836486822317], [-92.0378106774186, 34.948276587207886], [-92.0377734324027, 34.94818827519259], [-92.0377362953867, 34.94809993217718], [-92.0376992653707, 34.94801155916189], [-92.0376623433548, 34.94792315614651], [-92.037625528339, 34.947834721131095], [-92.0375888203231, 34.9477462571158], [-92.0375522203073, 34.9476577631004], [-92.0375157282914, 34.947569238084995], [-92.0374793432757, 34.94748068306949], [-92.0374430662599, 34.947392099054106], [-92.0374068962442, 34.94730348403869], [-92.0373708352285, 34.9472148400233], [-92.03733488121291, 34.94712616600779], [-92.0372990341972, 34.947037462992284], [-92.0372632961816, 34.9469487299769], [-92.037227666166, 34.946859967961295], [-92.0371921431504, 34.94677117594589], [-92.0371567281349, 34.946682355930285], [-92.0371214221194, 34.946593505914784], [-92.0370862231039, 34.94650462689929], [-92.0370511320885, 34.946415718883685], [-92.0370161490731, 34.94632678186819], [-92.0369812750576, 34.94623781685262], [-92.0369465090423, 34.94614882183699], [-92.0369118500269, 34.94605979982139], [-92.0368773000116, 34.945970747805795], [-92.0368428589964, 34.945881668790186], [-92.0368085249811, 34.94579256077461], [-92.0367742999659, 34.945703423759], [-92.0367401829507, 34.94561425974328], [-92.03670617493552, 34.94552506672769], [-92.0366722749204, 34.945435846712], [-92.0366384829052, 34.9453465986964], [-92.0366047998901, 34.945257321680685], [-92.0365712248751, 34.945168018665], [-92.03653775886, 34.9450786866493], [-92.036504401845, 34.9449893276336], [-92.03647115283, 34.94489994161789], [-92.0364380128151, 34.94481052760212], [-92.0364049808001, 34.944721086586384], [-92.0363720577852, 34.94463161857069], [-92.0363392437704, 34.9445421235549], [-92.0363065387556, 34.944452600539094], [-92.0362739417407, 34.94436305152329], [-92.0362414547259, 34.9442734755075], [-92.0362090757112, 34.94418387349169], [-92.0361768056964, 34.944094244475885], [-92.0361446446817, 34.9440045884601], [-92.036112592667, 34.94391490644429], [-92.0360806496524, 34.94382519742839], [-92.0360488156378, 34.943735462412484], [-92.0360170906231, 34.943645701396704], [-92.0359854746086, 34.94355591438079], [-92.035953968594, 34.94346610136488], [-92.0359225705795, 34.943376262348984], [-92.035891282565, 34.9432863973331], [-92.0358601035506, 34.94319650631719], [-92.0358290335361, 34.94310659030131], [-92.0357980725217, 34.94301664828541], [-92.0357672215074, 34.942926681269384], [-92.03573647949301, 34.94283668825339], [-92.0357058464787, 34.94274667123748], [-92.0356753234645, 34.942656627221496], [-92.0356449094502, 34.9425665592055], [-92.0356146054359, 34.9424764661896], [-92.0355844104218, 34.94238634817351], [-92.0355543254076, 34.9422962051575], [-92.0355243493934, 34.9422060371415], [-92.0354944833793, 34.94211584512539], [-92.0354647273652, 34.942025628109384], [-92.0354350803511, 34.94193538709338], [-92.035405543337, 34.94184512107728], [-92.0353761153231, 34.941754831061296], [-92.0353467973091, 34.9416645170451], [-92.03531758929512, 34.9415741790291], [-92.0352884912812, 34.94148381701301], [-92.0352595032673, 34.94139342999679], [-92.0352306242535, 34.941303019980786], [-92.0352018552396, 34.941212585964585], [-92.0351731962258, 34.941122128948486], [-92.035144648212, 34.941031647932284], [-92.0351162091982, 34.9409411439162], [-92.0350878801845, 34.94085061589998], [-92.0350596611708, 34.94076006388379], [-92.0350315521572, 34.94066948986757], [-92.0350035531435, 34.94057889285148], [-92.0349756641299, 34.94048827183521], [-92.03494788611631, 34.94039762881901], [-92.0349202171027, 34.940306962802794], [-92.03489265908921, 34.94021627378662], [-92.0348652110757, 34.94012556177029], [-92.0348378730622, 34.94003482775409], [-92.0348106450488, 34.939944070737795], [-92.0347835280354, 34.9398532917215], [-92.034756521022, 34.93976249070519], [-92.0347296250086, 34.939671666688994], [-92.0347028379953, 34.93958082067259], [-92.034676161982, 34.939489953656285], [-92.0346495969687, 34.93939906364011], [-92.0346231419554, 34.93930815262369], [-92.0345967969423, 34.93921721860739], [-92.034570562929, 34.93912626359099], [-92.0345444399159, 34.93903528757468], [-92.0345184269027, 34.938944289558286], [-92.0344925238896, 34.93885327054187], [-92.0344667328766, 34.938762229525494], [-92.0344410508635, 34.938671168509195], [-92.0344154808505, 34.93858008549272], [-92.0343900208375, 34.93848898147629], [-92.0343646718245, 34.93839785645991], [-92.0343394338116, 34.93830671044349], [-92.0343143057987, 34.938215544427], [-92.0342892887859, 34.938124357410594], [-92.034264382773, 34.93803314939421], [-92.0342395877602, 34.93794192137768], [-92.0342149027474, 34.93785067336118], [-92.0341903297346, 34.937759404344696], [-92.0341658667219, 34.9376681153282], [-92.0341415147092, 34.937576806311704], [-92.0341172746965, 34.93748547729519], [-92.0340931446839, 34.93739412827868], [-92.0340691256713, 34.9373027592622], [-92.0340452176587, 34.9372113702456], [-92.0340214206461, 34.93711996222907], [-92.03399773563362, 34.93702853421259], [-92.0339741606211, 34.936937087196014], [-92.0339506976086, 34.9368456201794], [-92.0339273445962, 34.936754135162786], [-92.0339041035837, 34.9366626301462], [-92.0338809735713, 34.93657110512968], [-92.0338579545589, 34.936479562112986], [-92.0338350475467, 34.936388000096386], [-92.0338122505343, 34.936296419079795], [-92.0337895655221, 34.9362048190631], [-92.0337669925098, 34.936113201046496], [-92.0337445294976, 34.93602156402988], [-92.0337221784854, 34.93592990901318], [-92.03369993847322, 34.935838234996496], [-92.03367781046121, 34.935746542979885], [-92.033655793449, 34.935654832963195], [-92.033633887437, 34.93556310494651], [-92.0336120934249, 34.93547135892978], [-92.0335904114129, 34.9353795949131], [-92.0335688394009, 34.935287812896284], [-92.033547380389, 34.9351960128796], [-92.03352603237711, 34.93510419586286], [-92.0335047953651, 34.935012360846095], [-92.0334836703533, 34.9349205088294], [-92.0334626573415, 34.9348286388126], [-92.0334417553296, 34.9347367517959], [-92.0334209653179, 34.93464484777899], [-92.03340028630612, 34.93455292676229], [-92.0333797202944, 34.934460988745485], [-92.0333592652827, 34.934369033728686], [-92.033338921271, 34.9342770617119], [-92.0333186902594, 34.93418507269511], [-92.0332985702478, 34.93409306767822], [-92.0332785622362, 34.93400104566138], [-92.0332586652247, 34.9339090076445], [-92.0332388812131, 34.9338169536277], [-92.0332192082016, 34.933724882610804], [-92.0331996471902, 34.933632795594], [-92.0331801981788, 34.933540692577076], [-92.0331608611674, 34.933448573560206], [-92.033141636156, 34.9333564385433], [-92.0331225231447, 34.9332642885264], [-92.0331035221333, 34.933172121509486], [-92.03308463212201, 34.93307993949258], [-92.0330658551108, 34.93298774247559], [-92.0330471900996, 34.93289552945869], [-92.0330286360884, 34.93280330144169], [-92.03301019507721, 34.93271105742479], [-92.0329918660661, 34.93261879940779], [-92.0329736490549, 34.93252652539079], [-92.0329555440439, 34.93243423737388], [-92.0329375510328, 34.9323419333569], [-92.0329196700218, 34.932249615339884], [-92.0329019010108, 34.93215728232292], [-92.0328842449998, 34.932064935305895], [-92.0328667009889, 34.9319725732889], [-92.032849268978, 34.931880196271884], [-92.0328319489671, 34.9317878052548], [-92.0328147409563, 34.9316954012378], [-92.0327976459455, 34.931602981220706], [-92.0327806629347, 34.9315105482037], [-92.032763791924, 34.931418101186594], [-92.0327470329132, 34.93132564016948], [-92.0327303869025, 34.931233166152495], [-92.0327138528919, 34.9311406771354], [-92.0326974318812, 34.931048176118296], [-92.03268112287061, 34.9309556601012], [-92.03266492586, 34.9308631310841], [-92.0326488408495, 34.93077058906701], [-92.0326328688389, 34.93067803404978], [-92.0326170098285, 34.930585466032674], [-92.032601262818, 34.9304928840156], [-92.0325856278075, 34.930400289998374], [-92.0325701057971, 34.9303076829812], [-92.0325546957868, 34.930215062964116], [-92.0325393987765, 34.930122429946884], [-92.0325242137661, 34.9300297849298], [-92.0325091417558, 34.929937127912595], [-92.0324941827456, 34.9298444578954], [-92.0324793357354, 34.9297517748782], [-92.0324646007252, 34.92965908086089], [-92.032449978715, 34.9295663748437], [-92.0324354697049, 34.929473655826484], [-92.0324210736948, 34.9293809258093], [-92.0324067896847, 34.92928818279209], [-92.0323926176747, 34.92919542977481], [-92.03237855966461, 34.92910266375749], [-92.0323646136547, 34.9290098867403], [-92.0323507796447, 34.928917097722994], [-92.0323370596348, 34.92882429870568], [-92.0323234516249, 34.92873148668839], [-92.032309956615, 34.92863866467118], [-92.0322965736052, 34.92854583165389], [-92.0322833045954, 34.92845298663649], [-92.0322701475856, 34.9283601316192], [-92.0322571035758, 34.928267265601896], [-92.0322441715661, 34.9281743885846], [-92.03223135355641, 34.92808150156728], [-92.0322186475468, 34.92798860354989], [-92.0322060545372, 34.927895695532584], [-92.03219357452751, 34.92780277651519], [-92.032181207518, 34.92770984749788], [-92.0321689535084, 34.927616908480495], [-92.0321568114989, 34.92752395946311], [-92.0321447834895, 34.92743100044571], [-92.03213286748, 34.927338032428295], [-92.0321210654706, 34.927245053410886], [-92.0321093754612, 34.9271520653935], [-92.0320977984518, 34.92705906737609], [-92.0320863344425, 34.92696606035868], [-92.0320749834332, 34.92687304334129], [-92.0320637454239, 34.9267800173238], [-92.0320526204147, 34.926686981306396], [-92.0320416084055, 34.92659393728899], [-92.0320307093963, 34.92650088427148], [-92.0320199233871, 34.92640782125401], [-92.032009250378, 34.92631475023659], [-92.0319986913689, 34.926221670219114], [-92.0319882443599, 34.926128582201585], [-92.0319779103508, 34.92603548418418], [-92.0319676893418, 34.92594237916659], [-92.0319575813329, 34.92584926514908], [-92.0319475873239, 34.925756143131615], [-92.031937705315, 34.9256630121141], [-92.0319279373062, 34.925569874096595], [-92.0319182822973, 34.92547672707898], [-92.0319087402885, 34.92538357306149], [-92.0318993102797, 34.92529041004398], [-92.0318899952709, 34.925197240026385], [-92.0318807922622, 34.925104063008874], [-92.0318717022535, 34.92501087699129], [-92.0318627262449, 34.924917684973686], [-92.0318538632362, 34.92482448495609], [-92.0318451132276, 34.924731277938484], [-92.031836476219, 34.92463806292099], [-92.0318279522104, 34.92454484190338], [-92.03181954220192, 34.924451613885786], [-92.0318112441935, 34.92435837786809], [-92.031803060185, 34.92426513585048], [-92.03179499017662, 34.92417188683291], [-92.0317870321682, 34.9240786318153], [-92.0317791881598, 34.92398536979759], [-92.0317714571514, 34.92389210178], [-92.0317638391431, 34.9237988267624], [-92.0317563341349, 34.92370554574482], [-92.0317489431266, 34.92361225872698], [-92.03174166511842, 34.923518965709384], [-92.0317345001102, 34.9234256666917], [-92.0317274491021, 34.92333236167409], [-92.0317205110939, 34.92323905165639], [-92.03171368608581, 34.923145735638705], [-92.0317069750778, 34.923052413621], [-92.0317003770697, 34.922959085603296], [-92.0316938920618, 34.92286575358559], [-92.0316875210538, 34.9227724155678], [-92.0316812620458, 34.92267907155009], [-92.0316751180379, 34.92258572353241], [-92.03166908603, 34.92249237051459], [-92.0316631680222, 34.92239901149689], [-92.0316573640143, 34.9223056484792], [-92.0316516720066, 34.922212281461405], [-92.0316460939988, 34.92211890844367], [-92.0316406299911, 34.92202553142589], [-92.0316352789834, 34.92193215040808], [-92.0316300409757, 34.9218387643904], [-92.03162491596801, 34.9217453743726], [-92.0316199049605, 34.921651979354785], [-92.0316150079529, 34.92155858133701], [-92.0316102239453, 34.92146517931919], [-92.0316055529378, 34.9213717723013], [-92.0316009949303, 34.921278362283594], [-92.0315965519228, 34.92118494826569], [-92.0315922209155, 34.9210915312479], [-92.03158800390801, 34.920998110230094], [-92.0315838999006, 34.92090468621228], [-92.0315799098933, 34.920811258194384], [-92.031576032886, 34.920717827176496], [-92.0315722698788, 34.920624393158676], [-92.0315686198715, 34.9205309561408], [-92.0315650838643, 34.920437516122995], [-92.0315616608571, 34.9203440731051], [-92.0315583508499, 34.920250627087285], [-92.0315551548429, 34.92015717906929], [-92.0315520728357, 34.920063728051396], [-92.0315491038287, 34.919970274033496], [-92.0315462478217, 34.9198768190157], [-92.0315435058146, 34.919783359997794], [-92.0315408768077, 34.91968989997978], [-92.0315383618007, 34.91959643796188], [-92.0315359597939, 34.919502972943995], [-92.031533671787, 34.91940950592609], [-92.0315314967801, 34.91931603790808], [-92.0315294357733, 34.919222567890195], [-92.0315274877665, 34.9191290958723], [-92.03152565275981, 34.9190356228543], [-92.031523932753, 34.918942147836304], [-92.03152232474632, 34.91884867181838], [-92.0315208307397, 34.91875519480038], [-92.03151945073301, 34.91866171578239], [-92.0315181837264, 34.9185682367645], [-92.0315170307199, 34.918474755746495], [-92.0315159907133, 34.91838127372849], [-92.0315150637068, 34.91828779171048], [-92.0315142507004, 34.9181943086925], [-92.0315135516939, 34.91810082467448], [-92.0315129656875, 34.918007340656494], [-92.0315124936811, 34.9179138556385], [-92.0315121346747, 34.9178203706205], [-92.0315118886684, 34.91772688560241], [-92.0315117566621, 34.91763339958441], [-92.0315117386558, 34.917539914566404], [-92.0315118336496, 34.91744642854831], [-92.0315120426434, 34.9173529435303], [-92.0315123646373, 34.9172594585122], [-92.0315127996311, 34.9171659734941], [-92.031513348625, 34.91707248947609], [-92.0315140116189, 34.91697900545808], [-92.0315147876129, 34.91688552143998], [-92.0315156766068, 34.91679203942191], [-92.0315166796009, 34.91669855740378], [-92.0315177965949, 34.91660507638568], [-92.0315190265889, 34.91651159636759], [-92.0315203695831, 34.91641811734959], [-92.0315218265772, 34.9163246393315], [-92.0315233965713, 34.91623116331329], [-92.0315250805656, 34.916137687295176], [-92.0315268785598, 34.916044214277086], [-92.0315287895541, 34.915950741259], [-92.0315308135483, 34.915857271240796], [-92.0315329515427, 34.91576380222269], [-92.031535202537, 34.915670334204606], [-92.0315375675314, 34.915576869186395], [-92.0315400455258, 34.9154834061683], [-92.0315426365203, 34.91538994515011], [-92.03154534151471, 34.915296486131986], [-92.0315481605092, 34.91520302911378], [-92.0315510925038, 34.91510957509569], [-92.0315541374983, 34.91501612307751], [-92.0315572964929, 34.914922674059284], [-92.0315605694876, 34.91482922704119], [-92.0315639544822, 34.91473578302299], [-92.0315674544769, 34.91464234200477], [-92.0315710664716, 34.914548903986585], [-92.0315747924664, 34.91445546796838], [-92.0315786324612, 34.914362035950184], [-92.031582585456, 34.9142686079319], [-92.03158665145081, 34.914175181913805], [-92.0315908314457, 34.9140817598955], [-92.0315951244406, 34.9139883408773], [-92.0315995304356, 34.913894925859104], [-92.0316040504305, 34.91380151484079], [-92.0316086834255, 34.913708106822575], [-92.0316134304206, 34.91361470280438], [-92.0316182904156, 34.9135213037862], [-92.0316232634107, 34.91342790776789], [-92.0316283504058, 34.9133345157497], [-92.031633550401, 34.9132411287314], [-92.0316388643961, 34.91314774571309], [-92.0316442913914, 34.9130543666949], [-92.0316498313866, 34.912960992676574], [-92.0316554843819, 34.912867622658275], [-92.0316612513772, 34.912774258640084], [-92.0316671313725, 34.912680898621794], [-92.0316731253679, 34.91258754360349], [-92.0316792323633, 34.91249419258521], [-92.0316854523588, 34.91240084756691], [-92.0316917853542, 34.912307507548604], [-92.0316982323497, 34.91221417353031], [-92.0317047923453, 34.91212084451198], [-92.0317114653408, 34.91202752049371], [-92.0317182523364, 34.91193420147539], [-92.031725151332, 34.9118408894571], [-92.0317321643276, 34.91174758243869], [-92.0317392913233, 34.91165428142039], [-92.0317465303191, 34.91156098540208], [-92.0317538833148, 34.9114676963838], [-92.0317613493106, 34.91137441336539], [-92.0317689283064, 34.91128113634701], [-92.0317766213022, 34.91118786632869], [-92.03178442729812, 34.911094602310406], [-92.031792345294, 34.91100134429199], [-92.0318003782899, 34.91090809327369], [-92.03180852328592, 34.9108148482553], [-92.0318167812819, 34.9107216102369], [-92.0318251532779, 34.910628379218494], [-92.0318336372739, 34.91053515520019], [-92.03184223527002, 34.9104419391818], [-92.0318509462661, 34.910348729163395], [-92.0318597702623, 34.910255526144994], [-92.0318687082585, 34.91016233112668], [-92.0318777582547, 34.9100691431083], [-92.0318869222509, 34.90997596308991], [-92.0318961982472, 34.90988279007149], [-92.0319055882435, 34.909789625053094], [-92.0319150902399, 34.909696467034586], [-92.0319247062362, 34.909603318016295], [-92.0319344352326, 34.9095101769978], [-92.031944277229, 34.90941704297938], [-92.0319542322255, 34.90932391796099], [-92.031964300222, 34.909230800942595], [-92.0319744802185, 34.909137691924094], [-92.031984774215, 34.9090445919057], [-92.0319951812116, 34.908951499887195], [-92.0320057012082, 34.9088584168688], [-92.0320163342049, 34.908765342850394], [-92.0320270802016, 34.90867227683202], [-92.0320379381983, 34.90857921981349], [-92.032048910195, 34.908486172794994], [-92.0320599951917, 34.908393133776606], [-92.0320711921886, 34.9083001047581], [-92.0320825021854, 34.90820708373959], [-92.0320939261823, 34.90811407372119], [-92.0321054621791, 34.9080210717027], [-92.0321171111761, 34.90792807968419], [-92.0321288731731, 34.90783509766582], [-92.03214074717, 34.907742125647296], [-92.032152735167, 34.90764916262881], [-92.0321648351641, 34.90755620961028], [-92.0321770481612, 34.9074632675918], [-92.0321893741583, 34.9073703345733], [-92.0322018131555, 34.90727741255481], [-92.0322143651526, 34.90718450053629], [-92.0322270291498, 34.90709159851778], [-92.032239806147, 34.9069987074993], [-92.0322526951443, 34.90690582648079], [-92.0322656981416, 34.9068129564623], [-92.032278813139, 34.906720097443795], [-92.0322920411363, 34.90662724842519], [-92.0323053811337, 34.90653441140681], [-92.0323188341311, 34.90644158538818], [-92.0323324001286, 34.9063487693697], [-92.03234607812611, 34.9062559653511], [-92.03235986912361, 34.906163172332604], [-92.0323737731212, 34.906070391314096], [-92.03238778911881, 34.90597762129549], [-92.0324019181163, 34.905884863277], [-92.032416159114, 34.90579211625849], [-92.0324305131116, 34.905699381239884], [-92.0324449791094, 34.905606659221384], [-92.0324595581071, 34.90551394820281], [-92.0324742501049, 34.9054212491843], [-92.03248905310271, 34.9053285621657], [-92.0325039701005, 34.90523588714719], [-92.0325189990984, 34.905143225128484], [-92.0325341400963, 34.905050575109975], [-92.0325493930942, 34.90495793809139], [-92.0325647590922, 34.9048653130728], [-92.0325802380901, 34.90477270105429], [-92.0325958290881, 34.90468010203569], [-92.0326115320862, 34.904587516017095], [-92.03262734708431, 34.90449494299849], [-92.03264327508242, 34.90440238197999], [-92.0326593150806, 34.90430983496139], [-92.0326754680788, 34.9042173009428], [-92.032691733077, 34.904124780924185], [-92.0327081100752, 34.9040322739056], [-92.0327245990734, 34.90393977988699], [-92.0327412000717, 34.90384730086839], [-92.03275791407, 34.9037548338498], [-92.0327747400684, 34.903662381831204], [-92.0327916780668, 34.90356994381249], [-92.0328087280653, 34.90347751879399], [-92.0328258900637, 34.90338510877541], [-92.0328431650622, 34.903292712756674], [-92.0328605510607, 34.90320033073812], [-92.0328780500593, 34.90310796271949], [-92.0328956610578, 34.90301560970088], [-92.0329133840565, 34.90292327168219], [-92.0329312180551, 34.90283094766361], [-92.0329491650538, 34.902738638644905], [-92.0329672240525, 34.90264634362638], [-92.0329853950512, 34.90255406460767], [-92.03300367805, 34.90246180058909], [-92.0330220720488, 34.902369550570384], [-92.0330405790477, 34.902277316551796], [-92.0330591970465, 34.90218509753309], [-92.0330779280454, 34.902092894514496], [-92.0330967700443, 34.902000706495905], [-92.0331157240433, 34.90190853447717], [-92.0331347900423, 34.90181637745858], [-92.0331539680413, 34.9017242364399], [-92.0331732580403, 34.90163211142117], [-92.0331926590394, 34.901540002402584], [-92.0332121720386, 34.90144790938397], [-92.0332317970377, 34.90135583236532], [-92.0332515330368, 34.90126377134662], [-92.033271382036, 34.901171726327895], [-92.0332913410353, 34.901079698309296], [-92.0333114130346, 34.900987686290605], [-92.0333315960339, 34.90089569127189], [-92.0333518910332, 34.90080371325329], [-92.0333722970326, 34.90071175123461], [-92.033392815032, 34.9006198062159], [-92.0334134450314, 34.90052787919721], [-92.0334341860308, 34.90043596817858], [-92.0334550380303, 34.90034407415989], [-92.0334760020299, 34.9002521981412], [-92.0334970770294, 34.90016033912249], [-92.033518264029, 34.900068497103796], [-92.0335395630286, 34.89997667308509], [-92.0335609720283, 34.89988486606638], [-92.033582493028, 34.89979307704767], [-92.0336041260276, 34.899701306029094], [-92.0336258700274, 34.89960955201038], [-92.0336477250272, 34.899517816991704], [-92.0336696910269, 34.8994260999729], [-92.0336917690268, 34.89933439995419], [-92.0337139570267, 34.8992427189355], [-92.0337362570266, 34.8991510569168], [-92.0337586690265, 34.89905941189808], [-92.0337811910264, 34.8989677868795], [-92.0338038250264, 34.89887617986079], [-92.0338265690265, 34.89878459084199], [-92.0338494250265, 34.89869302082329], [-92.0338723920266, 34.89860147080462], [-92.0338954700267, 34.8985099387859], [-92.0339186590269, 34.898418425767204], [-92.033941959027, 34.8983269317484], [-92.0339653700272, 34.89823545772971], [-92.0339888920275, 34.89814400271101], [-92.0340125250278, 34.89805256669229], [-92.0340362690281, 34.89796115067361], [-92.0340601230284, 34.8978697536549], [-92.0340840890288, 34.89777837763609], [-92.0341081650291, 34.897687020617404], [-92.0341323530296, 34.89759568259868], [-92.0341566510301, 34.897504365579884], [-92.0341810600306, 34.897413068561185], [-92.0342055790311, 34.897321791542495], [-92.0342302090316, 34.89723053452381], [-92.0342549500322, 34.897139298504996], [-92.0342798020328, 34.89704808248631], [-92.0343047640335, 34.8969568864676], [-92.0343298370342, 34.89686571144879], [-92.0343550210348, 34.89677455743011], [-92.0343803150356, 34.8966834244113], [-92.03440571903641, 34.89659231139259], [-92.0344312340372, 34.896501219373896], [-92.034456860038, 34.896410149355184], [-92.0344825960389, 34.89631910033629], [-92.0345084430398, 34.8962280713176], [-92.0345343990407, 34.8961370652989], [-92.0345604670417, 34.89604607928009], [-92.0345866440426, 34.8959551152614], [-92.0346129320437, 34.89586417324268], [-92.0346393310448, 34.89577325322389], [-92.0346658390458, 34.895682354205086], [-92.034692458047, 34.89559147718637], [-92.0347191870481, 34.89550062216769], [-92.0347460270493, 34.89540978914891], [-92.0347729760505, 34.89531897913018], [-92.0348000360517, 34.895228190111396], [-92.034827205053, 34.895137424092695], [-92.03485448505431, 34.89504668007388], [-92.0348818750557, 34.8949559590552], [-92.034909375057, 34.8948652610364], [-92.0349369850584, 34.8947745850177], [-92.0349647050599, 34.89468393199891], [-92.0349925350613, 34.894593300980084], [-92.0350204740628, 34.89450269396138], [-92.0350485240643, 34.89441210994261], [-92.0350766830659, 34.89432154892379], [-92.0351049530675, 34.89423101090509], [-92.0351333320691, 34.89414049688639], [-92.0351618210707, 34.89405000586758], [-92.0351904200724, 34.8939595378488], [-92.0352191280742, 34.89386909383009], [-92.0352479460759, 34.8937786738113], [-92.0352768740776, 34.89368827679259], [-92.0353059110794, 34.893597904773785], [-92.0353350580813, 34.893507555754994], [-92.0353643150832, 34.89341723173618], [-92.0353936810851, 34.893326930717485], [-92.035423157087, 34.893236654698704], [-92.0354527420889, 34.893146402679996], [-92.035482436091, 34.89305617466119], [-92.035512241093, 34.892965972642486], [-92.03554215409501, 34.892875793623695], [-92.0355721770971, 34.89278563960492], [-92.0356023090992, 34.89269551058619], [-92.0356325501013, 34.8926054065674], [-92.0356629011035, 34.89251532754862], [-92.03569336110581, 34.892425273529895], [-92.035723930108, 34.89233524451111], [-92.0357546081103, 34.89224524149228], [-92.0357853961126, 34.892155262473594], [-92.0358162931149, 34.892065309454765], [-92.0358472981173, 34.891975382435994], [-92.0358784131197, 34.891885480417216], [-92.0359096371221, 34.891795604398496], [-92.0359409701246, 34.891705753379696], [-92.03597241112712, 34.89161592836099], [-92.0360039621296, 34.89152613034219], [-92.0360356221322, 34.891436357323514], [-92.0360673901347, 34.891346611304684], [-92.0360992681374, 34.891256890285874], [-92.03613125414, 34.89116719626709], [-92.0361633491427, 34.8910775292484], [-92.0361955521454, 34.8909878872296], [-92.0362278641481, 34.89089827321079], [-92.0362602851509, 34.89080868519211], [-92.0362928151537, 34.89071912417329], [-92.0363254531566, 34.8906295891545], [-92.03635820015941, 34.89054008213582], [-92.0363910551623, 34.89045060211699], [-92.0364240191653, 34.89036114809831], [-92.0364570921682, 34.89027172207949], [-92.0364902721712, 34.89018232306071], [-92.0365235621742, 34.89009295204198], [-92.0365569591773, 34.890003608023186], [-92.0365904651803, 34.889914292004406], [-92.0366240791835, 34.88982500298571], [-92.0366578021866, 34.889735741966874], [-92.0366916331898, 34.889646508948076], [-92.036725572193, 34.8895573029294], [-92.0367596191962, 34.889468125910604], [-92.0367937741995, 34.88937897689192], [-92.0368280372028, 34.88928985587311], [-92.0368624092062, 34.8892007628544], [-92.0368968882095, 34.8891116978356], [-92.0369314762129, 34.8890226618168], [-92.0369661712163, 34.888933654798095], [-92.0370009742198, 34.888844675779396], [-92.0370358862233, 34.888755725760596], [-92.0370709052268, 34.8886668047418], [-92.0371060322303, 34.88857791172308], [-92.03714126623402, 34.88848904870429], [-92.0371766092375, 34.88840021368559], [-92.0372120592412, 34.8883114086668], [-92.03724761724492, 34.888222632648066], [-92.0372832822486, 34.888133885629294], [-92.0373190552523, 34.888045168610596], [-92.0373549362561, 34.88795648159179], [-92.0373909242599, 34.88786782257311], [-92.0374270202637, 34.8877791945543], [-92.0374632232676, 34.88769059553559], [-92.0374995342715, 34.88760202651689], [-92.0375359522754, 34.88751348849809], [-92.0375724772794, 34.88742497947929], [-92.0376091102833, 34.887336500460606], [-92.0376458502874, 34.88724805244188], [-92.0376826972914, 34.8871596334231], [-92.0377196512955, 34.88707124640439], [-92.0377567132996, 34.88698288838569], [-92.0377938823037, 34.88689456236689], [-92.0378311583079, 34.886806266348174], [-92.0378685403121, 34.886718000329516], [-92.0379060303164, 34.886629766310676], [-92.0379436273206, 34.886541562291995], [-92.0379813313249, 34.8864533902733], [-92.0380191423293, 34.88636524825448], [-92.0380570593336, 34.8862771382358], [-92.03809508433801, 34.88618905921702], [-92.0381332153424, 34.8861010111983], [-92.0381714533468, 34.88601299517957], [-92.0382097973514, 34.8859250111609], [-92.0382482493559, 34.88583705814207], [-92.03828680736041, 34.885749136123394], [-92.038325471365, 34.885661247104686], [-92.0383642423696, 34.885573389086], [-92.0384031203742, 34.8854855640673], [-92.0384421043789, 34.88539777004851], [-92.0384811953836, 34.88531000902979], [-92.0385203923883, 34.8852222790111], [-92.0385596953931, 34.8851345829924], [-92.0385991053979, 34.8850469179737], [-92.0386386204027, 34.884959285955006], [-92.03867824340762, 34.88487168693632], [-92.0387179714125, 34.88478411991761], [-92.0387578064174, 34.8846965858989], [-92.0387977464223, 34.884609084880196], [-92.0388377934273, 34.884521616861484], [-92.0388779464323, 34.8844341818427], [-92.0389182044373, 34.884346779824085], [-92.0389585694424, 34.88425941180542], [-92.0389990404475, 34.884172075786694], [-92.0390396164526, 34.88408477376798], [-92.0390802994578, 34.8839975057493], [-92.039121087463, 34.88391026973061], [-92.0391619814682, 34.883823068711905], [-92.03920298147351, 34.883735900693196], [-92.0392440864787, 34.883648767674494], [-92.0392852974841, 34.88356166765588], [-92.0393266134894, 34.883474601637204], [-92.0393680354948, 34.883387569618485], [-92.0394095635002, 34.883300571599776], [-92.0394511965056, 34.883213607581105], [-92.0394929355111, 34.88312667856251], [-92.0395347795166, 34.88303978454379], [-92.0395767285222, 34.88295292352511], [-92.0396187825277, 34.88286609850639], [-92.0396609425333, 34.88277930748781], [-92.0397032075389, 34.88269255146909], [-92.0397455775446, 34.88260582945048], [-92.0397880525503, 34.88251914343179], [-92.039830633556, 34.882432492413095], [-92.0398733185618, 34.882345875394485], [-92.0399161095675, 34.882259294375785], [-92.0399590045733, 34.88217274935711], [-92.0400020045792, 34.88208623833851], [-92.040045109585, 34.88199976331978], [-92.0400883195909, 34.8819133243012], [-92.0401316345969, 34.881826920282585], [-92.0401750546028, 34.881740552263885], [-92.0402185786088, 34.881654220245274], [-92.0402622076148, 34.88156792422659], [-92.0403059406209, 34.88148166320801], [-92.040349778627, 34.88139543918932], [-92.04039372163311, 34.88130925117069], [-92.0404377686392, 34.88122309915208], [-92.0404819196454, 34.881136983133494], [-92.0405261756516, 34.88105090411481], [-92.0405705356579, 34.88096486209619], [-92.0406150006641, 34.88087885607759], [-92.04065956867042, 34.880792886059], [-92.0407042416768, 34.88070695404028], [-92.0407490196831, 34.8806210580218], [-92.0407939006895, 34.880535199003084], [-92.04083888569592, 34.880449376984494], [-92.0408839747024, 34.88036359196588], [-92.0409291687089, 34.880277844947294], [-92.0409744657154, 34.880192133928695], [-92.0410198667219, 34.88010646091012], [-92.0410653717285, 34.88002082589148], [-92.0411109807352, 34.87993522787288], [-92.0411566927418, 34.8798496668543], [-92.04120250974842, 34.8797641448357], [-92.04124842875511, 34.879678659817095], [-92.0412944527619, 34.87959321279861], [-92.0413405797686, 34.87950780277999], [-92.0413868107754, 34.879422431761384], [-92.0414331447823, 34.87933709874291], [-92.0414795817891, 34.87925180472429], [-92.041526122796, 34.8791665477057], [-92.0415727668028, 34.8790813296871], [-92.0416195148098, 34.878996149668616], [-92.0416663658168, 34.87891100865], [-92.0417133198238, 34.878825906631384], [-92.0417603768308, 34.878740842612906], [-92.0418075368379, 34.878655817594286], [-92.041854799845, 34.87857083157581], [-92.0419021668521, 34.87848588455719], [-92.0419496358593, 34.8784009765387], [-92.0419972078664, 34.87831610752011], [-92.0420448828737, 34.87823127850161], [-92.0420926608809, 34.878146487483086], [-92.0421405408882, 34.878061736464495], [-92.04218852489551, 34.877977025445986], [-92.0422366109028, 34.87789235342749], [-92.0422847989102, 34.877807721409006], [-92.0423330899176, 34.8777231283904], [-92.042381483925, 34.8776385763719], [-92.0424299799325, 34.877554063353394], [-92.04247857894, 34.877469590334904], [-92.0425272799475, 34.877385157316404], [-92.0425760829551, 34.877300765297775], [-92.04262498896261, 34.87721641227928], [-92.0426739969702, 34.87713210026089], [-92.0427231069779, 34.8770478292424], [-92.0427723189855, 34.8769635982238], [-92.04282163299331, 34.8768794072054], [-92.042871049001, 34.87679525718689], [-92.0429205680087, 34.87671114816838], [-92.0429701880166, 34.876627080149895], [-92.0430199100243, 34.876543053131385], [-92.0430697340322, 34.876459066113], [-92.0431196600401, 34.87637512109448], [-92.04316968704802, 34.876291217075995], [-92.043219816056, 34.8762073540575], [-92.043270047064, 34.8761235320391], [-92.043320379072, 34.87603975202059], [-92.04337081308, 34.87595601300221], [-92.0434213480881, 34.8758723159837], [-92.0434719850961, 34.87578866096528], [-92.0435227231043, 34.875705046946806], [-92.0435735631124, 34.87562147592841], [-92.0436245041206, 34.87553794591], [-92.0436755461289, 34.8754544578915], [-92.0437266891371, 34.87537101187309], [-92.0437779331453, 34.87528760785469], [-92.0438292791537, 34.875204246836304], [-92.043880725162, 34.87512092781779], [-92.0439322721703, 34.87503765079939], [-92.0439839211788, 34.87495441678099], [-92.0440356701872, 34.87487122576258], [-92.04408752019562, 34.87478807674421], [-92.0441394702041, 34.8747049697258], [-92.0441915222126, 34.874621906707375], [-92.0442436742212, 34.874538886688995], [-92.0442959272298, 34.87445590867059], [-92.0443482802384, 34.874372974652196], [-92.044400734247, 34.874290083633795], [-92.0444532882557, 34.87420723561541], [-92.0445059432644, 34.8741244305971], [-92.0445586982731, 34.8740416695787], [-92.0446115532819, 34.873958952560294], [-92.0446645082907, 34.873876277542], [-92.0447175642995, 34.87379364752359], [-92.0447707203083, 34.8737110605053], [-92.04482397631722, 34.8736285174869], [-92.04487733132612, 34.87354601846859], [-92.044930787335, 34.87346356345017], [-92.044984343344, 34.87338115343179], [-92.045037999353, 34.87329878641359], [-92.045091754362, 34.873216463395224], [-92.0451456093711, 34.873134185376806], [-92.0451995643802, 34.873051951358484], [-92.0452536193893, 34.872969762340155], [-92.04530777339842, 34.872887617321894], [-92.0453620274076, 34.87280551730357], [-92.0454163804168, 34.8727234622853], [-92.0454708324261, 34.872641451266986], [-92.0455253844354, 34.8725594862487], [-92.0455800364446, 34.87247756523039], [-92.0456347864539, 34.87239568921211], [-92.0456896364633, 34.872313859193795], [-92.0457445854727, 34.87223207317558], [-92.0457996334821, 34.872150333157194], [-92.0458547804915, 34.872068639138995], [-92.045910026501, 34.87198699012069], [-92.0459653715105, 34.87190538610239], [-92.0460208155201, 34.87182382808421], [-92.0460763585296, 34.87174231606589], [-92.0461319995392, 34.87166084904769], [-92.0461877395488, 34.8715794290294], [-92.04624357855852, 34.87149805401109], [-92.0462995155682, 34.871416725992894], [-92.0463555515779, 34.871335442974704], [-92.0464116865876, 34.87125420695651], [-92.0464679195974, 34.871173016938194], [-92.0465242506072, 34.87109187291999], [-92.0465806806171, 34.87101077590179], [-92.0466372076269, 34.87092972488358], [-92.0466938336368, 34.87084872086539], [-92.0467505586467, 34.870767763847205], [-92.0468073806567, 34.870686852829], [-92.04686430066671, 34.87060598881079], [-92.0469213186766, 34.870525171792615], [-92.0469784356867, 34.870444401774385], [-92.0470356496968, 34.8703636797562], [-92.0470929607068, 34.8702830037381], [-92.047150370717, 34.8702023757199], [-92.0472078777271, 34.87012179470169], [-92.0472654827373, 34.87004126068349], [-92.0473231857476, 34.8699607746654], [-92.0473809857578, 34.86988033564719], [-92.04743888276812, 34.86979994462909], [-92.0474968777784, 34.869719601610896], [-92.04755496978872, 34.8696393065928], [-92.0476131597991, 34.86955905857471], [-92.0476714458095, 34.86947885855649], [-92.0477298298199, 34.869398707538494], [-92.0477883108303, 34.8693186045203], [-92.0478468888409, 34.86923854850218], [-92.0479055638514, 34.86915854248409], [-92.0479643358619, 34.869078583466006], [-92.0480232048725, 34.8689986734479], [-92.048082170883, 34.86891881242979], [-92.0481412328937, 34.86883899941169], [-92.0482003919044, 34.86875923439359], [-92.048259647915, 34.8686795193756], [-92.0483189999257, 34.86859985235751], [-92.0483784489365, 34.86852023533938], [-92.0484379939472, 34.868440666321405], [-92.0484976359581, 34.86836114630331], [-92.0485573739689, 34.868281676285186], [-92.0486172079798, 34.86820225526721], [-92.0486771389907, 34.8681228832492], [-92.0487371660016, 34.86804356023111], [-92.0487972880126, 34.867964288213116], [-92.0488575070235, 34.8678850641951], [-92.0489178220346, 34.86780589017699], [-92.0489782330456, 34.867726766159], [-92.0490387390567, 34.867647692140984], [-92.0490993410677, 34.867568668122885], [-92.0491600400789, 34.86748969310504], [-92.04922083309, 34.867410769086995], [-92.0492817231012, 34.86733189506899], [-92.0493427081124, 34.867253071050996], [-92.0494037881237, 34.867174297033095], [-92.0494649641349, 34.867095573015085], [-92.0495262351463, 34.8670168999971], [-92.0495876011576, 34.866938277979095], [-92.0496490631689, 34.866859705961204], [-92.0497106201803, 34.8667811849432], [-92.0497722721917, 34.86670271392531], [-92.0498340192032, 34.86662429390731], [-92.0498958612147, 34.86654592588939], [-92.0499577982262, 34.86646760787139], [-92.0500198302377, 34.8663893408535], [-92.0500819572493, 34.8663111248356], [-92.0501441782609, 34.866232960817705], [-92.0502064952725, 34.86615484779978], [-92.05026890528411, 34.86607678578189], [-92.0503314112958, 34.86599877576399], [-92.0503940113075, 34.86592081674608], [-92.0504567053192, 34.8658429097282], [-92.050519494331, 34.86576505371029], [-92.0505823763428, 34.865687249692506], [-92.0506453543546, 34.86560949767459], [-92.0507084253665, 34.86553179765671], [-92.0507715913784, 34.86545414963891], [-92.0508348503903, 34.86537655362109], [-92.0508982044023, 34.8652990106032], [-92.0509616514142, 34.865221518585294], [-92.0510251934262, 34.865144079567486], [-92.0510888284382, 34.86506669254971], [-92.0511525574503, 34.864989357531876], [-92.05121637946242, 34.86491207551399], [-92.0512802954745, 34.8648348464962], [-92.0513443054866, 34.8647576704784], [-92.0514084084988, 34.8646805464606], [-92.051472605511, 34.86460347544279], [-92.0515368955233, 34.86452645642509], [-92.0516012785355, 34.86444949140729], [-92.0516657555478, 34.864372579389475], [-92.05173032456011, 34.86429572037181], [-92.0517949875724, 34.86421891535399], [-92.0518597435848, 34.8641421623362], [-92.0519245925972, 34.864065463318475], [-92.0519895336096, 34.86398881830068], [-92.0520545686221, 34.863912226282984], [-92.0521196956346, 34.86383568726529], [-92.0521849156471, 34.86375920324748], [-92.0522502286596, 34.86368277222981], [-92.0523156336722, 34.86360639421212], [-92.0523811316848, 34.86353007119439], [-92.05244672169752, 34.86345380217669], [-92.05251240371011, 34.86337758715901], [-92.0525781787227, 34.86330142614131], [-92.0526440457355, 34.86322531912358], [-92.0527100057482, 34.8631492661059], [-92.052776056761, 34.86307326808832], [-92.0528422007738, 34.86299732407058], [-92.0529084357866, 34.86292143505299], [-92.0529747627995, 34.862845601035296], [-92.0530411828124, 34.86276982101771], [-92.0531076928253, 34.862694096], [-92.0531742958383, 34.862618424982394], [-92.05324099085121, 34.86254280996481], [-92.0533077758642, 34.86246724894708], [-92.0533746538772, 34.86239174392957], [-92.0534416228903, 34.86231629291189], [-92.0535086829034, 34.86224089789439], [-92.0535758349165, 34.862165557876715], [-92.0536430769297, 34.8620902738592], [-92.0537104109428, 34.86201504484159], [-92.053777836956, 34.861939870823996], [-92.0538453529692, 34.86186475280638], [-92.0539129599825, 34.8617896907889], [-92.0539806579958, 34.861714683771275], [-92.0540484470091, 34.86163973275378], [-92.0541163270224, 34.861564837736196], [-92.0541842970358, 34.86148999871871], [-92.0542523580492, 34.86141521570119], [-92.0543205100626, 34.861340489683684], [-92.054388752076, 34.86126581866617], [-92.0544570840895, 34.86119120364869], [-92.0545255071031, 34.8611166456312], [-92.0545940201166, 34.86104214361371], [-92.0546626241302, 34.860967698596205], [-92.0547313171438, 34.86089330957869], [-92.0548001011574, 34.860818977561166], [-92.054868975171, 34.8607447025438], [-92.0549379381847, 34.86067048352628], [-92.0550069921984, 34.8605963215088], [-92.0550761352121, 34.8605222174914], [-92.0551453682259, 34.860448169474], [-92.0552146912397, 34.860374178456574], [-92.0552841032535, 34.8603002444391], [-92.0553536052673, 34.860226368421706], [-92.0554231962812, 34.86015254840429], [-92.0554928772952, 34.86007878738689], [-92.055562647309, 34.860005082369476], [-92.05563250732301, 34.859931435352095], [-92.055702455337, 34.859857846334684], [-92.055772493351, 34.85978431431739], [-92.0558426203651, 34.85971084029999], [-92.0559128353791, 34.85963742428259], [-92.0559831403932, 34.85956406626532], [-92.0560535334074, 34.859490765248], [-92.0561240154215, 34.8594175232306], [-92.0561945864357, 34.85934433921331], [-92.0562652464499, 34.859271213195925], [-92.0563359944641, 34.85919814517859], [-92.0564068304784, 34.85912513516128], [-92.0564777554927, 34.85905218414399], [-92.056548769507, 34.8589792921267], [-92.0566198705214, 34.858906457109484], [-92.0566910605357, 34.85883368209208], [-92.0567623385501, 34.85876096507488], [-92.0568337045646, 34.858688307057584], [-92.056905158579, 34.858615708040304], [-92.05697670059351, 34.8585431670232], [-92.057048329608, 34.85847068600589], [-92.0571200476226, 34.8583982629886], [-92.0571918526372, 34.858325899971405], [-92.0572637456517, 34.8582535959542], [-92.0573357256663, 34.858181350936995], [-92.057407793681, 34.85810916491981], [-92.0574799486957, 34.8580370389026], [-92.0575521917104, 34.85796497288538], [-92.0576245217251, 34.8578929648682], [-92.0576969387399, 34.85782101785101], [-92.0577694427547, 34.8577491298338], [-92.0578420337695, 34.85767730181671], [-92.0579147117843, 34.85760553379949], [-92.0579874767992, 34.85753382478241], [-92.05806032881411, 34.857462176765175], [-92.0581332678291, 34.8573905887481], [-92.058206292844, 34.857319059730976], [-92.058279404859, 34.85724759171389], [-92.058352603874, 34.8571761846968], [-92.058425888889, 34.857104836679696], [-92.0584992599041, 34.85703354966259], [-92.0585727179192, 34.856962322645494], [-92.0586462619343, 34.85689115662839], [-92.0587198919495, 34.856820051611386], [-92.0587936079646, 34.8567490065943], [-92.0588674099798, 34.85667802257718], [-92.058941297995, 34.8566070995602], [-92.0590152720103, 34.85653623754321], [-92.0590893320256, 34.8564654365262], [-92.0591634780409, 34.8563946955092], [-92.0592377090562, 34.856324016492096], [-92.0593120260716, 34.8562533984751], [-92.059386428087, 34.856182841458086], [-92.0594609161024, 34.8561123464411], [-92.0595354891178, 34.856041912424104], [-92.0596101471333, 34.85597153940719], [-92.0596848911488, 34.855901228390195], [-92.0597597201643, 34.8558309793732], [-92.0598346341799, 34.855760791356296], [-92.0599096321955, 34.85569066533939], [-92.0599847162111, 34.85562060132239], [-92.0600598842267, 34.855550599305495], [-92.0601351382423, 34.85548065828859], [-92.0602104762581, 34.85541078027169], [-92.0602858982738, 34.85534096425481], [-92.0603614052895, 34.855271210237895], [-92.0604369973053, 34.855201518221], [-92.0605126733211, 34.8551318882041], [-92.0605884333369, 34.85506232118727], [-92.0606642773528, 34.85499281617039], [-92.0607402063686, 34.854923374153515], [-92.0608162193846, 34.854853994136676], [-92.0608923154005, 34.854784677119895], [-92.0609684964164, 34.854715423102995], [-92.0610447604324, 34.854646231086285], [-92.0611211084485, 34.854577102069406], [-92.0611975404644, 34.854508037052604], [-92.06127405648061, 34.85443903403579], [-92.0613506554966, 34.854370094019096], [-92.0614273375128, 34.854301218002306], [-92.0615041035289, 34.85423240398551], [-92.0615809525451, 34.8541636539687], [-92.0616578855613, 34.85409496695198], [-92.0617349015775, 34.85402634393528], [-92.0618119995937, 34.85395778391851], [-92.06188918161, 34.85388928790179], [-92.0619664466263, 34.85382085488509], [-92.0620437936426, 34.853752485868405], [-92.062121223659, 34.853684179851584], [-92.0621987366754, 34.853615938835], [-92.0622763326918, 34.85354776081828], [-92.0623540107082, 34.853479646801624], [-92.0624317707247, 34.853411597785005], [-92.0625096137412, 34.8533436117683], [-92.0625875397577, 34.85327569075159], [-92.0626655467743, 34.853207832735], [-92.06274363679091, 34.85314003971839], [-92.0628218078074, 34.853072311701794], [-92.0629000618241, 34.853004647685076], [-92.0629783978407, 34.85293704766859], [-92.0630568148574, 34.85286951265189], [-92.0631353138741, 34.85280204163538], [-92.0632138948908, 34.85273463661881], [-92.0632925579075, 34.8526672956022], [-92.0633713019243, 34.85260001858569], [-92.0634501269411, 34.85253280756909], [-92.063529033958, 34.85246566155259], [-92.0636080219749, 34.85239857953609], [-92.0636870909917, 34.85233156351948], [-92.0637662420087, 34.852264612502985], [-92.06384547302561, 34.8521977264865], [-92.0639247850426, 34.85213090647001], [-92.0640041790596, 34.8520641504535], [-92.0640836530766, 34.85199746143699], [-92.0641632080936, 34.85193083642059], [-92.0642428431107, 34.851864278404086], [-92.0643225591278, 34.8517977853876], [-92.0644023561449, 34.85173135737119], [-92.0644822331621, 34.851664996354785], [-92.0645621901792, 34.85159870033839], [-92.0646422281964, 34.85153247032189], [-92.0647223462137, 34.85146630630547], [-92.0648025442309, 34.8514002082891], [-92.0648828212482, 34.851334176272715], [-92.0649631792655, 34.85126821125629], [-92.0650436172828, 34.85120231124], [-92.0651241343002, 34.85113647822361], [-92.0652047313176, 34.851070711207186], [-92.065285408335, 34.85100501119091], [-92.0653661643524, 34.85093937717459], [-92.0654470003698, 34.8508738091583], [-92.0655279153873, 34.85080830914199], [-92.0656089094049, 34.850742875125604], [-92.0656899834224, 34.8506775071093], [-92.06577113644002, 34.85061220709299], [-92.0658523674576, 34.8505469730768], [-92.0659336784752, 34.8504818070605], [-92.0660150684928, 34.85041670704419], [-92.0660965365105, 34.850351674028], [-92.06617808352811, 34.8502867090117], [-92.0662597095459, 34.8502218109955], [-92.0663414135636, 34.85015697997928], [-92.0664231965814, 34.8500922159631], [-92.0665050575992, 34.85002751994689], [-92.066586996617, 34.849962890930684], [-92.0666690146349, 34.849898329914495], [-92.0667511106528, 34.849833835898394], [-92.0668332846707, 34.849769409882185], [-92.0669155366885, 34.84970505186601], [-92.0669978667065, 34.8496407608499], [-92.0670802737245, 34.849576538833695], [-92.0671627587425, 34.8495123838176], [-92.0672453217605, 34.8494482968015], [-92.0673279627786, 34.8493842777854], [-92.0674106807966, 34.8493203277693], [-92.0674934758148, 34.8492564447532], [-92.0675763488329, 34.84919263073709], [-92.067659298851, 34.849128884721], [-92.0677423258692, 34.84906520670499], [-92.0678254308874, 34.84900159768889], [-92.0679086119056, 34.848938056672914], [-92.0679918699239, 34.848874584656905], [-92.0680752049422, 34.848811181640784], [-92.0681586169604, 34.84874784662481], [-92.0682421049788, 34.84868458060878], [-92.0683256699972, 34.8486213825928], [-92.06840931101561, 34.848558254576886], [-92.0684930290339, 34.848495194560904], [-92.0685768230524, 34.84843220454499], [-92.0686606940708, 34.848369282529], [-92.0687446400893, 34.848306430512984], [-92.0688286631078, 34.8482436474971], [-92.0689127611264, 34.8481809334812], [-92.0689969361449, 34.8481182884653], [-92.0690811861635, 34.8480557134494], [-92.06916551218211, 34.84799320743349], [-92.0692499142007, 34.8479307714176], [-92.06933439121941, 34.847868404401694], [-92.0694189442381, 34.847806106385896], [-92.0695035722568, 34.84774387936999], [-92.0695882762755, 34.847681721354206], [-92.0696730542942, 34.84761963333838], [-92.0697579083131, 34.8475576153226], [-92.0698428373318, 34.847495667306696], [-92.0699278413507, 34.8474337892909], [-92.0700129203695, 34.847371980275085], [-92.0700980733884, 34.84731024225928], [-92.0701833014073, 34.84724857424361], [-92.0702686044263, 34.84718697722781], [-92.0703539824452, 34.847125449212], [-92.0704394344642, 34.84706399219636], [-92.0705249604832, 34.847002606180595], [-92.0706105615022, 34.8469412901649], [-92.0706962355213, 34.846880044149216], [-92.0707819845403, 34.84681886913349], [-92.0708678075595, 34.84675776511779], [-92.0709537045786, 34.846696731102085], [-92.07103967559772, 34.846635768086394], [-92.0711257196169, 34.846574876070775], [-92.0712118386361, 34.846514055055096], [-92.0712980296553, 34.84645330503951], [-92.0713842956746, 34.846392626023906], [-92.0714706346939, 34.84633201800819], [-92.0715570467132, 34.84627148099259], [-92.0716435317325, 34.846211015977005], [-92.0717300907518, 34.84615062096153], [-92.0718167217712, 34.84609029794589], [-92.0719034267906, 34.84603004693031], [-92.0719902038101, 34.8459698659148], [-92.0720770548295, 34.84590975789919], [-92.0721639778489, 34.84584972088368], [-92.0722509738684, 34.84578975486819], [-92.072338041888, 34.84572986085269], [-92.0724251829075, 34.84567003883722], [-92.0725123959271, 34.84561028882168], [-92.07259968194671, 34.84555061080621], [-92.0726870399663, 34.8454910037908], [-92.072774468986, 34.845431469775285], [-92.0728619710056, 34.845372006759796], [-92.0729495450253, 34.84531261674439], [-92.073037191045, 34.845253298728906], [-92.0731249090647, 34.845194052713595], [-92.0732126980845, 34.8451348786982], [-92.0733005591043, 34.84507577768278], [-92.0733884911241, 34.84501674866737], [-92.073476495144, 34.84495779265199], [-92.0735645701638, 34.844898908636694], [-92.0736527161837, 34.84484009662129], [-92.0737409342036, 34.84478135860599], [-92.0738292222236, 34.84472269259062], [-92.0739175822435, 34.844664098575294], [-92.0740060132635, 34.84460557855998], [-92.0740945142835, 34.844547130544704], [-92.0741830863035, 34.8444887565295], [-92.0742717293236, 34.84443045451419], [-92.0743604423436, 34.84437222549891], [-92.0744492263637, 34.84431407048358], [-92.0745380803839, 34.844255987468394], [-92.074627004404, 34.8441979784531], [-92.0747159994242, 34.84414004243789], [-92.0748050634443, 34.844082180422696], [-92.0748941984646, 34.8440243904075], [-92.0749834024848, 34.84396667539229], [-92.0750726775051, 34.843909033377194], [-92.0751620215254, 34.84385146436198], [-92.07525143554571, 34.843793969346805], [-92.075340918566, 34.84373654833169], [-92.07543047158642, 34.84367920031659], [-92.0755200936068, 34.84362192630149], [-92.0756097856272, 34.84356472628639], [-92.0756995466476, 34.84350760027121], [-92.0757893766681, 34.8434505482562], [-92.0758792756886, 34.84339357024108], [-92.0759692437091, 34.84333666622609], [-92.0760592797296, 34.84327983621099], [-92.0761493857501, 34.843223080196005], [-92.0762395597707, 34.843166399180895], [-92.0763298027913, 34.8431097921659], [-92.0764201138119, 34.843053259150814], [-92.0765104938325, 34.84299680113588], [-92.0766009418532, 34.84294041712089], [-92.0766914578739, 34.8428841081059], [-92.0767820418946, 34.84282787309099], [-92.0768726939153, 34.842771713076], [-92.0769634149362, 34.8427156270611], [-92.07705420295692, 34.842659617046195], [-92.0771450589777, 34.84260368103121], [-92.0772359819985, 34.84254782001629], [-92.0773269740194, 34.84249203400138], [-92.0774180320403, 34.84243632298652], [-92.0775091580612, 34.84238068697158], [-92.0776003520821, 34.8423251259568], [-92.0776916121031, 34.84226963994189], [-92.077782940124, 34.84221422892709], [-92.077874335145, 34.8421588939123], [-92.077965797166, 34.8421036338975], [-92.078057325187, 34.842048448882686], [-92.0781489212081, 34.8419933398679], [-92.0782405832292, 34.841938305853105], [-92.0783323112503, 34.841883347838284], [-92.0784241072714, 34.84182846482357], [-92.0785159682926, 34.84177365780879], [-92.0786078963138, 34.8417189267941], [-92.078699890335, 34.841664270779404], [-92.0787919503562, 34.84160969076471], [-92.0788840763774, 34.84155518675], [-92.0789762693987, 34.84150075873531], [-92.07906852742, 34.84144640672059], [-92.0791608504413, 34.84139213070598], [-92.07925324046262, 34.841337930691296], [-92.079345695484, 34.84128380667659], [-92.0794382155053, 34.84122975966199], [-92.0795308015267, 34.8411757876474], [-92.0796234525482, 34.84112189263279], [-92.0797161695696, 34.84106807361819], [-92.0798089505911, 34.84101433160359], [-92.0799017976126, 34.840960665589016], [-92.0799947086341, 34.8409070755745], [-92.08008768465571, 34.84085356355988], [-92.0801807256772, 34.840800126545396], [-92.0802738316988, 34.840746767530895], [-92.0803670017204, 34.8406934845164], [-92.0804602367421, 34.8406402785019], [-92.0805535357637, 34.840587148487394], [-92.08064689878542, 34.840534096472894], [-92.0807403258071, 34.840481120458485], [-92.0808338178288, 34.84042822244399], [-92.0809273738505, 34.8403754004296], [-92.0810209928723, 34.8403226564151], [-92.0811146758941, 34.84026998940069], [-92.0812084229159, 34.8402173993863], [-92.0813022339377, 34.840164886372], [-92.0813961079596, 34.84011245035758], [-92.08149004498152, 34.840060092343194], [-92.0815840460034, 34.8400078113288], [-92.0816781110253, 34.83995560831448], [-92.0817722380472, 34.83990348230018], [-92.0818664280692, 34.83985143428588], [-92.0819606810912, 34.83979946327161], [-92.0820549981132, 34.83974757125731], [-92.0821493771352, 34.83969575524299], [-92.0822438181573, 34.83964401822869], [-92.0823383221794, 34.839592358214404], [-92.0824328892014, 34.8395407762002], [-92.0825275182236, 34.83948927218599], [-92.0826222102457, 34.83943784617171], [-92.0827169632679, 34.8393864991575], [-92.08281177929, 34.8393352291434], [-92.0829066573122, 34.8392840371292], [-92.0830015963345, 34.839232924114995], [-92.0830965983567, 34.839181888100896], [-92.083191661379, 34.83913093108669], [-92.0832867864013, 34.8390800530726], [-92.0833819724236, 34.839029252058495], [-92.0834772204459, 34.838978530044294], [-92.0835725304683, 34.83892788703019], [-92.0836679004907, 34.83887732201619], [-92.0837633325131, 34.83882683600209], [-92.08385882453551, 34.83877642798801], [-92.083954378558, 34.838726098974], [-92.08404999358052, 34.83867584895989], [-92.0841456686029, 34.83862567794587], [-92.08424140462552, 34.83857558493191], [-92.084337201648, 34.83852557091789], [-92.0844330586705, 34.83847563590389], [-92.0845289756931, 34.83842578088989], [-92.0846249537157, 34.838376003875986], [-92.0847209917383, 34.83832630586199], [-92.084817089761, 34.838276687848094], [-92.0849132487836, 34.838227147834196], [-92.0850094668063, 34.83817768782029], [-92.085105744829, 34.8381283068064], [-92.0852020818517, 34.83807900579249], [-92.0852984798745, 34.8380297827786], [-92.0853949358973, 34.83798064076469], [-92.0854914529201, 34.83793157675089], [-92.0855880279428, 34.83788259373709], [-92.0856846629657, 34.83783368872329], [-92.0857813569885, 34.83778486470939], [-92.0858781100114, 34.83773611969569], [-92.0859749220343, 34.83768745468189], [-92.0860717930572, 34.83763886866808], [-92.0861687230801, 34.8375903636544], [-92.0862657111031, 34.83754193764059], [-92.0863627581261, 34.83749359162688], [-92.0864598631491, 34.83744532661313], [-92.0865570271721, 34.83739714059941], [-92.0866542491952, 34.837349034585785], [-92.0867515292182, 34.8373010085721], [-92.0868488682413, 34.83725306355841], [-92.0869462642644, 34.83720519754479], [-92.0870437182875, 34.8371574125311], [-92.0871412303107, 34.8371097085175], [-92.0872388003339, 34.8370620835039], [-92.0873364273571, 34.83701453949028], [-92.0874341123803, 34.836967076476576], [-92.0875318544035, 34.836919692463084], [-92.0876296534268, 34.836872390449614], [-92.0877275104501, 34.836825168436], [-92.0878254244733, 34.83677802742249], [-92.0879233954966, 34.836730966408886], [-92.08802142252, 34.83668398639538], [-92.0881195075434, 34.83663708738191], [-92.0882176485667, 34.8365902683684], [-92.0883158465901, 34.836543531354884], [-92.0884141006135, 34.836496874341485], [-92.088512411637, 34.83645029932801], [-92.0886107786605, 34.836403804314585], [-92.0887092026839, 34.83635739030121], [-92.0888076817074, 34.83631105828777], [-92.088906217731, 34.836264806274386], [-92.0890048087545, 34.836218636260995], [-92.0891034567781, 34.836172547247585], [-92.0892021598016, 34.83612654023419], [-92.0893009188253, 34.83608061322099], [-92.0893997328489, 34.83603476820759], [-92.0894986028725, 34.83598900519429], [-92.0895975278962, 34.83594332318099], [-92.0896965079199, 34.83589772216772], [-92.0897955429436, 34.83585220315451], [-92.0898946339673, 34.8358067661411], [-92.089993778991, 34.835761410127894], [-92.0900929800148, 34.8357161361147], [-92.0901922350386, 34.83567094310139], [-92.0902915440624, 34.83562583308831], [-92.0903909090862, 34.83558080407509], [-92.09049032711002, 34.8355358570619], [-92.0905898001339, 34.83549099204872], [-92.0906893281578, 34.83544620903558], [-92.0907889091817, 34.835401508022386], [-92.0908885452057, 34.83535688900929], [-92.09098823422961, 34.83531235199617], [-92.09108797825361, 34.83526789698311], [-92.0911877752776, 34.83522352497], [-92.0912876253015, 34.83517923395689], [-92.0913875303256, 34.83513502594381], [-92.0914874873496, 34.8350909009308], [-92.0915874993737, 34.8350468569177], [-92.0916875633978, 34.83500289590481], [-92.0917876814219, 34.83495901789169], [-92.091887851446, 34.83491522187869], [-92.0919880754702, 34.834871507865806], [-92.0920883514943, 34.834827876852785], [-92.0921886805185, 34.834784328839895], [-92.0922890625427, 34.834740862826884], [-92.09238949756691, 34.83469747981399], [-92.0924899845912, 34.83465417980099], [-92.0925905236155, 34.83461096178821], [-92.0926911146398, 34.83456782777529], [-92.0927917586641, 34.83452477576241], [-92.0928924546884, 34.83448180674958], [-92.0929932017127, 34.83443892173671], [-92.093094001737, 34.8343961187239], [-92.0931948527614, 34.83435339871099], [-92.0932957557859, 34.8343107616983], [-92.0933967108103, 34.83426820868541], [-92.0934977168347, 34.83422573767267], [-92.0935987738591, 34.83418335065989], [-92.0936998818836, 34.8341410466472], [-92.0938010419081, 34.83409882663451], [-92.09390225293271, 34.83405668962169], [-92.0940035149572, 34.83401463560899], [-92.0941048269818, 34.8339726645963], [-92.0942061910063, 34.8339307775836], [-92.0943076050309, 34.83388897457101], [-92.0944090690555, 34.83384725455827], [-92.0945105840802, 34.83380561854572], [-92.09461214910482, 34.833764065532975], [-92.0947137651295, 34.83372259652041], [-92.0948154311542, 34.83368121150789], [-92.0949171461789, 34.83363990949531], [-92.0950189122036, 34.833598692482695], [-92.0951207272283, 34.83355755847018], [-92.0952225932531, 34.833516508457606], [-92.0953245082779, 34.83347554244509], [-92.0954264723027, 34.83343466043261], [-92.0955284863276, 34.833393862420095], [-92.0956305493524, 34.83335314840761], [-92.0957326613772, 34.833312518395196], [-92.0958348234021, 34.83327197238268], [-92.095937033427, 34.8332315113703], [-92.0960392934519, 34.83319113335778], [-92.0961416014768, 34.83315084034538], [-92.0962439585018, 34.833110631333], [-92.0963463645268, 34.83307050732059], [-92.0964488185518, 34.83303046730829], [-92.0965513205768, 34.83299051129589], [-92.0966538716018, 34.83295064028351], [-92.0967564706268, 34.83291085327119], [-92.0968591176519, 34.83287115125889], [-92.09696181267701, 34.832831533246605], [-92.0970645557021, 34.8327920002343], [-92.0971673467272, 34.83275255122199], [-92.0972701857524, 34.83271318820979], [-92.0973730717775, 34.832673909197496], [-92.0974760048027, 34.83263471418528], [-92.0975789858279, 34.8325956051731], [-92.0976820148531, 34.8325565801608], [-92.0977850898783, 34.8325176411487], [-92.0978882129036, 34.83247878613651], [-92.0979913819288, 34.83244001612429], [-92.0980945979541, 34.832401331112194], [-92.0981978619795, 34.832362731100105], [-92.0983011710048, 34.83232421708801], [-92.0984045280301, 34.832285787075904], [-92.0985079310555, 34.8322474430638], [-92.0986113800809, 34.8322091840517], [-92.0987148751063, 34.83217100903959], [-92.0988184171317, 34.83213292102761], [-92.0989220041571, 34.832094917015596], [-92.0990256381826, 34.83205699900349], [-92.099129317208, 34.832019166991564], [-92.0992330422335, 34.8319814189796], [-92.099336813259, 34.8319437569676], [-92.0994406302845, 34.8319061809556], [-92.0995444913101, 34.83186868994369], [-92.0996483983356, 34.83183128493181], [-92.0997523513612, 34.83179396491978], [-92.09985634838681, 34.83175673090799], [-92.0999603904124, 34.831719582896085], [-92.100064478438, 34.8316825198842], [-92.1001686104637, 34.83164554387231], [-92.1002727874893, 34.83160865286049], [-92.100377008515, 34.83157184684859], [-92.1004812745407, 34.831535127836894], [-92.1005855845664, 34.83149849482511], [-92.1006899395922, 34.831461946813306], [-92.100794337618, 34.83142548580148], [-92.1008987806437, 34.8313891097898], [-92.1010032676695, 34.831352820778], [-92.10110779869531, 34.83131661676629], [-92.1012123727211, 34.83128049975457], [-92.101316990747, 34.83124446874291], [-92.1014216527728, 34.8312085237312], [-92.1015263577987, 34.83117266471958], [-92.1016311058246, 34.83113689270789], [-92.1017358978505, 34.8311012066962], [-92.1018407328765, 34.83106560668462], [-92.1019456109023, 34.831030092672975], [-92.1020505309283, 34.830994665661386], [-92.1021554949543, 34.830959325649786], [-92.1022605009803, 34.830924071638286], [-92.1023655500063, 34.8308889036268], [-92.1024706410323, 34.830853822615204], [-92.1025757750584, 34.83081882860368], [-92.1026809510845, 34.8307839205922], [-92.1027861701106, 34.83074909958069], [-92.1028914301367, 34.830714364569296], [-92.1029967321628, 34.83067971655779], [-92.1031020771889, 34.8306451555463], [-92.1032074632151, 34.8306106815349], [-92.1033128902412, 34.8305762945235], [-92.1034183602674, 34.83054199351211], [-92.1035238702936, 34.83050777950069], [-92.1036294223198, 34.83047365348939], [-92.1037350163461, 34.83043961347799], [-92.1038406503723, 34.830405660466695], [-92.1039463263986, 34.8303717944553], [-92.1040520424249, 34.830338016444], [-92.1041577994512, 34.830304324432696], [-92.1042635974775, 34.830270720421396], [-92.1043694365039, 34.830237202410096], [-92.1044753155302, 34.83020377239889], [-92.1045812355566, 34.83017042938769], [-92.104687194583, 34.830137174376496], [-92.1047931946093, 34.830104005365286], [-92.1048992346358, 34.830070924354125], [-92.1050053156622, 34.83003793134291], [-92.1051114346887, 34.830005025331694], [-92.1052175947151, 34.829972206320605], [-92.1053237947416, 34.82993947430952], [-92.1054300327681, 34.8299068312984], [-92.1055363117946, 34.82987427428729], [-92.1056426298212, 34.829841805276196], [-92.1057489868477, 34.82980942426509], [-92.1058553828743, 34.829777131254104], [-92.10596181790092, 34.829744925243], [-92.1060682919275, 34.829712807232006], [-92.1061748049541, 34.82968077622089], [-92.1062813559807, 34.82964883321], [-92.1063879460074, 34.829616978199006], [-92.1064945750341, 34.829585211188004], [-92.1066012420607, 34.82955353217707], [-92.1067079480874, 34.82952194116609], [-92.1068146911141, 34.82949043715519], [-92.1069214731409, 34.82945902114434], [-92.1070282921676, 34.8294276941334], [-92.1071351501944, 34.829396454122616], [-92.10724204522111, 34.82936530311171], [-92.107348978248, 34.82933423910091], [-92.1074559482748, 34.82930326408999], [-92.1075629563016, 34.82927237607931], [-92.1076700013284, 34.82924157706851], [-92.1077770833553, 34.829210866057686], [-92.1078842033821, 34.8291802440469], [-92.107991359409, 34.8291497090362], [-92.108098552436, 34.8291192630254], [-92.1082057824629, 34.8290889050147], [-92.1083130494898, 34.82905863600401], [-92.1084203535168, 34.829028454993306], [-92.1085276925438, 34.828998361982705], [-92.1086350695707, 34.82896835697198], [-92.1087424815977, 34.82893844196129], [-92.1088499306247, 34.82890861395071], [-92.1089574146518, 34.82887887494009], [-92.1090649356788, 34.82884922492949], [-92.1091724917059, 34.828819662918995], [-92.1092800847329, 34.828790189908396], [-92.10938771176, 34.8287608058978], [-92.1094953757872, 34.82873150988729], [-92.1096030738143, 34.8287023028768], [-92.1097108078414, 34.828673183866314], [-92.1098185768685, 34.828644154855795], [-92.1099263818957, 34.828615213845396], [-92.1100342209229, 34.82858636183489], [-92.11014209495012, 34.8285575988245], [-92.1102500039773, 34.82852892381399], [-92.1103579470046, 34.82850033880358], [-92.1104659250318, 34.82847184179318], [-92.1105739370591, 34.828443434782876], [-92.1106819840864, 34.82841511577249], [-92.1107900651136, 34.828386886762225], [-92.110898180141, 34.828358745751785], [-92.1110063291683, 34.8283306947415], [-92.1111145121956, 34.82830273273121], [-92.1112227292229, 34.828274858720896], [-92.1113309792503, 34.82824707471059], [-92.1114392632777, 34.82821937970039], [-92.1115475813051, 34.82819177469019], [-92.1116559313325, 34.82816425768], [-92.1117643153599, 34.82813683066971], [-92.1118727333874, 34.828109492659586], [-92.1119811834148, 34.82808224464941], [-92.1120896664423, 34.828055085639214], [-92.1121981824698, 34.828028015629094], [-92.1123067304973, 34.828001034618985], [-92.1124153125249, 34.82797414360878], [-92.1125239255523, 34.827947342598804], [-92.1126325715799, 34.827920630588686], [-92.1127412506074, 34.82789400757861], [-92.112849960635, 34.827867474568585], [-92.1129587036626, 34.827841030558496], [-92.1130674776902, 34.827814676548506], [-92.1131762847178, 34.82778841253849], [-92.1132851227455, 34.827762238528486], [-92.1133939917731, 34.82773615351859], [-92.1135028928008, 34.827710157508584], [-92.1136118258285, 34.8276842524987], [-92.11372078985612, 34.827658436488775], [-92.1138297848838, 34.827632710478916], [-92.1139388109116, 34.827607073469], [-92.1140478679393, 34.827581527459095], [-92.114156955967, 34.82755607044932], [-92.1142660749948, 34.82753070343941], [-92.11437522402261, 34.82750542742959], [-92.1144844040503, 34.82748024041978], [-92.1145936150781, 34.82745514341], [-92.114702855106, 34.8274301364003], [-92.1148121261338, 34.827405219390506], [-92.1149214271617, 34.827380392380704], [-92.1150307581895, 34.827355655370994], [-92.1151401192174, 34.827331008361284], [-92.1152495092453, 34.82730645135159], [-92.1153589302732, 34.827281984341894], [-92.1154683793011, 34.827257608332296], [-92.1155778593291, 34.827233321322595], [-92.115687367357, 34.827209125313], [-92.1157969053849, 34.8271850193034], [-92.1159064724129, 34.8271610032938], [-92.1160160684409, 34.827137078284196], [-92.11612569246891, 34.827113243274596], [-92.1162353464969, 34.827089498265096], [-92.1163450285249, 34.827065843255504], [-92.116454739553, 34.827042279246], [-92.1165644785811, 34.82701880523649], [-92.1166742466091, 34.82699542222698], [-92.1167840426372, 34.8269721292176], [-92.1168938666653, 34.82694892620808], [-92.11700371869341, 34.8269258141986], [-92.11711359872152, 34.8269027931892], [-92.11722350674961, 34.8268798611798], [-92.1173334417778, 34.8268570211704], [-92.117443404806, 34.82683427116111], [-92.1175533958341, 34.8268116121517], [-92.1176634138623, 34.826789043142384], [-92.1177734588905, 34.8267665651331], [-92.1178835309187, 34.826744177123786], [-92.117993629947, 34.8267218811145], [-92.1181037559752, 34.82669967510519], [-92.1182139090035, 34.826677559096], [-92.1183240890317, 34.8266555350867], [-92.11843429606, 34.8266336010775], [-92.1185445280883, 34.8266117580683], [-92.1186547881166, 34.8265900060591], [-92.1187650731449, 34.8265683440499], [-92.1188753851733, 34.826546774040686], [-92.1189857222016, 34.826525294031555], [-92.11909608623, 34.82650390502242], [-92.1192064752584, 34.82648260701328], [-92.1193168902867, 34.82646140000432], [-92.1194273313151, 34.8264402839952], [-92.1195377973436, 34.82641925898608], [-92.119648289372, 34.82639832497711], [-92.1197588064004, 34.82637748196799], [-92.1198693484289, 34.82635673095901], [-92.1199799154573, 34.826336069950095], [-92.1200905074858, 34.82631549994109], [-92.1202011245143, 34.82629502093211], [-92.1203117665428, 34.82627463392319], [-92.1204224325713, 34.82625433691419], [-92.1205331235999, 34.826234131905295], [-92.1206438386283, 34.8262140178964], [-92.1207545776569, 34.82619399488748], [-92.1208653416855, 34.8261740638786], [-92.120976129714, 34.82615422286981], [-92.12108694074261, 34.826134473861], [-92.1211977767713, 34.8261148158522], [-92.1213086357998, 34.826095249843306], [-92.1214195188285, 34.82607577483459], [-92.1215304248571, 34.826056390825784], [-92.12164135488581, 34.82603709781708], [-92.1217523079144, 34.82601789680831], [-92.1218632839431, 34.82599878779958], [-92.1219742829718, 34.8259797687909], [-92.1220853050005, 34.82596084278231], [-92.1221963500292, 34.82594200677359], [-92.122307418058, 34.82592326276491], [-92.1224185090867, 34.8259046107563], [-92.1225296211155, 34.825886049747695], [-92.1226407571442, 34.8258675807391], [-92.122751914173, 34.8258492027305], [-92.12286309420172, 34.825830916721976], [-92.12297429623061, 34.8258127217134], [-92.1230855202594, 34.82579461870488], [-92.1231967662882, 34.82577660769641], [-92.123308033317, 34.8257586876879], [-92.1234193223459, 34.825740859679385], [-92.1235306333747, 34.825723122670894], [-92.1236419654036, 34.82570547866249], [-92.1237533184325, 34.82568792565398], [-92.1238646924614, 34.825670463645594], [-92.1239760884903, 34.82565309463717], [-92.1240875045192, 34.82563581662891], [-92.1241989425482, 34.82561863062049], [-92.1243104005771, 34.82560153661208], [-92.124421878606, 34.8255845346038], [-92.124533378635, 34.82556762359549], [-92.124644897664, 34.82555080458721], [-92.1247564376929, 34.82553407857891], [-92.1248679977219, 34.825517443570604], [-92.12497957775092, 34.82550090056239], [-92.12509117778, 34.825484449554196], [-92.125202797809, 34.82546808954598], [-92.125314437838, 34.8254518225377], [-92.1254260968671, 34.82543564752959], [-92.1255377758962, 34.8254195645214], [-92.1256494749253, 34.8254035725133], [-92.1257611919543, 34.8253876735051], [-92.1258729289834, 34.82537186649699], [-92.1259846850126, 34.82535615148889], [-92.12609645904172, 34.8253405284808], [-92.12620825307081, 34.82532499747279], [-92.1263200650999, 34.825309558464696], [-92.1264318961291, 34.8252942114567], [-92.1265437461583, 34.8252789564487], [-92.1266556141874, 34.8252637934407], [-92.1267675002166, 34.825248723432686], [-92.1268794042458, 34.8252337454247], [-92.1269913272751, 34.825218859416815], [-92.1271032673043, 34.82520406540888], [-92.12721522533352, 34.82518936340099], [-92.1273272013627, 34.825174754393096], [-92.127439195392, 34.82516023638528], [-92.12755120642122, 34.8251458123774], [-92.1276632354506, 34.8251314793695], [-92.1277752804798, 34.825117238361685], [-92.1278873435091, 34.82510309035391], [-92.1279994235385, 34.8250890353461], [-92.1281115205678, 34.82507507133828], [-92.1282236345971, 34.82506120033059], [-92.1283357656264, 34.82504742132289], [-92.1284479126557, 34.825033735315195], [-92.1285600756852, 34.82502014130739], [-92.1286722557145, 34.82500663929979], [-92.1287844527439, 34.82499323029208], [-92.1288966647733, 34.824979913284366], [-92.1290088938027, 34.8249666892768], [-92.1291211378321, 34.82495355726919], [-92.1292333988615, 34.82494051826159], [-92.12934567489101, 34.82492757125398], [-92.1294579659204, 34.8249147162464], [-92.1295702729498, 34.824901955238886], [-92.1296825959793, 34.82488928523139], [-92.1297949340088, 34.8248767082238], [-92.12990728703831, 34.824864224216306], [-92.1300196550678, 34.82485183220889], [-92.1301320380973, 34.82483953320139], [-92.1302444361268, 34.82482732619389], [-92.1303568481563, 34.824815212186486], [-92.1304692751859, 34.824803191179086], [-92.1305817172154, 34.82479126217169], [-92.130694173245, 34.824779425164294], [-92.1308066432746, 34.824767682156995], [-92.1309191273041, 34.8247560311496], [-92.1310316263337, 34.82474447314228], [-92.1311441383633, 34.824733007134995], [-92.1312566643929, 34.8247216341277], [-92.1313692044225, 34.8247103541204], [-92.1314817584521, 34.8246991661131], [-92.1315943254818, 34.82468807110589], [-92.1317069055115, 34.82467706909869], [-92.1318194995411, 34.824666160091496], [-92.1319321055708, 34.8246553430843], [-92.1320447256004, 34.82464461907709], [-92.1321573586301, 34.824633988069984], [-92.1322700036598, 34.824623450062795], [-92.1323826616895, 34.8246130040557], [-92.1324953327192, 34.82460265204858], [-92.1326080157489, 34.824592392041495], [-92.13272071177872, 34.82458222503448], [-92.1328334198084, 34.8245721510275], [-92.1329461398382, 34.82456216902038], [-92.1330588718679, 34.824552281013396], [-92.1331716148977, 34.82454248500638], [-92.1332843709275, 34.824532781999416], [-92.1333971389573, 34.824523171992396], [-92.1335099169871, 34.82451365498549], [-92.1336227080169, 34.82450423097858], [-92.1337355100467, 34.824494899971604], [-92.13384832307652, 34.8244856609648], [-92.13396114710642, 34.82447651595788], [-92.1340739821362, 34.824467463950995], [-92.134186828166, 34.82445850394419], [-92.1342996851959, 34.8244496379374], [-92.1344125522258, 34.82444086393057], [-92.1345254302556, 34.82443218292381], [-92.1346383192856, 34.824423595917], [-92.1347512173155, 34.824415100910194], [-92.13486412634542, 34.82440669990349], [-92.1349770453753, 34.824398390896874], [-92.1350899754052, 34.82439017489008], [-92.1352029144352, 34.824382052883394], [-92.1353158624651, 34.82437402287678], [-92.13542882149501, 34.824366086870086], [-92.135541789525, 34.824358242863504], [-92.1356547665549, 34.8243504928568], [-92.1357677535849, 34.82434283585029], [-92.1358807496149, 34.82433527084368], [-92.1359937546449, 34.824327799837086], [-92.1361067686749, 34.82432042183059], [-92.13621979170492, 34.82431313682401], [-92.1363328237349, 34.8243059448176], [-92.136445863765, 34.8242988458111], [-92.136558912795, 34.824291840804605], [-92.1366719698251, 34.824284927798104], [-92.1367850358551, 34.82427810879168], [-92.1368981088852, 34.8242713817853], [-92.1370111909152, 34.8242647487789], [-92.1371242809453, 34.824258208772505], [-92.1372373789754, 34.82425176176609], [-92.1373504840055, 34.8242454087598], [-92.1374635970356, 34.82423914775352], [-92.1375767180657, 34.82423298074718], [-92.13768984609581, 34.82422690674089], [-92.1378029811259, 34.82422092573462], [-92.1379161231561, 34.82421503772828], [-92.1380292731863, 34.824209242722105], [-92.1381424292164, 34.824203541715896], [-92.1382555932465, 34.824197933709705], [-92.1383687632767, 34.82419241870349], [-92.1384819393069, 34.8241869966973], [-92.1385951223371, 34.824181668691104], [-92.1387083123673, 34.82417643368502], [-92.1388215083975, 34.824171291678894], [-92.1389347104277, 34.8241662426728], [-92.1390479184579, 34.82416128666668], [-92.1391611324881, 34.82415642466059], [-92.1392743525184, 34.8241516556546], [-92.1393875775486, 34.82414697964858], [-92.1395008085789, 34.824142397642476], [-92.1396140456091, 34.82413790763648], [-92.1397272876394, 34.82413351163048], [-92.13984053466962, 34.82412920962462], [-92.1399537866999, 34.82412499961868], [-92.1400670447302, 34.8241208836127], [-92.1401803067604, 34.8241168616069], [-92.1402935737908, 34.824112931600894], [-92.1404068458211, 34.8241090955951], [-92.1405201228514, 34.82410535258918], [-92.1406334038817, 34.82410170258329], [-92.1407466889121, 34.82409814657759], [-92.14085997794241, 34.82409468357179], [-92.1409732719727, 34.82409131356601], [-92.141086570003, 34.8240880375602], [-92.1411998710335, 34.82408485455449], [-92.1413131770638, 34.82408176454869], [-92.1414264860942, 34.82407876854308], [-92.1415397981245, 34.82407586553739], [-92.1416531141549, 34.824073055531706], [-92.1417664341853, 34.824070339525996], [-92.1418797562157, 34.82406771652029], [-92.1419930822461, 34.824065186514794], [-92.14210641127652, 34.82406275050921], [-92.142219743307, 34.82406040750359], [-92.1423330773374, 34.82405815849801], [-92.1424464143678, 34.82405600149241], [-92.1425597543983, 34.82405393948689], [-92.1426730964287, 34.824051969481395], [-92.1427864404592, 34.82405009347588], [-92.1428997874896, 34.8240483104704], [-92.1430131365201, 34.82404662146499], [-92.1431264875506, 34.824045025459505], [-92.1432398395811, 34.82404352245409], [-92.1433531946115, 34.8240421134487], [-92.143466550642, 34.824040797443296], [-92.1435799076726, 34.82403957443798], [-92.1436932667031, 34.82403844543262], [-92.1438066267336, 34.824037409427184], [-92.1439199887641, 34.824036467422005], [-92.1440333507946, 34.82403561841669], [-92.1441467148252, 34.824034862411416], [-92.14426007885571, 34.824034200406096], [-92.1443734448863, 34.8240336314009], [-92.1444868099168, 34.824033155395725], [-92.14460017694742, 34.824032773390485], [-92.1447135429779, 34.824032484385185], [-92.1448269100085, 34.82403228937999], [-92.1449402780391, 34.824032187374875], [-92.1450536450697, 34.8240321783698], [-92.1451670121003, 34.8240322633647], [-92.14528037913091, 34.824032441359584], [-92.1453937461614, 34.82403271235449], [-92.145507112192, 34.82403307734939], [-92.1456204782227, 34.82403353534431], [-92.14573384325331, 34.82403408733931], [-92.1458472082839, 34.82403473233429], [-92.1459605713146, 34.8240354713293], [-92.1460739343453, 34.82403630232439], [-92.1461872963759, 34.82403722731939], [-92.1463006564065, 34.8240382463145], [-92.1464140164372, 34.824039358309605], [-92.1465273744679, 34.82404056330469], [-92.1466407304985, 34.8240418622997], [-92.1467540855292, 34.82404325429489], [-92.1468674375598, 34.8240447392901], [-92.1469807895906, 34.8240463182852], [-92.1470941386213, 34.824047990280384], [-92.1472074856519, 34.8240497562756], [-92.1473208306827, 34.824051614270886], [-92.1474341727133, 34.82405356726609], [-92.147547512744, 34.8240556122614], [-92.14766085077481, 34.824057751256575], [-92.1477741858055, 34.824059983251914], [-92.1478875178363, 34.8240623092473], [-92.148000846867, 34.82406472824262], [-92.1481141738977, 34.82406724023788], [-92.1482274969285, 34.8240698462333], [-92.1483408169592, 34.8240725452287], [-92.14845413399, 34.82407533722408], [-92.1485674470208, 34.8240782232195], [-92.1486807570515, 34.824081202214906], [-92.1487940630823, 34.82408427521039], [-92.148907365113, 34.824087440205886], [-92.1490206631438, 34.82409069920141], [-92.1491339581746, 34.82409405219688], [-92.1492472482054, 34.82409749719239], [-92.1493605342362, 34.824101036188], [-92.149473816267, 34.824104669183484], [-92.1495870932978, 34.82410839417909], [-92.1497003663287, 34.8241122131748], [-92.14981363435952, 34.82411612517041], [-92.1499268973903, 34.824120131166], [-92.1500401564211, 34.82412423016171], [-92.150153409452, 34.82412842215729], [-92.1502666574828, 34.82413270715308], [-92.1503799005136, 34.82413708614878], [-92.15049313854452, 34.8241415581445], [-92.1506063705753, 34.82414612314031], [-92.1507195966062, 34.82415078113599], [-92.1508328176371, 34.824155533131794], [-92.1509460326679, 34.8241603781277], [-92.1510592416988, 34.8241653161234], [-92.1511724457297, 34.8241703481193], [-92.1512856427606, 34.82417547311518], [-92.1513988327914, 34.8241806911111], [-92.15151201782231, 34.82418600210687], [-92.15162519485321, 34.824191406102806], [-92.1517383668841, 34.8241969040988], [-92.151851530915, 34.8242024950947], [-92.1519646889459, 34.824208179090704], [-92.1520778399768, 34.824213956086695], [-92.1521909840077, 34.82421982708271], [-92.1523041200386, 34.824225790078685], [-92.1524172500696, 34.82423184707479], [-92.1525303711005, 34.824237997070796], [-92.1526434861315, 34.82424424106689], [-92.1527565931624, 34.82425057706309], [-92.1528696921933, 34.8242570070592], [-92.1529827832243, 34.82426352905528], [-92.1530958662552, 34.824270145051386], [-92.1532089422862, 34.82427685404759], [-92.1533220093171, 34.82428365604379], [-92.1534350683481, 34.82429055204], [-92.153548118379, 34.824297540036284], [-92.15366116041, 34.82430462203251], [-92.1537741934409, 34.82431179602877], [-92.153887218472, 34.82431906402499], [-92.1540002335029, 34.82432642502139], [-92.15411324053392, 34.82433387901768], [-92.1542262385649, 34.82434142601397], [-92.1543392265959, 34.8243490660104], [-92.1544522056269, 34.82435679900679], [-92.1545651756579, 34.82436462500318], [-92.15467813568891, 34.8243725449995], [-92.1547910867199, 34.824380556996], [-92.1549040277509, 34.82438866199242], [-92.1550169587819, 34.8243968609889], [-92.1551298798129, 34.8244051519854], [-92.1552427908439, 34.82441353598179], [-92.1553556908749, 34.824422013978385], [-92.155468581906, 34.82443058397487], [-92.155581461937, 34.82443924697151], [-92.155694330968, 34.824448003968094], [-92.1558071899991, 34.82445685296467], [-92.1559200380301, 34.82446579496126], [-92.1560328750611, 34.82447483095789], [-92.1561457010922, 34.82448395895461], [-92.1562585161233, 34.824493179951276], [-92.1563713201543, 34.824502493947904], [-92.1564841131854, 34.8245119009447], [-92.1565968942164, 34.82452140094139], [-92.1567096632475, 34.824530992938094], [-92.1568224212785, 34.82454067893489], [-92.1569351673096, 34.82455045693167], [-92.1570479013406, 34.82456032892838], [-92.1571606233718, 34.8245702929253], [-92.1572733344028, 34.82458034992211], [-92.1573860314339, 34.824590499919005], [-92.157498717465, 34.82460074291579], [-92.157611390496, 34.8246110779127], [-92.1577240505271, 34.82462150590959], [-92.1578366985582, 34.82463202690651], [-92.1579493335893, 34.8246426409035], [-92.1580619566204, 34.82465334790051], [-92.1581745656515, 34.82466414689739], [-92.1582871616826, 34.82467503989449], [-92.1583997437137, 34.82468602489141], [-92.1585123137448, 34.824697101888496], [-92.1586248697759, 34.82470827288557], [-92.158737411807, 34.8247195358826], [-92.1588499408382, 34.8247308908797], [-92.1589624558692, 34.82474233987688], [-92.1590749569004, 34.824753880873985], [-92.1591874439315, 34.82476551487111], [-92.1592999169626, 34.82477724086829], [-92.1594123749937, 34.82478905986541], [-92.1595248200249, 34.82480097186268], [-92.159637249056, 34.82481297585988], [-92.1597496650871, 34.8248250728572], [-92.1598620651183, 34.824837262854395], [-92.1599744511494, 34.82484954485171], [-92.1600868221805, 34.82486191984902], [-92.1601991782117, 34.8248743868463], [-92.1603115182428, 34.8248869458437], [-92.16042384427391, 34.824899598841], [-92.1605361543051, 34.8249123438384], [-92.1606484483363, 34.824925180835706], [-92.1607607273674, 34.82493811083318], [-92.1608729903986, 34.82495113283058], [-92.1609852384297, 34.824964247828], [-92.16109746946091, 34.8249774548255], [-92.161209685492, 34.824990754823], [-92.1613218845232, 34.825004146820476], [-92.1614340675543, 34.825017630818], [-92.1615462345855, 34.825031207815485], [-92.1616583846167, 34.82504487681309], [-92.1617705186478, 34.82505863881071], [-92.161882635679, 34.82507249280829], [-92.1619947357102, 34.8250864388059], [-92.1621068187413, 34.82510047780349], [-92.1622188847725, 34.82511460880121], [-92.1623309338037, 34.82512883179879], [-92.1624429658349, 34.82514314779649], [-92.162554979866, 34.8251575547942], [-92.1626669768972, 34.82517205579201], [-92.1627789559284, 34.82518664778969], [-92.1628909179596, 34.825201331787405], [-92.1630028609907, 34.8252161087852], [-92.1631147870219, 34.825230977782994], [-92.1632266950531, 34.82524593878079], [-92.1633385840843, 34.82526099277869], [-92.1634504561154, 34.82527613777659], [-92.1635623081467, 34.82529137577439], [-92.1636741431778, 34.82530670577231], [-92.163785959209, 34.82532212777021], [-92.1638977562402, 34.825337641768094], [-92.1640095342714, 34.8253532477661], [-92.1641212933026, 34.82536894576408], [-92.1642330343338, 34.82538473576209], [-92.16434475536501, 34.82540061775999], [-92.1644564573962, 34.82541659175801], [-92.1645681394274, 34.825432658756085], [-92.1646798024586, 34.82544881675419], [-92.1647914454898, 34.82546506675229], [-92.164903069521, 34.825481408750285], [-92.1650146735522, 34.8254978427485], [-92.1651262575834, 34.82551436874662], [-92.1652378216146, 34.8255309867448], [-92.1653493646458, 34.82554769674288], [-92.165460888677, 34.82556449874109], [-92.1655723917082, 34.825581391739306], [-92.1656838737394, 34.82559837673751], [-92.16579533577061, 34.8256154547358], [-92.1659067768018, 34.8256326237341], [-92.16601819783301, 34.82564988373229], [-92.1661295968642, 34.8256672367306], [-92.1662409748954, 34.82568468072899], [-92.1663523319266, 34.825702216727294], [-92.1664636679578, 34.825719844725676], [-92.166574982989, 34.82573756372399], [-92.16668627602031, 34.82575537472237], [-92.1667975470514, 34.82577327772077], [-92.1669087970826, 34.825791272719286], [-92.1670200251139, 34.8258093587177], [-92.1671312311451, 34.82582753571619], [-92.1672424151763, 34.82584580471468], [-92.1673535772075, 34.82586416571319], [-92.1674647162387, 34.82588261871172], [-92.1675758332699, 34.82590116271029], [-92.1676869283011, 34.825919797708785], [-92.1677980003323, 34.8259385247074], [-92.1679090493635, 34.82595734270599], [-92.1680200753947, 34.82597625270458], [-92.1681310794259, 34.82599525470319], [-92.1682420594571, 34.82601434670192], [-92.1683530174883, 34.8260335307006], [-92.1684639515195, 34.82605280669929], [-92.16857486155071, 34.826072173697995], [-92.1686857495819, 34.82609163169669], [-92.1687966126132, 34.82611118169551], [-92.1689074526444, 34.8261308226942], [-92.1690182686756, 34.826150554692994], [-92.1691290607068, 34.826170377691795], [-92.169239828738, 34.8261902926907], [-92.1693505727692, 34.826210298689496], [-92.1694612928004, 34.826230395688405], [-92.1695719878316, 34.82625058368719], [-92.1696826588628, 34.82627086368618], [-92.169793304894, 34.82629123368508], [-92.1699039259252, 34.826311695683884], [-92.1700145229564, 34.826332248682895], [-92.1701250949876, 34.8263528926819], [-92.1702356420188, 34.82637362768089], [-92.17034616305, 34.82639445367991], [-92.1704566600812, 34.826415370679], [-92.1705671301124, 34.826436378678004], [-92.1706775761436, 34.826457478677085], [-92.1707879961748, 34.826478668676096], [-92.17089839020602, 34.8264999496752], [-92.1710087582372, 34.826521321674385], [-92.1711191012684, 34.826542783673496], [-92.1712294172995, 34.826564337672686], [-92.1713397083307, 34.82658598267181], [-92.1714499723619, 34.826607717671095], [-92.1715602103932, 34.82662954367029], [-92.1716704214243, 34.82665146066951], [-92.1717806054555, 34.826673468668695], [-92.1718907634867, 34.82669556766808], [-92.17200089551791, 34.82671775666729], [-92.172110999549, 34.8267400366666], [-92.17222107658021, 34.82676240666599], [-92.17233112661141, 34.826784868665285], [-92.1724411496426, 34.82680742066469], [-92.1725511456737, 34.82683006266409], [-92.1726611137049, 34.82685279566349], [-92.1727710547361, 34.82687561966289], [-92.1728809667673, 34.8268985336623], [-92.1729908527985, 34.826921538661786], [-92.1731007098296, 34.826944633661284], [-92.17321053886081, 34.82696781966079], [-92.173320339892, 34.82699109566028], [-92.1734301129231, 34.827014462659804], [-92.1735398579543, 34.82703791965928], [-92.1736495739854, 34.827061467658915], [-92.1737592610166, 34.82708510465849], [-92.1738689200478, 34.82710883365809], [-92.1739785500789, 34.82713265165778], [-92.1740881521101, 34.82715656065739], [-92.1741977241412, 34.827180559657116], [-92.1743072671724, 34.82720464865671], [-92.1744167812035, 34.827228828656516], [-92.1745262662347, 34.8272530976562], [-92.17463572126582, 34.8272774576559], [-92.1747451472969, 34.82730190765569], [-92.1748545433281, 34.82732644765537], [-92.1749639093593, 34.8273510786553], [-92.1750732453904, 34.82737579865508], [-92.1751825524215, 34.827400608654905], [-92.1752918284526, 34.8274255096547], [-92.1754010754838, 34.82745049965472], [-92.1755102915149, 34.8274755796545], [-92.175619476546, 34.827500750654416], [-92.1757286315772, 34.827526010654395], [-92.1758377566083, 34.827551360654276], [-92.1759468496394, 34.82757680065419], [-92.1760559126705, 34.827602330654294], [-92.1761649447016, 34.82762794965419], [-92.1762739457327, 34.82765365965419], [-92.1763829157639, 34.827679458654295], [-92.176491853795, 34.827705347654415], [-92.1766007608261, 34.82773132665441], [-92.1767096358572, 34.82775739465459], [-92.1768184798883, 34.8277835526546], [-92.1769272929194, 34.82780980065479], [-92.1770360729505, 34.8278361376549], [-92.1771448219815, 34.8278625646551], [-92.1772535380126, 34.8278890806553], [-92.1773622220437, 34.82791568665549], [-92.1774708740748, 34.82794238265579], [-92.1775794941059, 34.82796916765599], [-92.1776880811369, 34.827996041656284], [-92.177796636168, 34.82802300565649], [-92.1779051581991, 34.82805005965679], [-92.1780136472302, 34.828077201657095], [-92.1781221032613, 34.82810443365752], [-92.1782305272923, 34.82813175565779], [-92.1783389173234, 34.8281591656582], [-92.1784472743544, 34.8281866656586], [-92.1785555973855, 34.828214254658995], [-92.17866388841661, 34.82824193365939], [-92.1787721444476, 34.82826970065989], [-92.1788803674787, 34.82829755766037], [-92.1789885565097, 34.8283255036609], [-92.1790967125407, 34.82835353866139], [-92.1792048335718, 34.82838166266188], [-92.1793129206028, 34.828409875662395], [-92.1794209736338, 34.828438177663], [-92.1795289926649, 34.8284665686636], [-92.1796369766958, 34.828495048664195], [-92.1797449267269, 34.82852361766479], [-92.1798528427579, 34.8285522746655], [-92.1799607227889, 34.8285810216661], [-92.1800685688199, 34.82860985766679], [-92.1801763788509, 34.828638781667514], [-92.1802841548819, 34.82866779466819], [-92.1803918949129, 34.82869689666891], [-92.1804996009439, 34.82872608766969], [-92.1806072709749, 34.82875536667039], [-92.1807149050059, 34.828784734671196], [-92.1808225040369, 34.82881419167199], [-92.1809300670679, 34.82884373667289], [-92.1810375940988, 34.8288733706737], [-92.1811450851298, 34.82890309367459], [-92.1812525411608, 34.82893290467549], [-92.18135996019171, 34.828962803676305], [-92.1814673432227, 34.828992791677194], [-92.1815746892536, 34.8290228676782], [-92.1816819992846, 34.8290530326792], [-92.1817892733155, 34.8290832856801], [-92.1818965103465, 34.829113627681096], [-92.1820037103774, 34.82914405768217], [-92.1821108734084, 34.82917457568308], [-92.1822180004393, 34.829205181684195], [-92.1823250894702, 34.82923587668528], [-92.1824321415011, 34.82926665968639], [-92.1825391565321, 34.8292975296875], [-92.182646133563, 34.82932848968859], [-92.1827530735939, 34.82935953668969], [-92.1828599756248, 34.8293906716909], [-92.18296683965572, 34.82942189469209], [-92.1830736666866, 34.82945320669331], [-92.1831804547175, 34.829484605694496], [-92.1832872057484, 34.82951609269581], [-92.1833939177792, 34.829547667696986], [-92.1835005928101, 34.82957933069829], [-92.183607227841, 34.82961108169959], [-92.1837138258719, 34.8296429207008], [-92.1838203839028, 34.82967484670217], [-92.1839269039336, 34.82970686070349], [-92.1840333859645, 34.82973896270489], [-92.1841398279954, 34.82977115270628], [-92.1842462310262, 34.829803429707695], [-92.184352596057, 34.82983579470907], [-92.1844589210879, 34.829868247710586], [-92.1845652061187, 34.82990078771199], [-92.1846714531495, 34.8299334157135], [-92.1847776591803, 34.829966130714986], [-92.1848838262111, 34.829998932716514], [-92.184989954242, 34.83003182271799], [-92.1850960412728, 34.830064800719605], [-92.1852020893036, 34.830097865721214], [-92.1853080963344, 34.83013101772279], [-92.1854140633652, 34.830164256724416], [-92.185519990396, 34.830197583726], [-92.1856258774268, 34.83023099772771], [-92.1857317234576, 34.830264498729306], [-92.18583752948831, 34.83029808673097], [-92.1859432935191, 34.8303317627327], [-92.1860490175498, 34.83036552473438], [-92.1861547005806, 34.8303993747361], [-92.1862603426113, 34.830433311737906], [-92.1863659436421, 34.8304673347397], [-92.18647150367292, 34.8305014457415], [-92.1865770227036, 34.830535643743296], [-92.18668249873431, 34.830569927745195], [-92.186787934765, 34.830604298747], [-92.1868933287957, 34.83063875674888], [-92.1869986808265, 34.83067330175072], [-92.1871039908572, 34.8307079337526], [-92.1872092588879, 34.8307426527546], [-92.1873144849186, 34.8307774577565], [-92.1874196689492, 34.8308123487585], [-92.18752481098, 34.8308473277604], [-92.1876299100107, 34.83088239276239], [-92.1877349670413, 34.83091754376449], [-92.187839981072, 34.830952782766495], [-92.1879449521026, 34.8309881067686], [-92.1880498811333, 34.831023517770696], [-92.1881547671639, 34.831059014772784], [-92.1882596101946, 34.8310945987749], [-92.1883644092252, 34.831130268776995], [-92.1884691662559, 34.8311660257791], [-92.1885738792865, 34.831201868781264], [-92.1886785493171, 34.83123779678348], [-92.1887831753477, 34.831273812785696], [-92.1888877573784, 34.83130991378789], [-92.188992296409, 34.83134610079009], [-92.1890967914396, 34.83138237479239], [-92.1892012424701, 34.83141873379468], [-92.1893056495007, 34.831455179797], [-92.1894100125313, 34.831491711799295], [-92.1895143305619, 34.831528328801596], [-92.1896186045925, 34.83156503280398], [-92.189722834623, 34.8316018218064], [-92.1898270196535, 34.83163869680869], [-92.1899311596841, 34.831675657811196], [-92.1900352557147, 34.83171270481358], [-92.1901393067452, 34.831749836816], [-92.1902433117757, 34.83178705481839], [-92.1903472728063, 34.831824358820995], [-92.1904511878368, 34.831861747823496], [-92.1905550588673, 34.831899222826], [-92.1906588828978, 34.83193678382848], [-92.1907626629283, 34.8319744298311], [-92.1908663959588, 34.83201216083358], [-92.1909700839892, 34.83204997783629], [-92.1910737260197, 34.83208787983892], [-92.1911773220502, 34.83212586784149], [-92.19128087208071, 34.83216394084419], [-92.1913843761111, 34.83220209884682], [-92.1914878341416, 34.83224034284948], [-92.191591245172, 34.832278670852205], [-92.1916946102024, 34.83231708485488], [-92.1917979292329, 34.8323555838577], [-92.1919012012633, 34.8323941678604], [-92.19200442629372, 34.83243283686319], [-92.1921076043241, 34.832471590866], [-92.1922107353545, 34.83251042986878], [-92.1923138193849, 34.832549353871606], [-92.1924168564153, 34.8325883628745], [-92.1925198464457, 34.8326274568773], [-92.19262278847602, 34.83266663488026], [-92.1927256835065, 34.83270589888318], [-92.1928285315368, 34.8327452468861], [-92.1929313305671, 34.8327846788891], [-92.1930340825975, 34.83282419689199], [-92.1931367866278, 34.832863798895], [-92.1932394426582, 34.83290348489799], [-92.1933420506885, 34.832943255901], [-92.1934446107188, 34.83298311190409], [-92.1935471227491, 34.8330230519071], [-92.1936495857794, 34.8330630769102], [-92.1937519998097, 34.833103185913274], [-92.19385436584, 34.833143378916404], [-92.1939566828703, 34.83318365591948], [-92.19405895190062, 34.8332240179226], [-92.1941611719308, 34.833264463925794], [-92.194263341961, 34.83330499392899], [-92.1943654639913, 34.8333456089322], [-92.1944675360215, 34.8333863069354], [-92.1945695590517, 34.833427088938684], [-92.194671532082, 34.833467955941884], [-92.1947734571122, 34.8335089059452], [-92.1948753311424, 34.833549940948494], [-92.1949771561726, 34.83359105895179], [-92.1950789312028, 34.83363226095519], [-92.195180656233, 34.833673546958494], [-92.1952823312631, 34.83371491696189], [-92.1953839552933, 34.83375636996519], [-92.1954855303235, 34.833797906968606], [-92.1955870543536, 34.83383952797211], [-92.1956885283838, 34.8338812329756], [-92.19578995141391, 34.83392302097899], [-92.1958913244441, 34.83396489198249], [-92.1959926464742, 34.834006846985915], [-92.1960939175043, 34.83404888498949], [-92.1961951385344, 34.83409100699299], [-92.1962963075645, 34.83413321199659], [-92.1963974255946, 34.8341755010001], [-92.1964984926246, 34.834217872003705], [-92.1965995076548, 34.83426032700727], [-92.1967004716848, 34.834302866011], [-92.1968013847149, 34.834345487014595], [-92.1969022457449, 34.834388191018306], [-92.1970030547749, 34.834430979022], [-92.197103811805, 34.8344738490256], [-92.197204516835, 34.83451680202939], [-92.197305170865, 34.83455983903308], [-92.197405771895, 34.834602958036776], [-92.197506320925, 34.83464616004057], [-92.197606816955, 34.8346894450444], [-92.197707260985, 34.8347328130482], [-92.1978076530149, 34.8347762630521], [-92.19790799204492, 34.834819796055896], [-92.1980082780748, 34.83486341205981], [-92.1981085121048, 34.83490711006371], [-92.1982086921347, 34.83495089106751], [-92.1983088191646, 34.834994754071495], [-92.1984088941946, 34.83503870007539], [-92.1985089152245, 34.83508272807941], [-92.1986088822544, 34.835126838083305], [-92.1987087972843, 34.83517103108731], [-92.1988086573141, 34.83521530609129], [-92.198908464344, 34.83525966409539], [-92.1990082183739, 34.835304103099396], [-92.1991079174037, 34.835348625103485], [-92.1992075634336, 34.835393229107595], [-92.1993071544634, 34.83543791411159], [-92.1994066924933, 34.83548268211579], [-92.1995061755231, 34.83552753211991], [-92.1996056045529, 34.835572464124084], [-92.1997049785827, 34.83561747712829], [-92.1998042986125, 34.83566257313241], [-92.1999035636423, 34.8357077501367], [-92.200002773672, 34.835753009140895], [-92.2001019297018, 34.83579835014509], [-92.2002010307316, 34.83584377214942], [-92.2003000757613, 34.83588927615368], [-92.200399066791, 34.83593486115799], [-92.2004980018208, 34.83598052816228], [-92.2005968818505, 34.83602627716669], [-92.2006957068802, 34.83607210717098], [-92.2007944759099, 34.83611801817539], [-92.2008931889396, 34.83616401117979], [-92.2009918469692, 34.8362100841842], [-92.2010904489989, 34.83625624018861], [-92.2011889940286, 34.836302476193005], [-92.2012874840582, 34.8363487931975], [-92.2013859180878, 34.836395192202], [-92.2014842961175, 34.83644167220648], [-92.2015826171471, 34.83648823221099], [-92.2016808821767, 34.836534874215594], [-92.2017790902063, 34.836581596220086], [-92.2018772422359, 34.8366284002247], [-92.2019753372654, 34.836675284229266], [-92.202073375295, 34.83672224923389], [-92.2021713573246, 34.83676929523848], [-92.2022692813541, 34.836816421243185], [-92.2023671483837, 34.836863628247784], [-92.20246495941322, 34.836910916252464], [-92.2025627114427, 34.83695828425719], [-92.2026604074722, 34.837005733261904], [-92.2027580455017, 34.83705326226669], [-92.2028556255312, 34.837100871271375], [-92.2029531485607, 34.83714856127621], [-92.2030506135902, 34.83719633128099], [-92.2031480206197, 34.83724418228578], [-92.2032453696491, 34.8372921132907], [-92.2033426606785, 34.837340123295505], [-92.20343989270802, 34.83738821430038], [-92.2035370677374, 34.837436385305196], [-92.2036341837667, 34.837484636310194], [-92.2037312417962, 34.83753296731499], [-92.2038282408256, 34.83758137832], [-92.20392518185491, 34.83762986932489], [-92.2040220628843, 34.83767844032989], [-92.2041188859137, 34.8377270903349], [-92.204215649943, 34.83777582033989], [-92.2043123549723, 34.83782463034499], [-92.2044090010017, 34.83787351934998], [-92.2045055880309, 34.837922488354984], [-92.2046021150603, 34.83797153736008], [-92.2046985830896, 34.83802066536518], [-92.2047949911188, 34.83806987237029], [-92.2048913401481, 34.8381191593755], [-92.20498762917731, 34.83816852538059], [-92.20508385820662, 34.8382179713858], [-92.2051800272358, 34.838267496390905], [-92.2052761372651, 34.8383170993962], [-92.2053721862943, 34.838366783401376], [-92.2054681753234, 34.8384165454066], [-92.2055641033527, 34.83846638641189], [-92.2056599723819, 34.838516306417176], [-92.205755780411, 34.8385663054225], [-92.2058515274402, 34.83861638342779], [-92.20594721446932, 34.83866654043311], [-92.2060428394985, 34.838716776438496], [-92.2061384045276, 34.838767090443795], [-92.2062339085567, 34.838817483449205], [-92.2063293515858, 34.83886795545462], [-92.2064247336149, 34.83891850546], [-92.206520054644, 34.83896913446551], [-92.2066153136731, 34.83901984147089], [-92.2067105117021, 34.8390706274764], [-92.2068056477311, 34.8391214914819], [-92.2069007227602, 34.8391724344874], [-92.2069957357892, 34.8392234544929], [-92.2070906868182, 34.83927455349849], [-92.2071855758472, 34.83932573150399], [-92.2072804028762, 34.8393769865096], [-92.2073751689052, 34.8394283195152], [-92.2074698709341, 34.8394797315209], [-92.2075645119631, 34.83953122052651], [-92.2076590899921, 34.8395827885321], [-92.207753606021, 34.839634433537796], [-92.2078480590499, 34.83968615654349], [-92.20794245007882, 34.8397379575492], [-92.2080367781077, 34.83978983555488], [-92.2081310431366, 34.8398417925606], [-92.2082252451655, 34.8398938265664], [-92.2083193841944, 34.839945937572196], [-92.2084134602232, 34.839998126577996], [-92.208507472252, 34.84005039258379], [-92.2086014222808, 34.84010273658961], [-92.20869530730971, 34.84015515759551], [-92.2087891303384, 34.84020765660131], [-92.2088828893673, 34.84026023260721], [-92.208976584396, 34.84031288561311], [-92.20907021542482, 34.840365615619085], [-92.2091637824535, 34.84041842262501], [-92.2092572864823, 34.84047130663101], [-92.209350725511, 34.84052426763688], [-92.2094441005397, 34.8405773066429], [-92.20953741156852, 34.8406304216489], [-92.2096306585971, 34.8406836126549], [-92.2097238406258, 34.840736881660995], [-92.2098169586545, 34.840790227667], [-92.2099100106832, 34.84084364967307], [-92.2100029997118, 34.84089714767921], [-92.2100959227404, 34.840950723685296], [-92.21018878176902, 34.84100437469148], [-92.2102815747976, 34.8410581036976], [-92.2103743038262, 34.84111190770379], [-92.2104669668548, 34.841165788709894], [-92.2105595648834, 34.84121974671621], [-92.21065209691201, 34.8412737797224], [-92.2107445649405, 34.8413278897286], [-92.210836965969, 34.841382075734906], [-92.2109293019975, 34.8414363377411], [-92.211021572026, 34.841490675747494], [-92.2111137770546, 34.84154508975378], [-92.21120591508301, 34.8415995797601], [-92.2112979881115, 34.84165414476639], [-92.2113899941399, 34.84170878677279], [-92.2114819341684, 34.8417635037792], [-92.2115738081968, 34.84181829678559], [-92.2116656152252, 34.841873165791995], [-92.2117573562536, 34.841928109798395], [-92.211849031282, 34.84198312980482], [-92.2119406383104, 34.84203822481129], [-92.21203217933872, 34.8420933958178], [-92.2121236543671, 34.84214864182431], [-92.2122150613954, 34.84220396283079], [-92.2123064014238, 34.8422593598373], [-92.2123976744521, 34.842314831843915], [-92.21248888048041, 34.842370378850504], [-92.2125800185087, 34.8424260008571], [-92.2126710905369, 34.84248169786369], [-92.2127620935652, 34.84253747087029], [-92.2128530305935, 34.84259331787689], [-92.2129438986217, 34.842649239883585], [-92.2130346996499, 34.84270523589031], [-92.2131254326781, 34.842761307897], [-92.2132160977063, 34.84281745390359], [-92.2133066937345, 34.84287367491039], [-92.2133972227627, 34.84292997091718], [-92.2134876837908, 34.842986340923886], [-92.2135780758189, 34.84304278493068], [-92.2136683998471, 34.843099303937485], [-92.2137586558752, 34.84315589794429], [-92.2138488419033, 34.843212564951195], [-92.2139389609314, 34.843269306957986], [-92.2140290099594, 34.84332612296479], [-92.21411899098752, 34.8433830139718], [-92.2142089030155, 34.8434399779786], [-92.2142987450436, 34.843497015985484], [-92.21438851907162, 34.84355412899251], [-92.2144782230996, 34.84361131499948], [-92.2145678581276, 34.8436685750064], [-92.21465742415562, 34.8437259090134], [-92.2147469201835, 34.8437833170204], [-92.2148363472115, 34.8438407980274], [-92.2149257042394, 34.843898353034504], [-92.2150149922674, 34.843955982041486], [-92.2151042092952, 34.84401368404858], [-92.2151933573231, 34.84407145905569], [-92.2152824343511, 34.8441293080628], [-92.2153714423789, 34.8441872310699], [-92.2154603794067, 34.8442452260771], [-92.2155492464346, 34.8443032950843], [-92.2156380434624, 34.84436143709151], [-92.2157267694902, 34.844419652098594], [-92.215815425518, 34.8444779401058], [-92.2159040105458, 34.84453630111301], [-92.2159925255736, 34.84459473612031], [-92.2160809696013, 34.84465324212752], [-92.2161693416291, 34.844711822134904], [-92.2162576436568, 34.844770475142205], [-92.2163458746845, 34.8448292001495], [-92.2164340337122, 34.8448879981568], [-92.2165221227399, 34.844946868164186], [-92.2166101397675, 34.8450058121715], [-92.2166980847952, 34.8450648271789], [-92.2167859588228, 34.845123915186306], [-92.2168737618504, 34.84518307519381], [-92.216961492878, 34.8452423082012], [-92.2170491519057, 34.845301612208594], [-92.2171367389332, 34.8453609892161], [-92.2172242539608, 34.8454204382236], [-92.2173116979884, 34.8454799602311], [-92.2173990690159, 34.84553955323861], [-92.21748636804341, 34.8455992182462], [-92.2175735940709, 34.845658955253704], [-92.2176607480984, 34.84571876426129], [-92.2177478301259, 34.84577864426889], [-92.2178348401533, 34.845838596276494], [-92.2179217761808, 34.8458986202841], [-92.2180086402082, 34.845958716291804], [-92.2180954312356, 34.84601888229938], [-92.218182149263, 34.84607912130707], [-92.2182687942904, 34.84613943131481], [-92.21835536731781, 34.846199812322496], [-92.2184418663451, 34.84626026433021], [-92.2185282913725, 34.846320788338], [-92.2186146443999, 34.84638138334571], [-92.2187009234271, 34.84644204935348], [-92.2187871284544, 34.84650278636128], [-92.2188732604817, 34.846563593369176], [-92.218959318509, 34.84662447237699], [-92.2190453035362, 34.84668542238479], [-92.2191312135635, 34.8467464423927], [-92.2192170505907, 34.846807534400476], [-92.2193028126179, 34.84686869640839], [-92.2193885016451, 34.84692992841631], [-92.2194741156723, 34.8469912314242], [-92.2195596556995, 34.84705260543229], [-92.2196451217266, 34.8471140494402], [-92.2197305127537, 34.84717556344818], [-92.2198158297808, 34.84723714845619], [-92.2199010718079, 34.84729880346418], [-92.21998623983501, 34.847360528472194], [-92.2200713318621, 34.8474223234803], [-92.2201563498891, 34.84748418848829], [-92.2202412929162, 34.84754612349641], [-92.2203261599432, 34.8476081285045], [-92.2204109529702, 34.84767020451259], [-92.2204956699972, 34.847732348520786], [-92.2205803130242, 34.84779456352889], [-92.2206648790511, 34.847856847537095], [-92.2207493710781, 34.8479192015453], [-92.220833786105, 34.8479816255535], [-92.2209181261319, 34.848044118561695], [-92.2210023911588, 34.848106680569884], [-92.2210865791857, 34.848169312578214], [-92.2211706922126, 34.84823201358637], [-92.2212547292395, 34.84829478459469], [-92.2213386892663, 34.84835762360301], [-92.2214225742931, 34.84842053261139], [-92.2215063823199, 34.848483510619594], [-92.2215901143467, 34.84854655662801], [-92.2216737703735, 34.8486096726364], [-92.2217573494002, 34.84867285764472], [-92.2218408514269, 34.848736110653206], [-92.2219242774536, 34.848799432661586], [-92.2220076264804, 34.84886282366999], [-92.222090899507, 34.84892628267849], [-92.2221740945337, 34.84898981068699], [-92.2222572135604, 34.84905340769549], [-92.222340254587, 34.8491170727039], [-92.2224232186136, 34.84918080571247], [-92.2225061056403, 34.84924460772098], [-92.2225889156668, 34.84930847772959], [-92.2226716486934, 34.849372415738095], [-92.22275430372, 34.84943642174669], [-92.2228368807465, 34.849500495755294], [-92.2229193807731, 34.84956463776388], [-92.2230018027996, 34.849628847772514], [-92.22308414682611, 34.84969312578117], [-92.2231664128525, 34.849757471789914], [-92.22324860087902, 34.84982188479848], [-92.22333071190542, 34.849886366807176], [-92.2234127439319, 34.84995091481596], [-92.2234946979583, 34.850015531824695], [-92.2235765739847, 34.85008021483339], [-92.22365837101111, 34.85014496584216], [-92.2237400900374, 34.85020978485101], [-92.2238217300638, 34.8502746708598], [-92.2239032920901, 34.850339623868585], [-92.2239847751164, 34.8504046438774], [-92.2240661791427, 34.85046973088629], [-92.224147504169, 34.85053488489519], [-92.2242287501952, 34.85060010690398], [-92.2243099182215, 34.850665394913], [-92.2243910062477, 34.85073074992189], [-92.2244720152739, 34.850796170930785], [-92.2245529453001, 34.85086165993969], [-92.2246337953263, 34.850927214948676], [-92.2247145663525, 34.85099283595769], [-92.2247952583786, 34.851058523966685], [-92.2248758704047, 34.85112427897571], [-92.2249564024308, 34.8511900999847], [-92.225036854457, 34.8512559869937], [-92.225117227483, 34.851321940002805], [-92.2251975195091, 34.8513879600119], [-92.2252777325351, 34.85145404602099], [-92.2253578655612, 34.851520197030084], [-92.2254379175871, 34.851586415039186], [-92.2255178896131, 34.85165269904839], [-92.2255977816391, 34.85171904805751], [-92.22567759366511, 34.8517854630667], [-92.225757324691, 34.851851944075875], [-92.2258369747169, 34.8519184910851], [-92.2259165447428, 34.851985103094286], [-92.2259960337687, 34.852051780103594], [-92.2260754417946, 34.852118523112814], [-92.2261547698204, 34.85218533212209], [-92.2262340158463, 34.852252206131396], [-92.22631318187211, 34.85231914514068], [-92.2263922658979, 34.852386149149986], [-92.22647126892362, 34.85245321815938], [-92.2265501909494, 34.8525203521687], [-92.2266290319752, 34.852587552178086], [-92.2267077910009, 34.85265481618748], [-92.2267864680266, 34.8527221451969], [-92.2268650640523, 34.85278953920629], [-92.226943579078, 34.85285699721568], [-92.2270220111037, 34.8529245202252], [-92.2271003621293, 34.85299210823467], [-92.22717863115491, 34.85305976024421], [-92.2272568181805, 34.853127477253594], [-92.2273349232061, 34.85319525826319], [-92.2274129452317, 34.85326310327272], [-92.2274908862572, 34.853331013282194], [-92.2275687442827, 34.8533989872918], [-92.2276465203083, 34.8534670243014], [-92.2277242133338, 34.853535126310994], [-92.2278018243593, 34.853603292320585], [-92.2278793523847, 34.8536715223302], [-92.22795679841022, 34.85373981533989], [-92.2280341614356, 34.853808173349506], [-92.228111441461, 34.8538765943592], [-92.2281886384863, 34.853945078368895], [-92.2282657525118, 34.8540136263786], [-92.2283427835371, 34.854082238388315], [-92.2284197315624, 34.854150913398094], [-92.2284965955878, 34.8542196524078], [-92.228573377613, 34.85428845341762], [-92.2286500756383, 34.85435731842738], [-92.2287266896636, 34.85442624643721], [-92.2288032206888, 34.854495237447004], [-92.228879668714, 34.854564291456896], [-92.2289560317392, 34.85463340846668], [-92.2290323117644, 34.85470258847659], [-92.2291085077896, 34.85477183148641], [-92.2291846208148, 34.85484113649632], [-92.2292606488399, 34.85491050550629], [-92.229336592865, 34.854979935516184], [-92.2294124528901, 34.855049428526186], [-92.2294882289152, 34.85511898453606], [-92.2295639199403, 34.855188602546086], [-92.2296395269653, 34.855258282556086], [-92.2297150499903, 34.85532802556611], [-92.2297904880153, 34.8553978305761], [-92.2298658420403, 34.85546769758608], [-92.2299411110653, 34.8555376255962], [-92.2300162950902, 34.855607616606285], [-92.2300913951151, 34.85567766961628], [-92.23016640914, 34.8557477846265], [-92.23024133916502, 34.8558179606366], [-92.2303161831898, 34.85588819864668], [-92.2303909422146, 34.85595849865691], [-92.2304656172395, 34.856028859667006], [-92.2305402062643, 34.85609928167719], [-92.2306147092891, 34.85616976568738], [-92.2306891273139, 34.85624031169768], [-92.2307634603386, 34.856310917707894], [-92.2308377073634, 34.85638158571809], [-92.2309118683881, 34.85645231472841], [-92.2309859444128, 34.8565231047387], [-92.2310599344375, 34.85659395574889], [-92.2311338384622, 34.8566648677593], [-92.2312076564868, 34.85673584076958], [-92.2312813885114, 34.8568068737799], [-92.2313550355361, 34.85687796879028], [-92.2314285945607, 34.856949122800586], [-92.2315020685852, 34.857020338811004], [-92.2315754556097, 34.8570916148214], [-92.2316487566343, 34.85716295083192], [-92.2317219716588, 34.85723434684218], [-92.2317950996833, 34.85730580385268], [-92.23186814070782, 34.857377320863186], [-92.2319410957322, 34.857448898873685], [-92.2320139637566, 34.85752053588406], [-92.2320867447811, 34.8575922328947], [-92.2321594398054, 34.8576639899052], [-92.2322320468299, 34.85773580691568], [-92.2323045668542, 34.85780768392631], [-92.2323769998785, 34.857879620936906], [-92.2324493459029, 34.85795161694739], [-92.2325216049271, 34.85802367195811], [-92.2325937769514, 34.8580957869687], [-92.2326658609757, 34.858167961979305], [-92.2327378569999, 34.858240195989886], [-92.2328097660241, 34.858312489000625], [-92.23288158804831, 34.85838484101129], [-92.2329533210726, 34.858457253022], [-92.2330249670967, 34.858529723032674], [-92.2330965261208, 34.8586022530434], [-92.233167996145, 34.8586748410541], [-92.2332393781691, 34.85874748806492], [-92.2333106721932, 34.8588201940757], [-92.2333818782172, 34.85889295908652], [-92.2334529962412, 34.85896578209729], [-92.2335240262653, 34.8590386641081], [-92.2335949672893, 34.8591116051189], [-92.2336658203132, 34.85918460312978], [-92.2337365853372, 34.859257660140585], [-92.2338072613611, 34.8593307761515], [-92.2338778483851, 34.859403949162385], [-92.233948347409, 34.85947718117329], [-92.2340187564329, 34.8595504701842], [-92.23408907845672, 34.85962381819518], [-92.23415931048052, 34.85969722320609], [-92.2342294535044, 34.859770687217086], [-92.2342995075282, 34.859844208228004], [-92.2343694725519, 34.8599177862391], [-92.23443934857582, 34.85999142225009], [-92.2345091355995, 34.8600651162611], [-92.2345788326232, 34.86013886727209], [-92.2346484406469, 34.860212676283204], [-92.2347179586706, 34.86028654229431], [-92.2347873876942, 34.86036046530541], [-92.2348567277179, 34.86043444531649], [-92.2349259767415, 34.8605084833276], [-92.2349951367651, 34.860582577338704], [-92.2350642067887, 34.8606567283499], [-92.2351331878122, 34.860730936360994], [-92.2352020778358, 34.8608052013722], [-92.2352708778593, 34.86087952338341], [-92.2353395888828, 34.860953901394595], [-92.2354082089063, 34.861028336405894], [-92.2354767389297, 34.8611028274171], [-92.2355451779532, 34.86117737542839], [-92.2356135279766, 34.86125197943961], [-92.235681787, 34.8613266394509], [-92.2357499550233, 34.861401356462196], [-92.2358180330467, 34.86147612847349], [-92.2358860200701, 34.86155095748489], [-92.2359539160933, 34.861625842496196], [-92.2360217221166, 34.861700782507484], [-92.2360894371399, 34.861775778518904], [-92.2361570611631, 34.861850830530294], [-92.2362245941864, 34.861925938541695], [-92.2362920362096, 34.862001101553105], [-92.2363593872328, 34.862076320564476], [-92.2364266472559, 34.86215159457598], [-92.2364938152791, 34.8622269245874], [-92.2365608923022, 34.86230230959889], [-92.2366278783253, 34.8623777496104], [-92.2366947733484, 34.862453244621896], [-92.2367615753715, 34.862528795633494], [-92.2368282873945, 34.862604400645], [-92.2368949064175, 34.86268006065649], [-92.2369614344405, 34.86275577566809], [-92.2370278714635, 34.862831545679704], [-92.2370942154865, 34.862907369691214], [-92.2371604675094, 34.86298324970288], [-92.2372266285323, 34.86305918271446], [-92.2372926965552, 34.86313517072619], [-92.2373586735781, 34.86321121373782], [-92.2374245576009, 34.86328731074941], [-92.2374903496238, 34.86336346176109], [-92.23755604964661, 34.86343966677278], [-92.2376216566694, 34.8635159257846], [-92.2376871716921, 34.86359223879629], [-92.2377525937149, 34.86366860580797], [-92.2378179237376, 34.86374502681977], [-92.2378831607603, 34.8638215018315], [-92.237948304783, 34.86389803084327], [-92.2380133568057, 34.86397461285509], [-92.2380783158283, 34.86405124786691], [-92.23814318185092, 34.86412793687868], [-92.2382079548735, 34.86420467989059], [-92.2382726348961, 34.864281475902395], [-92.2383372219186, 34.86435832491431], [-92.2384017159412, 34.864435226926204], [-92.2384661159637, 34.8645121819381], [-92.2385304239862, 34.86458919095], [-92.2385946380086, 34.86466625196191], [-92.2386587580311, 34.864743365973894], [-92.2387227850535, 34.86482053298579], [-92.2387867190759, 34.86489775199781], [-92.2388505590982, 34.864975025009784], [-92.2389143051206, 34.86505234902181], [-92.238977957143, 34.86512972603381], [-92.2390415161653, 34.86520715604579], [-92.23910498118761, 34.865284638057894], [-92.23916835220982, 34.86536217206991], [-92.2392316292321, 34.86543975808201], [-92.2392948122543, 34.8655173970941], [-92.2393579012765, 34.86559508710618], [-92.2394208962987, 34.86567282911831], [-92.2394837963209, 34.865750624130385], [-92.239546602343, 34.86582847014261], [-92.2396093143651, 34.8659063671547], [-92.2396719313872, 34.865984316166895], [-92.2397344544093, 34.8660623171791], [-92.2397968824313, 34.86614036919128], [-92.2398592164534, 34.866218473203496], [-92.2399214554754, 34.8662966282157], [-92.2399835994974, 34.86637483422799], [-92.2400456495193, 34.8664530912402], [-92.2401076035413, 34.8665314002525], [-92.2401694635632, 34.866609759264705], [-92.2402312285851, 34.8666881692771], [-92.2402928986069, 34.8667666312894], [-92.2403544726288, 34.866845142301706], [-92.2404159516507, 34.86692370531403], [-92.2404773366725, 34.86700231832638], [-92.2405386246942, 34.867080982338784], [-92.240599818716, 34.867159696351095], [-92.2406609167377, 34.867238460363495], [-92.2407219197594, 34.86731727537602], [-92.2407828267812, 34.86739614038839], [-92.2408436378028, 34.867475055400796], [-92.2409043538245, 34.86755402041328], [-92.2409649738461, 34.86763303642569], [-92.2410254978677, 34.86771210143818], [-92.2410859268893, 34.8677912154507], [-92.2411462589109, 34.8678703804632], [-92.2412064959324, 34.86794959447567], [-92.2412666369539, 34.8680288584883], [-92.2413266809754, 34.86810817150077], [-92.2413866289969, 34.86818753451339], [-92.2414464810184, 34.86826694652599], [-92.24150623703981, 34.86834640753851], [-92.2415658970612, 34.868425918551196], [-92.2416254600826, 34.86850547756379], [-92.2416849271039, 34.86858508657639], [-92.2417442971253, 34.868664743589], [-92.2418035701466, 34.86874445060169], [-92.2418627471679, 34.86882420561439], [-92.2419218281891, 34.8689040096271], [-92.2419808112104, 34.86898386163979], [-92.2420396982316, 34.8690637636525], [-92.2420984882528, 34.86914371266519], [-92.242157181274, 34.86922371067789], [-92.2422157772951, 34.869303756690684], [-92.2422742763163, 34.86938385170351], [-92.2423326783374, 34.869463993716295], [-92.2423909833584, 34.869544184729065], [-92.2424491903795, 34.86962442374189], [-92.2425073004005, 34.86970470975469], [-92.2425653134215, 34.8697850437675], [-92.24262322944251, 34.869865426780294], [-92.2426810474635, 34.86994585579319], [-92.2427387674845, 34.870026333806095], [-92.2427963905054, 34.870106857819], [-92.2428539165263, 34.8701874308319], [-92.2429113445472, 34.870268049844796], [-92.242968673568, 34.87034871685769], [-92.2430259065889, 34.87042943087068], [-92.2430830406097, 34.870510191883724], [-92.2431400766305, 34.87059100089661], [-92.24319701565122, 34.870671855909585], [-92.243253855672, 34.87075275792263], [-92.2433105986927, 34.870833706935585], [-92.2433672427134, 34.87091470194869], [-92.243423788734, 34.8709957439617], [-92.2434802367547, 34.87107683297471], [-92.2435365857753, 34.87115796798781], [-92.2435928367959, 34.87123914900092], [-92.24364898981652, 34.87132037701389], [-92.243705043837, 34.871401651027114], [-92.2437609998575, 34.87148297104019], [-92.2438168568781, 34.8715643370534], [-92.2438726148985, 34.871645749066495], [-92.243928274919, 34.8717272070796], [-92.2439838359394, 34.87180871109279], [-92.2440392979598, 34.87189026010599], [-92.2440946619802, 34.87197185611923], [-92.2441499260006, 34.8720534961324], [-92.24420509102092, 34.87213518214559], [-92.2442601580413, 34.87221691415889], [-92.2443151250615, 34.872298691172084], [-92.2443699930818, 34.8723805131854], [-92.24442476210201, 34.87246238019869], [-92.2444794321223, 34.872544293211895], [-92.2445340021425, 34.87262625022529], [-92.2445884731627, 34.87270825223859], [-92.2446428451828, 34.872790299251896], [-92.2446971172029, 34.87287239126519], [-92.244751289223, 34.8729545282786], [-92.2448053632431, 34.873036709291895], [-92.2448593362631, 34.8731189343054], [-92.2449132102832, 34.873201204318796], [-92.2449669843032, 34.87328351933218], [-92.2450206583232, 34.873365877345606], [-92.2450742323432, 34.873448280358986], [-92.2451277063631, 34.87353072737248], [-92.245181081383, 34.8736132173859], [-92.2452343554029, 34.87369575239939], [-92.2452875304227, 34.8737783314129], [-92.2453406044426, 34.873860953426394], [-92.2453935784624, 34.87394361943987], [-92.2454464524822, 34.87402632945349], [-92.2454992255019, 34.87410908246702], [-92.2455518985217, 34.874191878480495], [-92.2456044715415, 34.87427471849408], [-92.2456569445611, 34.87435760150769], [-92.2457093155808, 34.8744405285212], [-92.2457615876004, 34.8745234975349], [-92.24581375862, 34.874606510548496], [-92.2458658286397, 34.87468956556211], [-92.2459177976592, 34.874772663575676], [-92.2459696666788, 34.874855804589394], [-92.2460214346983, 34.874938988603084], [-92.2460731017178, 34.87502221461669], [-92.2461246677373, 34.87510548363038], [-92.2461761327567, 34.8751887946441], [-92.2462274967762, 34.8752721486578], [-92.2462787597956, 34.8753555436715], [-92.24632992181502, 34.875438981685306], [-92.2463809828343, 34.8755224626991], [-92.2464319418537, 34.87560598471276], [-92.246482799873, 34.87568954872658], [-92.2465335568922, 34.8757731547404], [-92.2465842129115, 34.87585680175422], [-92.2466347669307, 34.87594049176809], [-92.2466852199499, 34.876024222781794], [-92.2467355709691, 34.87610799479569], [-92.2467858199883, 34.87619180880961], [-92.2468359680074, 34.876275663823485], [-92.2468860150265, 34.87635956083729], [-92.2469359590456, 34.87644349785119], [-92.2469858020646, 34.87652747686509], [-92.2470355430837, 34.876611496879], [-92.2470851821027, 34.8766955578929], [-92.2471347191217, 34.87677965890688], [-92.2471841541407, 34.8768638019208], [-92.2472334881596, 34.876947984934795], [-92.2472827191785, 34.87703220794879], [-92.2473318481974, 34.87711647196279], [-92.24738087421622, 34.8772007769768], [-92.2474297992351, 34.877285121990774], [-92.2474786212539, 34.87736950700479], [-92.24752734127271, 34.877453932018895], [-92.24757595929151, 34.877538397032886], [-92.2476244743102, 34.877622903047], [-92.24767288732892, 34.87770744806111], [-92.2477211973476, 34.8777920330752], [-92.24776940436631, 34.87787665808929], [-92.24781750938492, 34.8779613231034], [-92.2478655124035, 34.87804602711749], [-92.2479134114221, 34.87813077013168], [-92.2479612084407, 34.87821555314582], [-92.2480089024592, 34.87830037616], [-92.2480564934777, 34.87838523717421], [-92.2481039824962, 34.87847013818831], [-92.2481513675147, 34.87855507820258], [-92.2481986505331, 34.87864005721679], [-92.2482458295515, 34.878725075231], [-92.2482929055699, 34.87881013124521], [-92.2483398785883, 34.87889522625947], [-92.2483867486066, 34.8789803602737], [-92.2484335156249, 34.879065533287985], [-92.2484801786432, 34.8791507443023], [-92.2485267386615, 34.87923599331659], [-92.2485731956797, 34.87932128133091], [-92.2486195486979, 34.879406607345196], [-92.2486657987161, 34.87949197135959], [-92.2487119447342, 34.879577373373884], [-92.2487579877524, 34.8796628133883], [-92.2488039267705, 34.87974829140259], [-92.2488497617886, 34.87983380641699], [-92.2488954938067, 34.87991936043139], [-92.24894112182471, 34.88000495144578], [-92.2489866458427, 34.8800905804602], [-92.2490320668607, 34.88017624647469], [-92.2490773828786, 34.880261949489096], [-92.24912259589661, 34.880347690503584], [-92.2491677039145, 34.8804334685181], [-92.2492127089324, 34.88051928353253], [-92.24925760995022, 34.88060513554699], [-92.249302405968, 34.880691024561465], [-92.2493470979858, 34.880776949576], [-92.2493916860036, 34.88086291259048], [-92.2494361700214, 34.880948911605095], [-92.2494805500391, 34.881034947619696], [-92.2495248250568, 34.88112102063419], [-92.2495689950745, 34.88120712864869], [-92.2496130620921, 34.881293274663385], [-92.2496570241098, 34.8813794556779], [-92.2497008811274, 34.88146567369259], [-92.2497446341449, 34.8815519267072], [-92.2497882821625, 34.881638216721676], [-92.24983182618, 34.8817245417365], [-92.2498752651975, 34.88181090375109], [-92.249918599215, 34.88189730076579], [-92.2499618282324, 34.8819837337804], [-92.2500049532498, 34.88207020179509], [-92.2500479732672, 34.882156705809784], [-92.2500908872846, 34.882243244824494], [-92.2501336973019, 34.88232981983919], [-92.2501764023192, 34.88241642885399], [-92.25021900233662, 34.88250307386869], [-92.2502614973538, 34.88258975388347], [-92.250303886371, 34.8826764688982], [-92.2503461713883, 34.882763218912984], [-92.2503883504054, 34.8828500029278], [-92.2504304244226, 34.88293682194258], [-92.25047239343981, 34.88302367595738], [-92.2505142564568, 34.883110563972195], [-92.2505560144739, 34.88319748698711], [-92.250597667491, 34.88328444400199], [-92.250639214508, 34.8833714360168], [-92.250680656525, 34.88345846103168], [-92.250721992542, 34.88354552104659], [-92.2507632225589, 34.8836326150615], [-92.2508043475759, 34.88371974207639], [-92.2508453675928, 34.883806904091294], [-92.2508862806096, 34.883894099106215], [-92.2509270886265, 34.883981328121074], [-92.2509677906433, 34.884068590136096], [-92.2510083866601, 34.884155886151106], [-92.2510488766769, 34.88424321516598], [-92.2510892616936, 34.88433057818099], [-92.2511295397103, 34.884417974196], [-92.251169712727, 34.88450540221099], [-92.2512097787437, 34.884592864225986], [-92.2512497387604, 34.884680359241095], [-92.2512895927769, 34.88476788725609], [-92.2513293407935, 34.884855448271075], [-92.2513689828101, 34.88494304128618], [-92.2514085188266, 34.88503066730129], [-92.2514479478431, 34.885118325316384], [-92.2514872708596, 34.88520601633135], [-92.251526487876, 34.88529373934659], [-92.2515655978924, 34.8853814953617], [-92.2516046019089, 34.88546928237682], [-92.2516434989252, 34.88555710239189], [-92.2516822899416, 34.885644954407084], [-92.2517209749579, 34.885732837422296], [-92.2517595519742, 34.88582075343739], [-92.2517980229905, 34.885908700452596], [-92.2518363880067, 34.88599667946778], [-92.2518746460229, 34.88608468948299], [-92.2519127970391, 34.88617273149819], [-92.2519508410553, 34.8862608045134], [-92.2519887780714, 34.88634890852872], [-92.25202660908751, 34.88643704454392], [-92.2520643321036, 34.88652521155921], [-92.2521019491197, 34.886613409574394], [-92.2521394591356, 34.88670163758971], [-92.2521768611516, 34.886789897604984], [-92.2522141571676, 34.8868781876203], [-92.2522513451836, 34.886966508635595], [-92.2522884271995, 34.887054860651], [-92.2523254012154, 34.88714324266627], [-92.2523622682312, 34.887231655681596], [-92.2523990282471, 34.88732009869701], [-92.2524356812629, 34.887408571712385], [-92.2524722262787, 34.88749707472768], [-92.2525086642945, 34.88758560774309], [-92.2525449943102, 34.88767417175848], [-92.2525812173259, 34.88776276477391], [-92.2526173333416, 34.88785138778931], [-92.2526533413572, 34.88794003980478], [-92.2526892423728, 34.88802872282019], [-92.25272503538841, 34.88811743383559], [-92.252760720404, 34.88820617585112], [-92.2527962984195, 34.888294945866605], [-92.252831768435, 34.888383745882], [-92.2528671314505, 34.88847257489748], [-92.252902385466, 34.8885614329131], [-92.2529375324814, 34.888650319928594], [-92.2529725714969, 34.888739235944094], [-92.2530075025122, 34.8888281809596], [-92.2530423265275, 34.8889171539752], [-92.2530770415429, 34.88900615699068], [-92.2531116495582, 34.8890951870063], [-92.2531461485735, 34.889184246021884], [-92.2531805405887, 34.889273334037384], [-92.253214823604, 34.88936245005311], [-92.2532489986191, 34.8894515940686], [-92.2532830656343, 34.88954076608432], [-92.2533170246494, 34.889629966099896], [-92.25335087566451, 34.88971919411549], [-92.2533846186796, 34.88980845013119], [-92.2534182526946, 34.889897734146786], [-92.2534517787097, 34.889987045162485], [-92.2534851967247, 34.89007638417818], [-92.2535185057397, 34.8901657501939], [-92.2535517067546, 34.89025514420957], [-92.2535847987695, 34.89034456522528], [-92.2536177827844, 34.89043401324099], [-92.2536506587993, 34.890523489256694], [-92.2536834258141, 34.8906129912725], [-92.2537160838289, 34.890702520288215], [-92.2537486338437, 34.89079207730399], [-92.2537810748584, 34.89088166031969], [-92.2538134068732, 34.8909712693355], [-92.2538456308879, 34.891060905351274], [-92.2538777459025, 34.89115056836708], [-92.2539097519172, 34.89124025738289], [-92.2539416499318, 34.8913299733987], [-92.2539734389464, 34.891419714414596], [-92.2540051179609, 34.891509482430386], [-92.2540366889755, 34.891599276446286], [-92.25406815099, 34.8916890964621], [-92.25409950400442, 34.891778942477906], [-92.2541307480189, 34.891868813493794], [-92.2541618830333, 34.8919587105097], [-92.2541929090477, 34.8920486335256], [-92.2542238260621, 34.892138581541516], [-92.2542546340764, 34.89222855555741], [-92.2542853320908, 34.892318554573386], [-92.2543159221051, 34.892408578589404], [-92.2543464021193, 34.892498628605296], [-92.2543767731335, 34.892588702621296], [-92.2544070341477, 34.89267880263717], [-92.2544371871619, 34.89276892665319], [-92.2544672301761, 34.892859075669215], [-92.2544971641902, 34.892949249685195], [-92.25452698820422, 34.89303944770109], [-92.2545567032183, 34.893129670717215], [-92.2545863082323, 34.89321991873321], [-92.25461580424631, 34.893310189749194], [-92.2546451912603, 34.8934004857653], [-92.2546744672743, 34.89349080578128], [-92.2547036352882, 34.89358115079739], [-92.2547326933021, 34.8936715188135], [-92.254761641316, 34.8937619108296], [-92.2547904793298, 34.893852326845604], [-92.2548192083436, 34.89394276586181], [-92.2548478273574, 34.894033229877785], [-92.2548763363712, 34.894123715894], [-92.25490473638492, 34.8942142259101], [-92.2549330253986, 34.89430475992629], [-92.2549612054122, 34.89439531694239], [-92.2549892754259, 34.89448589695859], [-92.2550172354395, 34.8945764989747], [-92.2550450864531, 34.89466712499091], [-92.2550728264666, 34.89475777400709], [-92.2551004564802, 34.89484844602329], [-92.2551279764937, 34.89493914003949], [-92.2551553875071, 34.89502985705569], [-92.2551826875206, 34.895120597071994], [-92.255209877534, 34.89521135908809], [-92.2552369575474, 34.8953021431044], [-92.2552639275608, 34.8953929501206], [-92.2552907875741, 34.89548377913688], [-92.2553175365874, 34.895574629153195], [-92.2553441756007, 34.89566550216949], [-92.2553707046139, 34.8957563971858], [-92.2553971236271, 34.89584731320199], [-92.2554234326404, 34.895938252218414], [-92.2554496306535, 34.896029211234605], [-92.2554757176667, 34.896120193251], [-92.2555016956798, 34.896211196267295], [-92.2555275626929, 34.8963022202837], [-92.25555331870592, 34.89639326530001], [-92.2555789647189, 34.8964843323164], [-92.2556045007319, 34.89657542033271], [-92.2556299257449, 34.8966665283491], [-92.2556552407578, 34.8967576583655], [-92.2556804447707, 34.89684880838188], [-92.25570553778361, 34.896939979398276], [-92.2557305207965, 34.897031171414696], [-92.2557553928093, 34.89712238343122], [-92.2557801538221, 34.8972136164476], [-92.2558048048349, 34.897304869463994], [-92.2558293448476, 34.897396142480495], [-92.25585377386031, 34.89748743649698], [-92.255878092873, 34.8975787495134], [-92.2559023008856, 34.897670083529896], [-92.2559263978983, 34.897761436546396], [-92.2559503839109, 34.8978528095628], [-92.2559742589234, 34.89794420257929], [-92.255998022936, 34.898035615595894], [-92.2560216769485, 34.89812704761239], [-92.256045218961, 34.89821849862889], [-92.2560686509734, 34.898309969645496], [-92.2560919719859, 34.89840145966208], [-92.2561151809983, 34.89849296867859], [-92.2561382800106, 34.89858449769515], [-92.256161267023, 34.898676044711685], [-92.2561841440353, 34.8987676107283], [-92.2562069090475, 34.89885919574488], [-92.2562295630598, 34.89895079976149], [-92.256252106072, 34.899042421778084], [-92.2562745380842, 34.89913406279467], [-92.2562968590964, 34.89922572181128], [-92.2563190681086, 34.89931739982801], [-92.2563411661206, 34.899409095844604], [-92.2563631531327, 34.89950080986131], [-92.2563850291448, 34.89959254187789], [-92.2564067931568, 34.8996842918946], [-92.2564284461688, 34.899776059911304], [-92.25644998818082, 34.8998678449279], [-92.2564714181927, 34.899959648944595], [-92.2564927372046, 34.9000514699614], [-92.2565139452165, 34.9001433079781], [-92.2565350412283, 34.9002351639948], [-92.2565560262401, 34.90032703701151], [-92.256576899252, 34.900418928028195], [-92.2565976602637, 34.900510836045], [-92.2566183102755, 34.9006027600617], [-92.25663884928721, 34.900694702078496], [-92.25665927629882, 34.90078666109529], [-92.2566795923105, 34.900878636112], [-92.2566997953221, 34.9009706281288], [-92.2567198883337, 34.9010626361456], [-92.2567398683453, 34.9011546621624], [-92.2567597373568, 34.901246703179176], [-92.2567794943683, 34.90133876119598], [-92.2567991403798, 34.901430835212906], [-92.2568186743912, 34.90152292522968], [-92.2568380964026, 34.901615031246585], [-92.256857406414, 34.90170715326339], [-92.2568766044254, 34.90179929128028], [-92.2568956914367, 34.9018914452971], [-92.256914666448, 34.90198361531399], [-92.2569335294593, 34.90207580033091], [-92.2569522804705, 34.90216800034769], [-92.25697091948182, 34.9022602163647], [-92.256989447493, 34.90235244838159], [-92.2570078625041, 34.9024446943985], [-92.2570261665152, 34.902536956415425], [-92.2570443575264, 34.90262923243228], [-92.2570624375374, 34.902721524449206], [-92.2570804045485, 34.90281383046619], [-92.2570982605594, 34.9029061514832], [-92.2571160035704, 34.902998487500206], [-92.2571336355814, 34.903090838517095], [-92.2571511545923, 34.903183202534095], [-92.2571685626032, 34.90327558255108], [-92.2571858576141, 34.90336797556809], [-92.2572030406249, 34.9034603835851], [-92.2572201116357, 34.903552805602075], [-92.2572370706465, 34.90364524161909], [-92.2572539176572, 34.90373769063607], [-92.2572706516679, 34.9038301546531], [-92.2572872736787, 34.903922631670184], [-92.2573037836893, 34.904015122687206], [-92.2573201816999, 34.90410762770428], [-92.2573364677105, 34.9042001457214], [-92.2573526407211, 34.90429267673839], [-92.2573687017317, 34.90438522175548], [-92.2573846507422, 34.9044777787726], [-92.2574004867526, 34.9045703497897], [-92.2574162107631, 34.90466293380679], [-92.2574318217735, 34.9047555308239], [-92.2574473217839, 34.90484814084099], [-92.2574627087943, 34.90494076285808], [-92.2574779828046, 34.905033397875194], [-92.2574931448149, 34.90512604489239], [-92.2575081948252, 34.9052187049096], [-92.2575231318355, 34.9053113779267], [-92.2575379568457, 34.90540406194379], [-92.2575526688559, 34.905496758961], [-92.257567268866, 34.905589467978196], [-92.25758175587612, 34.905682187995374], [-92.2575961308863, 34.905774921012586], [-92.2576103928963, 34.905867665029795], [-92.2576245419064, 34.905960422047], [-92.2576385789164, 34.906053189064195], [-92.2576525039264, 34.90614596808141], [-92.2576663159363, 34.906238759098585], [-92.2576800149462, 34.90633156111582], [-92.2576936009562, 34.90642437413308], [-92.257707074966, 34.90651719915029], [-92.2577204369758, 34.90661003416759], [-92.2577336849857, 34.90670288118479], [-92.2577468209955, 34.906795738202206], [-92.2577598450052, 34.90688860621949], [-92.2577727550149, 34.9069814842367], [-92.2577855530246, 34.90707437425399], [-92.2577982380343, 34.9071672742713], [-92.2578108110439, 34.9072601842886], [-92.2578232700535, 34.907353104305884], [-92.2578356170631, 34.90744603532328], [-92.2578478510726, 34.90753897634059], [-92.2578599720821, 34.90763192735788], [-92.2578719810916, 34.90772488737529], [-92.25788387610102, 34.90781785839259], [-92.2578956591104, 34.90791083840987], [-92.2579073291198, 34.9080038284273], [-92.2579188861292, 34.9080968284446], [-92.2579303301385, 34.908189837462096], [-92.2579416621478, 34.90828285647949], [-92.2579528801571, 34.9083758834968], [-92.2579639851664, 34.908468920514196], [-92.2579749781756, 34.9085619665317], [-92.2579858581847, 34.908655021549], [-92.2579966241939, 34.90874808556651], [-92.258007278203, 34.908841158583904], [-92.2580178192121, 34.90893424060129], [-92.2580282472212, 34.90902733061879], [-92.2580385622302, 34.909120428636214], [-92.2580487632392, 34.90921353565368], [-92.2580588522482, 34.90930665167108], [-92.2580688282571, 34.9093997756886], [-92.258078691266, 34.90949290770612], [-92.2580884412749, 34.90958604772348], [-92.25809807728382, 34.90967919574099], [-92.2581076012926, 34.90977235075853], [-92.2581170123014, 34.90986551477599], [-92.2581263093102, 34.90995868579351], [-92.2581354933189, 34.91005186481099], [-92.2581445653276, 34.910145051828614], [-92.2581535233363, 34.910238245846], [-92.2581623683449, 34.910331446863594], [-92.2581711003536, 34.9104246558811], [-92.2581797193621, 34.910517870898694], [-92.2581882253707, 34.91061109391621], [-92.2581966173792, 34.910704322933825], [-92.2582048963877, 34.91079755995131], [-92.2582130633962, 34.91089080296889], [-92.2582211164046, 34.91098405298651], [-92.258229056413, 34.91107731000402], [-92.2582368824214, 34.91117057302161], [-92.2582445964297, 34.9112638420393], [-92.258252196438, 34.91135711805689], [-92.2582596834463, 34.911450400074514], [-92.2582670574546, 34.9115436880921], [-92.2582743174628, 34.91163698210969], [-92.258281464471, 34.91173028212729], [-92.2582884994792, 34.91182358814489], [-92.2582954194873, 34.9119168991626], [-92.2583022274954, 34.91201021718021], [-92.2583089215035, 34.912103540197904], [-92.2583155025115, 34.91219686821558], [-92.2583219705195, 34.91229020123318], [-92.2583283245275, 34.9123835402509], [-92.2583345655354, 34.9124768852686], [-92.2583406935434, 34.9125702342863], [-92.2583467085513, 34.91266358830389], [-92.2583526095591, 34.91275694732158], [-92.25835839756701, 34.912850311339305], [-92.2583640715748, 34.91294368035701], [-92.2583696325825, 34.913037053374794], [-92.25837508059031, 34.913130431392396], [-92.258380415598, 34.913223813410184], [-92.2583856366057, 34.913317200427905], [-92.25839074461331, 34.913410590445594], [-92.2583957386209, 34.9135039854634], [-92.2584006196285, 34.91359738448108], [-92.2584053876361, 34.91369078749892], [-92.2584100416436, 34.913784194516694], [-92.25841458265121, 34.913877605534395], [-92.2584190096586, 34.91397102055218], [-92.258423324666, 34.914064438569994], [-92.2584275246735, 34.914157859587704], [-92.2584316126808, 34.91425128460549], [-92.2584355856882, 34.9143447126233], [-92.2584394466955, 34.91443814464111], [-92.2584431937028, 34.914531578658995], [-92.2584468277101, 34.914625016676794], [-92.2584503477173, 34.914718456694594], [-92.2584537547245, 34.914811900712394], [-92.2584570477316, 34.91490534673019], [-92.2584602277388, 34.91499879574808], [-92.2584632937459, 34.9150922467659], [-92.258466246753, 34.9151857007837], [-92.25846908676, 34.9152791568016], [-92.258471812767, 34.91537261581948], [-92.2584744257741, 34.915466076837276], [-92.258476924781, 34.91555953985519], [-92.2584793097879, 34.91565300487309], [-92.2584815827948, 34.915746470890895], [-92.2584837418017, 34.915839939908814], [-92.2584857868085, 34.91593340992671], [-92.2584877188153, 34.9160268819446], [-92.2584895368221, 34.91612035596249], [-92.2584912418288, 34.916213830980375], [-92.2584928338355, 34.916307306998306], [-92.2584943108422, 34.91640078501629], [-92.25849567584882, 34.91649426403419], [-92.2584969268555, 34.916587743052105], [-92.258498063862, 34.91668122406999], [-92.2584990878686, 34.916774706088], [-92.2584999988751, 34.916868188105894], [-92.2585007958817, 34.916961672123904], [-92.2585014798881, 34.91705515514177], [-92.25850204989452, 34.91714864015979], [-92.258502505901, 34.9172421251778], [-92.2585028489073, 34.91733561019571], [-92.2585030789136, 34.917429095213706], [-92.25850319492, 34.91752258023168], [-92.2585031979263, 34.9176160662496], [-92.2585030869325, 34.9177095512677], [-92.2585028619387, 34.9178030372856], [-92.2585025239449, 34.9178965223036], [-92.2585020729511, 34.91799000732173], [-92.2585015079572, 34.9180834913397], [-92.2585008299633, 34.918176975357696], [-92.2585000379694, 34.91827045837569], [-92.2584991319754, 34.91836394039368], [-92.2584981139815, 34.91845742241179], [-92.2584969809874, 34.9185509034298], [-92.2584957349934, 34.91864438344778], [-92.2584943759993, 34.91873786246592], [-92.2584929030052, 34.918831339483894], [-92.258491317011, 34.91892481650199], [-92.2584896170169, 34.91901829151998], [-92.2584878040226, 34.9191117645381], [-92.2584858770284, 34.9192052365561], [-92.2584838370341, 34.919298707574185], [-92.2584816830399, 34.919392175592286], [-92.25847941604552, 34.91948564261039], [-92.2584770350512, 34.91957910762849], [-92.2584745410568, 34.9196725706466], [-92.25847193306241, 34.91976603166471], [-92.2584692120679, 34.919859489682786], [-92.2584663770734, 34.91995294670089], [-92.2584634290789, 34.92004640071899], [-92.2584603680844, 34.92013985173709], [-92.2584571930898, 34.92023330075529], [-92.2584539040952, 34.920326746773384], [-92.25845050210062, 34.920420190791496], [-92.2584469871059, 34.920513630809666], [-92.2584433581112, 34.9206070688278], [-92.2584396161164, 34.920700502845875], [-92.2584357601217, 34.92079393486409], [-92.2584317911269, 34.9208873628823], [-92.2584277081321, 34.92098078790039], [-92.2584235121372, 34.92107420991858], [-92.2584192031424, 34.92116762793669], [-92.2584147801475, 34.92126104195489], [-92.2584102431525, 34.92135445297309], [-92.2584055941576, 34.9214478599913], [-92.2584008301625, 34.92154126300951], [-92.2583959541675, 34.9216346620276], [-92.2583909641724, 34.92172805704578], [-92.2583858601773, 34.92182144806409], [-92.2583806441822, 34.92191483508228], [-92.258375313187, 34.922008217100405], [-92.2583698701918, 34.92210159511869], [-92.2583643131967, 34.92219496813689], [-92.2583586432014, 34.92228833715509], [-92.25835285920611, 34.922381701173386], [-92.25834696221081, 34.922475060191594], [-92.2583409522154, 34.92256841420979], [-92.2583348282201, 34.92266176422801], [-92.2583285912247, 34.92275510824627], [-92.2583222402292, 34.9228484472645], [-92.2583157762338, 34.922941781282795], [-92.2583091992383, 34.92303510930098], [-92.2583025092427, 34.92312843231932], [-92.2582957052471, 34.92322174933749], [-92.2582887882516, 34.92331506135579], [-92.258281758256, 34.92340836737399], [-92.2582746142603, 34.923501667392294], [-92.2582673572647, 34.92359496141061], [-92.2582599872689, 34.92368824942889], [-92.2582525032732, 34.9237815314472], [-92.2582449072774, 34.92387480746549], [-92.2582371962816, 34.923968076483796], [-92.2582293732858, 34.92406133950212], [-92.2582214372899, 34.92415459652038], [-92.258213387294, 34.924247846538684], [-92.2582052242981, 34.92434108955697], [-92.2581969483021, 34.924434326575295], [-92.2581885583061, 34.92452755659359], [-92.25818005531, 34.92462077861201], [-92.258171439314, 34.92471399463031], [-92.258162710318, 34.92480720364857], [-92.2581538683219, 34.92490040466688], [-92.2581449133257, 34.92499359868529], [-92.2581358443295, 34.92508678470361], [-92.2581266623333, 34.9251799637219], [-92.2581173673371, 34.9252731357403], [-92.2581079593408, 34.92536629875858], [-92.2580984383445, 34.92545945477699], [-92.2580888043481, 34.92555260279529], [-92.2580790563518, 34.925645742813686], [-92.2580691963554, 34.925738874832106], [-92.258059222359, 34.925831998850406], [-92.2580491353625, 34.92592511486878], [-92.258038936366, 34.9260182218872], [-92.2580286233695, 34.926111320905605], [-92.258018197373, 34.92620441092391], [-92.2580076583764, 34.92629749194228], [-92.2579970063797, 34.926390564960684], [-92.2579862413831, 34.92648362897908], [-92.2579753633864, 34.92657668399749], [-92.2579643723897, 34.92666973001588], [-92.257953268393, 34.92676276703429], [-92.2579420513962, 34.9268557950527], [-92.2579307213994, 34.926948814071096], [-92.2579192784026, 34.927041823089496], [-92.2579077224057, 34.9271348221079], [-92.2578960534088, 34.9272278121263], [-92.2578842714119, 34.927320793144816], [-92.257872377415, 34.9274137631632], [-92.257860369418, 34.92750672418169], [-92.257848249421, 34.927599675200085], [-92.2578360154239, 34.9276926162185], [-92.2578236694269, 34.927785547236994], [-92.2578112104298, 34.92787846725539], [-92.2577986384326, 34.92797137727389], [-92.2577859534354, 34.928064277292286], [-92.25777315643822, 34.92815716631077], [-92.257760245441, 34.92825004532918], [-92.2577472224437, 34.9283429133477], [-92.2577340864464, 34.92843577036608], [-92.2577208374491, 34.9285286173846], [-92.2577074764518, 34.928621452402986], [-92.2576940014544, 34.9287142774215], [-92.257680414457, 34.92880709044], [-92.2576667154595, 34.92889989245851], [-92.257652902462, 34.92899268247701], [-92.2576389774645, 34.92908546249537], [-92.257624939467, 34.92917822951391], [-92.2576107894694, 34.92927098553228], [-92.2575965264718, 34.929363730550776], [-92.2575821504742, 34.92945646256929], [-92.2575676624765, 34.929549183587895], [-92.2575530614788, 34.9296418926064], [-92.257538347481, 34.929734588624896], [-92.2575235214833, 34.92982727364338], [-92.2575085824855, 34.92991994566191], [-92.2574935314877, 34.9300126056804], [-92.2574783674898, 34.930105252698894], [-92.2574630914919, 34.930197887717384], [-92.257447702494, 34.93029051073591], [-92.257432201496, 34.93038311975448], [-92.2574165874981, 34.93047571677299], [-92.2574008615001, 34.930568300791506], [-92.257385022502, 34.93066087081001], [-92.25736907150392, 34.9307534288286], [-92.2573530075059, 34.9308459738471], [-92.2573368315077, 34.93093850486561], [-92.2573205435095, 34.9310310228841], [-92.2573041425114, 34.93112352690271], [-92.2572876295131, 34.93121601792129], [-92.2572710045149, 34.93130849493983], [-92.2572542665166, 34.931400958958285], [-92.2572374165183, 34.93149340797691], [-92.2572204545199, 34.93158584399549], [-92.2572033795215, 34.931678266013996], [-92.25718619252311, 34.931770673032496], [-92.2571688935246, 34.931863067051104], [-92.2571514825262, 34.93195544606968], [-92.2571339595277, 34.93204781008819], [-92.2571163235291, 34.93214016110681], [-92.2570985755305, 34.93223249612539], [-92.2570807155319, 34.93232481714401], [-92.2570627435333, 34.9324171231626], [-92.2570446595346, 34.93250941518109], [-92.2570264625359, 34.93260169119969], [-92.25700815453722, 34.932693952218216], [-92.2569897335385, 34.932786199236794], [-92.2569712015397, 34.93287843025539], [-92.2569525565409, 34.93297064527398], [-92.256933800542, 34.93306284629259], [-92.2569149315431, 34.933155031311216], [-92.2568959515442, 34.933247200329795], [-92.25687685854531, 34.93333935334829], [-92.2568576545463, 34.93343149136702], [-92.2568383385473, 34.933523613385596], [-92.25681890954822, 34.9336157194042], [-92.2567993695492, 34.93370780942281], [-92.25677971755, 34.93379988244139], [-92.2567599535509, 34.933891940459986], [-92.2567400785518, 34.93398398147858], [-92.2567200905526, 34.93407600649719], [-92.2566999915533, 34.93416801451579], [-92.2566797805541, 34.934260006534394], [-92.2566594585548, 34.93435198155299], [-92.2566390235555, 34.93444393957169], [-92.25661847755612, 34.934535880590296], [-92.2565978195567, 34.9346278056089], [-92.2565770505573, 34.93471971262747], [-92.2565561695579, 34.93481160264619], [-92.2565351765584, 34.9349034756648], [-92.2565140725589, 34.93499533068341], [-92.2564928565594, 34.9350871687021], [-92.2564715295598, 34.93517898972069], [-92.2564500905602, 34.93527079273929], [-92.2564285395606, 34.93536257775791], [-92.2564068775609, 34.935454345776584], [-92.2563851045612, 34.935546094795185], [-92.2563632195615, 34.93563782681381], [-92.2563412225617, 34.93572953983251], [-92.2563191155619, 34.93582123485109], [-92.2562968965621, 34.9359129128698], [-92.25627456556231, 34.936004570888386], [-92.2562521235623, 34.93609621190708], [-92.2562295705625, 34.93618783292568], [-92.2562069065625, 34.9362794359444], [-92.2561841305625, 34.93637102096309], [-92.2561612435625, 34.93646258598168], [-92.2561382455625, 34.93655413300038], [-92.2561151355624, 34.936645661019], [-92.2560919155623, 34.936737169037684], [-92.25606858356221, 34.93682865905631], [-92.256045140562, 34.93692012907499], [-92.2560215865618, 34.937011580093696], [-92.2559979215616, 34.937103011112306], [-92.2559741455613, 34.937194423130975], [-92.255950258561, 34.93728581514959], [-92.2559262595607, 34.93737718816829], [-92.2559021505604, 34.93746854118701], [-92.25587793056, 34.93755987320559], [-92.25585359955961, 34.93765118622429], [-92.2558291575591, 34.93774247924299], [-92.25580460455872, 34.93783375126169], [-92.2557799405581, 34.93792500428041], [-92.2557551655576, 34.93801623529901], [-92.255730280557, 34.938107447317705], [-92.2557052835565, 34.93819863833639], [-92.2556801765558, 34.938289808355094], [-92.2556549585551, 34.938380958373784], [-92.2556296305545, 34.93847208639251], [-92.2556041905537, 34.93856319441111], [-92.255578640553, 34.93865428142978], [-92.25555298055221, 34.93874534644849], [-92.2555272085514, 34.938836391467106], [-92.25550132655052, 34.938927414485875], [-92.2554753345496, 34.939018416504496], [-92.2554492315487, 34.93910939752318], [-92.2554230175478, 34.939200355541885], [-92.2553966935468, 34.939291293560586], [-92.2553702595458, 34.93938220857931], [-92.2553437145448, 34.93947310259799], [-92.2553170585437, 34.9395639746167], [-92.2552902925426, 34.939654823635365], [-92.2552634165415, 34.93974565165408], [-92.2552364305403, 34.93983645667278], [-92.25520933353911, 34.93992724069149], [-92.2551821265379, 34.94001800171009], [-92.2551548085366, 34.94010873972888], [-92.2551273815354, 34.940199455747596], [-92.255099843534, 34.94029014876628], [-92.2550721955326, 34.94038081878489], [-92.2550444375313, 34.94047146680358], [-92.2550165685299, 34.94056209182232], [-92.2549885905284, 34.94065269384099], [-92.2549605015269, 34.94074327185969], [-92.2549323035255, 34.94083382787838], [-92.2549039945239, 34.9409243598971], [-92.2548755765224, 34.9410148689158], [-92.2548470475208, 34.94110535393449], [-92.2548184095191, 34.941195815953314], [-92.25478966051742, 34.94128625397199], [-92.2547608025158, 34.941376667990724], [-92.254731834514, 34.94146705900929], [-92.2547027565123, 34.94155742602812], [-92.2546735685105, 34.9416477690467], [-92.25464427150871, 34.941738087065495], [-92.2546148645069, 34.94182838208418], [-92.254585347505, 34.94191865210289], [-92.254555720503, 34.94200889812157], [-92.2545259845011, 34.94209911914028], [-92.2544961384991, 34.942189316159], [-92.2544661834971, 34.942279488177675], [-92.2544361184951, 34.94236963619638], [-92.254405944493, 34.942459758215094], [-92.2543756604909, 34.94254985623392], [-92.2543452664888, 34.942639929252486], [-92.2543147634866, 34.9427299772712], [-92.2542841514844, 34.94281999928997], [-92.2542534294822, 34.94290999730869], [-92.25422259848, 34.94299996932741], [-92.2541916584777, 34.943089915346086], [-92.2541606084754, 34.94317983636479], [-92.254129449473, 34.94326973138349], [-92.25409818147071, 34.94335960140219], [-92.2540668044682, 34.943449445420896], [-92.2540353174658, 34.94353926343958], [-92.2540037224633, 34.94362905545839], [-92.2539720174608, 34.94371882147699], [-92.2539402034583, 34.943808560495775], [-92.2539082814557, 34.94389827451449], [-92.2538762494531, 34.94398796153322], [-92.2538441084505, 34.944077622551895], [-92.2538118584479, 34.94416725657061], [-92.2537795004452, 34.944256863589295], [-92.2537470324424, 34.944346444608016], [-92.2537144564397, 34.944435998626716], [-92.25368177143692, 34.944525526645386], [-92.2536489774341, 34.94461502666409], [-92.2536160744312, 34.94470449968279], [-92.2535830634284, 34.944793945701605], [-92.25354994242551, 34.9448833647203], [-92.2535167144225, 34.94497275573891], [-92.2534833764196, 34.94506211975767], [-92.25344993041651, 34.945151456776415], [-92.2534163764135, 34.94524076579509], [-92.2533827134105, 34.9453300468138], [-92.2533489414074, 34.94541930083248], [-92.2533150614042, 34.945508525851196], [-92.2532810734011, 34.94559772386988], [-92.2532469763979, 34.94568689388858], [-92.2532127713947, 34.94577603490729], [-92.2531784583914, 34.945865147925986], [-92.2531440363881, 34.94595423294469], [-92.2531095063848, 34.94604328996339], [-92.2530748683815, 34.946132317982105], [-92.2530401223781, 34.946221318000795], [-92.2530052673747, 34.9463102880195], [-92.2529703053713, 34.946399230038196], [-92.2529352343678, 34.9464881440569], [-92.25290005536431, 34.9465770280756], [-92.2528647683608, 34.94666588309428], [-92.2528293743572, 34.94675471011301], [-92.2527938713536, 34.9468435061317], [-92.25275826135, 34.946932274150385], [-92.2527225423464, 34.947021012169095], [-92.2526867163427, 34.9471097211878], [-92.2526507823389, 34.9471984012064], [-92.25261474033522, 34.94728705022519], [-92.2525785913314, 34.9473756702438], [-92.2525423333276, 34.947464260262485], [-92.2525059693237, 34.94755282028119], [-92.2524694963199, 34.9476413512999], [-92.252432916316, 34.94772985131859], [-92.2523962293121, 34.947818321337294], [-92.2523594333081, 34.947906760356], [-92.2523225313041, 34.94799517037471], [-92.2522855213001, 34.948083549393274], [-92.2522484042961, 34.94817189741199], [-92.2522111792919, 34.948260215430686], [-92.2521738472878, 34.948348502449406], [-92.2521364072836, 34.948436758468084], [-92.25209886127952, 34.94852498348669], [-92.2520612072753, 34.94861317750541], [-92.2520234462711, 34.948701341524064], [-92.2519855782668, 34.948789473542696], [-92.2519476032625, 34.94887757456139], [-92.25190952025811, 34.9489656435801], [-92.2518713312538, 34.9490536825988], [-92.2518330352494, 34.94914168861751], [-92.2517946312449, 34.94922966363609], [-92.2517561212405, 34.94931760765481], [-92.251717504236, 34.9494055186735], [-92.2516787802315, 34.94949339869207], [-92.25163995022692, 34.94958124671081], [-92.2516010122223, 34.94966906272936], [-92.2515619682177, 34.94975684574809], [-92.2515228172131, 34.9498445977668], [-92.2514835602084, 34.94993231678538], [-92.2514441962037, 34.950020003804084], [-92.25140472519901, 34.9501076578227], [-92.2513651481942, 34.95019527984139], [-92.2513254641894, 34.950282868860086], [-92.2512856741845, 34.95037042587868], [-92.2512457781797, 34.95045794889741], [-92.2512057751749, 34.95054543991599], [-92.2511656661699, 34.95063289793459], [-92.251125450165, 34.95072032195329], [-92.25108512916, 34.95080771397196], [-92.251044701155, 34.9508950719906], [-92.2510041671499, 34.95098239700921], [-92.2509635261448, 34.95106968802787], [-92.2509227801397, 34.95115694604649], [-92.2508819281346, 34.9512441700652], [-92.2508409691294, 34.951331361083795], [-92.2507999051242, 34.95141851810239], [-92.250758735119, 34.95150564112108], [-92.2507174591137, 34.9515927301397], [-92.2506760771084, 34.951679785158284], [-92.2506345891031, 34.951766805176895], [-92.2505929960977, 34.95185379219559], [-92.2505512960924, 34.951940744214156], [-92.250509491087, 34.95202766223279], [-92.25046758108151, 34.9521145462514], [-92.250425565076, 34.952201394270006], [-92.2503834430705, 34.95228820928861], [-92.250341216065, 34.95237498830727], [-92.2502988830594, 34.9524617333259], [-92.2502564450538, 34.95254844234449], [-92.25021390204822, 34.95263511736308], [-92.2501712530426, 34.95272175738168], [-92.25012849903682, 34.95280836140031], [-92.2500856400311, 34.95289493041889], [-92.2500426750253, 34.9529814644375], [-92.2499996050196, 34.9530679634561], [-92.2499564300138, 34.95315442547469], [-92.2499131500079, 34.95324085349329], [-92.249869765002, 34.95332724451189], [-92.2498262749961, 34.953413600530496], [-92.2497826809902, 34.95349992054909], [-92.24973898098422, 34.95358620456761], [-92.2496951759782, 34.953672452586176], [-92.24965126597222, 34.9537586646048], [-92.2496072519661, 34.95384483962338], [-92.24956313296, 34.953930979642], [-92.2495189089539, 34.95401708266058], [-92.2494745809478, 34.954103148679124], [-92.24943014794161, 34.954189178697675], [-92.2493856099354, 34.95427517171629], [-92.2493409679292, 34.95436112873478], [-92.24929622092291, 34.954447048753394], [-92.24925136991651, 34.9545329307719], [-92.2492064149102, 34.954618776790504], [-92.2491613549039, 34.954704585809075], [-92.24911619089741, 34.954790356827594], [-92.249070922891, 34.9548760918461], [-92.2490255508846, 34.95496178886469], [-92.248980073878, 34.955047447883196], [-92.2489344928715, 34.955133070901795], [-92.248888807865, 34.955218654920294], [-92.2488430198584, 34.955304201938894], [-92.2487971268518, 34.955389710957384], [-92.2487511298452, 34.95547518197598], [-92.2487050288385, 34.95556061499451], [-92.2486588248318, 34.95564601101299], [-92.248612516825, 34.95573136803151], [-92.2485661048183, 34.9558166870501], [-92.2485195888115, 34.955901968068595], [-92.2484729688046, 34.9559872100871], [-92.2484262457978, 34.95607241410559], [-92.2483794197909, 34.95615757912412], [-92.248332489784, 34.956242706142596], [-92.2482854557771, 34.956327794161204], [-92.2482383187701, 34.95641284317959], [-92.2481910787631, 34.956497854198105], [-92.248143734756, 34.9565828252167], [-92.248096287749, 34.95666775823509], [-92.2480487377419, 34.95675265125361], [-92.2480010847348, 34.956837505272105], [-92.24795332772761, 34.95692232029061], [-92.2479054687204, 34.9570070953091], [-92.2478575057132, 34.95709183132759], [-92.2478094397059, 34.95717652834609], [-92.2477612716986, 34.95726118436458], [-92.2477129996913, 34.95734580138299], [-92.247664625684, 34.95743037940149], [-92.24761614867661, 34.957514916419896], [-92.2475675686692, 34.9575994134384], [-92.2475188856617, 34.95768387145689], [-92.2474701006543, 34.95776828847529], [-92.2474212126468, 34.95785266549378], [-92.2473722216393, 34.9579370025123], [-92.2473231286317, 34.95802129853069], [-92.2472739336242, 34.9581055545491], [-92.2472246356165, 34.95818976956759], [-92.2471752356089, 34.958273943586], [-92.2471257326012, 34.958358077604395], [-92.2470761275935, 34.958442170622895], [-92.2470264205858, 34.958526222641304], [-92.246976611578, 34.95861023365979], [-92.2469267005702, 34.95869420367819], [-92.24687668656242, 34.958778132696594], [-92.2468265715545, 34.958862020714996], [-92.2467763535467, 34.958945866733394], [-92.2467260345387, 34.95902967175181], [-92.2466756135307, 34.9591134357702], [-92.2466250905228, 34.95919715678859], [-92.2465744655148, 34.959280837807086], [-92.2465237395067, 34.959364475825424], [-92.2464729104987, 34.95944807284381], [-92.2464219804905, 34.95953162686219], [-92.2463709494824, 34.95961513988062], [-92.2463198164742, 34.959698610899], [-92.2462685824661, 34.959782038917304], [-92.2462172464579, 34.95986542493569], [-92.2461658094496, 34.95994876895409], [-92.2461142704413, 34.9600320709725], [-92.246062631433, 34.9601153299908], [-92.2460108904247, 34.96019854600919], [-92.2459590484163, 34.96028172002759], [-92.2459071044079, 34.96036485104588], [-92.2458550603994, 34.960447939064295], [-92.245802915391, 34.960530985082585], [-92.2457506693825, 34.960613987100984], [-92.245698322374, 34.960696946119285], [-92.2456458743654, 34.96077986213767], [-92.2455933253569, 34.96086273515601], [-92.2455406753483, 34.96094556417428], [-92.2454879253396, 34.961028351192695], [-92.2454350743309, 34.961111093210896], [-92.2453821233222, 34.96119379222929], [-92.2453290713135, 34.9612764482476], [-92.2452759183047, 34.9613590592659], [-92.245222665296, 34.9614416272842], [-92.2451693122871, 34.961524151302484], [-92.2451158592783, 34.96160663132082], [-92.2450623052694, 34.96168906733911], [-92.2450086512604, 34.961771458357404], [-92.2449548962515, 34.9618538063757], [-92.2449010422425, 34.96193610939389], [-92.2448470882336, 34.962018367412206], [-92.2447930332245, 34.962100582430494], [-92.2447388792154, 34.962182751448786], [-92.2446846252063, 34.96226487646699], [-92.2446302711972, 34.962346957485295], [-92.2445758171881, 34.9624289925036], [-92.2445212631789, 34.96251098352179], [-92.2444666101697, 34.96259292854009], [-92.2444118571604, 34.962674829558296], [-92.2443570051511, 34.96275668457649], [-92.2443020531419, 34.962838494594784], [-92.2442470011325, 34.96292025961311], [-92.2441918501232, 34.96300197963119], [-92.2441366001138, 34.96308365364949], [-92.2440812511044, 34.963165281667706], [-92.2440258020949, 34.96324686468589], [-92.24397025408551, 34.963328401704096], [-92.2439146070759, 34.9634098927223], [-92.2438588610664, 34.96349133874059], [-92.2438030160568, 34.9635727377588], [-92.2437470720472, 34.96365409177691], [-92.24369102903762, 34.96373539879519], [-92.2436348870279, 34.96381665981329], [-92.24357864701821, 34.96389787483149], [-92.2435223070085, 34.96397904384969], [-92.2434658689988, 34.96406016586789], [-92.243409331989, 34.96414124088598], [-92.2433526969792, 34.964222269904205], [-92.2432959629693, 34.964303251922395], [-92.2432391309595, 34.96438418794051], [-92.2431822009496, 34.964465075958685], [-92.2431251719397, 34.9645459179768], [-92.2430680449297, 34.964626711995], [-92.2430108189197, 34.96470746001311], [-92.2429534949097, 34.964788160031205], [-92.2428960738996, 34.9648688130493], [-92.2428385538896, 34.964949419067494], [-92.2427809358795, 34.965029977085614], [-92.2427232198693, 34.9651104881037], [-92.2426654068592, 34.96519095112179], [-92.242607494849, 34.965271367139884], [-92.24254948583881, 34.965351735157995], [-92.2424913788285, 34.9654320551761], [-92.2424331748182, 34.9655123271942], [-92.2423748718079, 34.96559255121231], [-92.2423164727976, 34.96567272723039], [-92.2422579747872, 34.96575285524852], [-92.2421993807768, 34.965832935266484], [-92.2421406887664, 34.96591296628459], [-92.2420818997559, 34.965992949302574], [-92.2420230127454, 34.9660728843207], [-92.2419640287349, 34.9661527703388], [-92.2419049477244, 34.96623260735679], [-92.2418457707137, 34.9663123963749], [-92.2417864957032, 34.96639213639289], [-92.24172712369251, 34.96647182741087], [-92.2416676546819, 34.966551469428985], [-92.2416080886712, 34.96663106244702], [-92.2415484266604, 34.966710606464986], [-92.2414886676497, 34.96679010048301], [-92.2414288116389, 34.96686954650099], [-92.2413688596281, 34.966948942519], [-92.2413088106173, 34.967028289537], [-92.2412486656064, 34.967107586555045], [-92.2411884235955, 34.967186834573], [-92.2411280855845, 34.96726603259089], [-92.2410676505736, 34.9673451806089], [-92.2410071205626, 34.96742427862691], [-92.2409464935516, 34.96750332764488], [-92.2408857705406, 34.967582325662896], [-92.2408249515295, 34.96766127468079], [-92.2407640365184, 34.96774017269866], [-92.2407030255072, 34.9678190207167], [-92.24064191849601, 34.96789781873468], [-92.2405807164849, 34.9679765667526], [-92.2405194174736, 34.968055263770495], [-92.2404580234624, 34.9681339097884], [-92.2403965344511, 34.96821250580629], [-92.2403349484398, 34.9682910508242], [-92.2402732684285, 34.96836954584217], [-92.2402114914171, 34.9684479888601], [-92.2401496204057, 34.96852638187801], [-92.2400876533942, 34.968604723895794], [-92.2400255913828, 34.96868301391367], [-92.2399634343713, 34.96876125393159], [-92.2399011813598, 34.96883944194949], [-92.2398388343483, 34.968917578967286], [-92.2397763913367, 34.968995663985204], [-92.2397138543251, 34.96907369800311], [-92.2396512213135, 34.9691516800209], [-92.2395884943018, 34.969229611038784], [-92.23952567229011, 34.9693074900566], [-92.2394627552784, 34.969385318074366], [-92.2393997442667, 34.969463093092294], [-92.23933663825491, 34.96954081711011], [-92.2392734382431, 34.9696184881279], [-92.23921014323132, 34.96969610714578], [-92.2391467542193, 34.969773675163495], [-92.23908327020752, 34.9698511901813], [-92.2390196931955, 34.96992865219919], [-92.2389560211836, 34.970006063217], [-92.2388922551716, 34.970083420234694], [-92.2388283951597, 34.9701607252525], [-92.2387644401476, 34.97023797827029], [-92.2387003921355, 34.970315178288075], [-92.23863625012342, 34.9703923253058], [-92.2385720151113, 34.97046941932349], [-92.23850768509921, 34.9705464603413], [-92.238443262087, 34.9706234483591], [-92.23837874507481, 34.9707003833768], [-92.2383141350625, 34.97077726539449], [-92.2382494310503, 34.970854094412296], [-92.238184634038, 34.97093086942999], [-92.2381197430257, 34.971007591447695], [-92.2380547590133, 34.97108426046542], [-92.23798968200092, 34.97116087448308], [-92.2379245119885, 34.971237436500786], [-92.2378592479761, 34.97131394351851], [-92.2377938919636, 34.9713903975362], [-92.2377284419511, 34.97146679655379], [-92.2376628999386, 34.97154314257149], [-92.2375972649261, 34.97161943458918], [-92.2375315369134, 34.971695672606806], [-92.2374657159009, 34.97177185562449], [-92.2373998028882, 34.97184798564219], [-92.2373337968755, 34.9719240606598], [-92.2372676988628, 34.97200008067738], [-92.2372015078501, 34.972076046694994], [-92.2371352248374, 34.972151958712594], [-92.23706884982461, 34.97222781573029], [-92.2370023818118, 34.97230361774789], [-92.2369358217989, 34.9723793647655], [-92.2368691697861, 34.9724550577831], [-92.2368024257731, 34.972530694800696], [-92.2367355897602, 34.9726062778183], [-92.2366686617473, 34.972681804835794], [-92.2366016417343, 34.97275727785338], [-92.2365345297213, 34.9728326948709], [-92.2364673267082, 34.972908055888496], [-92.2364000316952, 34.972983362906014], [-92.2363326456821, 34.97305861392359], [-92.2362651676689, 34.973133808941185], [-92.2361975976558, 34.97320894895869], [-92.23612993664271, 34.97328403297622], [-92.2360621846294, 34.9733590609937], [-92.2359943416162, 34.9734340330112], [-92.2359264066029, 34.9735089500288], [-92.23585838158961, 34.973583810046186], [-92.2357902645763, 34.97365861506369], [-92.23572205656292, 34.97373336308118], [-92.2356537585495, 34.97380805509869], [-92.2355853685362, 34.9738826911162], [-92.2355168885227, 34.9739572701336], [-92.2354483175092, 34.9740317931511], [-92.2353796564958, 34.9741062601686], [-92.2353109044822, 34.974180670186], [-92.2352420614687, 34.9742550232035], [-92.2351731284551, 34.9743293192209], [-92.2351041054415, 34.9744035592383], [-92.2350349914279, 34.97447774225571], [-92.2349657884142, 34.9745518672731], [-92.2348964944005, 34.9746259362905], [-92.2348271103868, 34.974699948307894], [-92.2347576363731, 34.9747739023253], [-92.23468807235932, 34.9748477993427], [-92.2346184183455, 34.97492163936009], [-92.2345486743317, 34.9749954213775], [-92.2344788413177, 34.975069146394794], [-92.2344089183039, 34.9751428144121], [-92.23433890529002, 34.97521642342951], [-92.234268803276, 34.9752899754469], [-92.234198611262, 34.975363470464195], [-92.2341283302481, 34.975436906481484], [-92.234057960234, 34.975510285498785], [-92.2339875012199, 34.97558360551619], [-92.2339169522059, 34.9756568675335], [-92.2338463141918, 34.97573007255079], [-92.2337755871776, 34.9758032185681], [-92.2337047721635, 34.9758763055854], [-92.2336338671493, 34.97594933560259], [-92.2335628741351, 34.976022306619925], [-92.2334917911208, 34.97609521863718], [-92.2334206201065, 34.976168072654396], [-92.2333493610922, 34.97624086767169], [-92.2332780130779, 34.976313603688894], [-92.2332065760635, 34.976386281706084], [-92.2331350520491, 34.976458900723365], [-92.2330634380347, 34.976531460740595], [-92.2329917370203, 34.976603960757785], [-92.2329199470058, 34.976676402775006], [-92.2328480699913, 34.9767487857922], [-92.2327761039768, 34.97682110880938], [-92.2327040499622, 34.97689337282658], [-92.23263190894761, 34.97696557684378], [-92.232559678933, 34.9770377218609], [-92.2324873619184, 34.97710980787807], [-92.2324149569037, 34.97718183389521], [-92.232342464889, 34.977253799912404], [-92.2322698848743, 34.977325706929484], [-92.2321972178595, 34.97739755394668], [-92.2321244628448, 34.97746933996379], [-92.23205162083, 34.977541066980905], [-92.2319786918151, 34.97761273399799], [-92.23190567480022, 34.97768434101509], [-92.2318325717854, 34.97775588703219], [-92.2317593807705, 34.97782737404929], [-92.2316861037555, 34.9778988000664], [-92.2316127387405, 34.9779701650835], [-92.2315392877256, 34.97804147010049], [-92.2314657497105, 34.978112715117604], [-92.2313921256955, 34.978183899134606], [-92.2313184146804, 34.97825502215169], [-92.23124461666531, 34.978326085168696], [-92.2311707326501, 34.97839708618569], [-92.231096762635, 34.97846802720269], [-92.2310227056198, 34.97853890721969], [-92.2309485626046, 34.97860972623677], [-92.23087433358931, 34.9786804842538], [-92.2308000185741, 34.97875118027071], [-92.2307256175587, 34.97882181528768], [-92.2306511305434, 34.97889238930469], [-92.2305765575281, 34.97896290232159], [-92.2305018985127, 34.979033353338586], [-92.2304271544973, 34.9791037433556], [-92.2303523244818, 34.97917407137249], [-92.2302774094664, 34.97924433738941], [-92.2302024084509, 34.97931454240639], [-92.2301273224354, 34.97938468442319], [-92.2300521504199, 34.979454765440096], [-92.2299768944043, 34.979524784457084], [-92.2299015523887, 34.97959474147389], [-92.22982612537311, 34.9796646364908], [-92.2297506123574, 34.9797344685077], [-92.2296750153417, 34.97980423952459], [-92.229599334326, 34.97987394754139], [-92.2295235673103, 34.979943593558296], [-92.2294477162945, 34.980013176575106], [-92.2293717802788, 34.980082697591996], [-92.2292957592629, 34.9801521556088], [-92.229219654247, 34.98022155062558], [-92.2291434652312, 34.98029088364251], [-92.2290671912153, 34.9803601536592], [-92.2289908331993, 34.980429360675984], [-92.2289143911834, 34.9804985056928], [-92.2288378651675, 34.98056758670958], [-92.2287612541515, 34.98063660472629], [-92.2286845601354, 34.98070555974312], [-92.2286077821194, 34.980774451759906], [-92.2285309201033, 34.98084327977661], [-92.2284539740872, 34.9809120457933], [-92.228376945071, 34.98098074681012], [-92.2282998320549, 34.981049385826786], [-92.2282226360387, 34.98111795984351], [-92.2281453560224, 34.9811864718602], [-92.2280679930062, 34.98125491887691], [-92.2279905469899, 34.981323302893585], [-92.2279130179736, 34.98139162291031], [-92.2278354049573, 34.9814598789269], [-92.227757708941, 34.9815280709436], [-92.2276799309245, 34.98159619796021], [-92.2276020689082, 34.98166426197691], [-92.2275241248917, 34.98173226199349], [-92.2274460978752, 34.981800198010085], [-92.2273679888587, 34.98186806902668], [-92.22728979684221, 34.98193587504339], [-92.2272115218257, 34.9820036180599], [-92.2271331648092, 34.9820712960765], [-92.2270547257926, 34.9821389090931], [-92.2269762037759, 34.98220645810969], [-92.22689760075932, 34.9822739411262], [-92.2268189147426, 34.982341361142794], [-92.2267401467259, 34.9824087151594], [-92.2266612967092, 34.9824760041759], [-92.2265823656925, 34.9825432291924], [-92.2265033526757, 34.98261038820888], [-92.2264242576588, 34.98267748222547], [-92.226345080642, 34.98274451124199], [-92.2262658226252, 34.9828114752584], [-92.2261864826083, 34.98287837327492], [-92.2261070615914, 34.98294520629139], [-92.2260275595744, 34.98301197430789], [-92.2259479765575, 34.9830786763244], [-92.2258683115405, 34.98314531334079], [-92.2257885655235, 34.983211884357196], [-92.2257087395064, 34.9832783893737], [-92.2256288314894, 34.983344828390095], [-92.2255488434723, 34.98341120240653], [-92.2254687744551, 34.98347750942288], [-92.225388624438, 34.9835437514393], [-92.2253083944208, 34.9836099264557], [-92.2252280834036, 34.98367603647209], [-92.2251476923864, 34.9837420794885], [-92.2250672203691, 34.983808056504785], [-92.22498666835192, 34.98387396752117], [-92.2249060363346, 34.98393981153751], [-92.2248253243172, 34.98400558955391], [-92.2247445322999, 34.98407130057021], [-92.2246636602825, 34.984136945586485], [-92.2245827082651, 34.98420252360277], [-92.2245016772476, 34.98426803561908], [-92.2244205662302, 34.98433347963539], [-92.2243393752127, 34.98439885765159], [-92.2242581041952, 34.9844641686679], [-92.2241767541776, 34.984529412684175], [-92.2240953251601, 34.9845945897005], [-92.2240138161425, 34.98465969871669], [-92.2239322291249, 34.984724741732904], [-92.2238505621073, 34.984789716749084], [-92.22376881608962, 34.9848546247654], [-92.2236869910718, 34.9849194657815], [-92.2236050870542, 34.9849842387978], [-92.2235231050364, 34.98504894481389], [-92.2234410440186, 34.98511358283009], [-92.2233589040009, 34.98517815384629], [-92.223276685983, 34.985242656862376], [-92.2231943889652, 34.9853070918786], [-92.22311201294731, 34.985371458894676], [-92.2230295599294, 34.98543575891092], [-92.2229470279115, 34.98549998992691], [-92.2228644178935, 34.985564152943084], [-92.2227817298756, 34.98562824895918], [-92.2226989648576, 34.98569227597528], [-92.2226161208395, 34.98575623499129], [-92.2225331988215, 34.98582012600739], [-92.2224501998034, 34.985883948023506], [-92.2223671227853, 34.985947702039596], [-92.2222839677672, 34.986011388055594], [-92.222200736749, 34.98607500507158], [-92.2221174267308, 34.98613855308759], [-92.2220340407126, 34.98620203310374], [-92.2219505766944, 34.98626544411971], [-92.2218670356761, 34.986328787135605], [-92.22178341765782, 34.98639206015159], [-92.2216997226395, 34.98645526516757], [-92.2216159506212, 34.9865184001836], [-92.2215321016028, 34.98658146719948], [-92.2214481765845, 34.986644464215395], [-92.221364174566, 34.9867073932314], [-92.2212800955476, 34.98677025224741], [-92.2211959405291, 34.986833041263296], [-92.2211117085107, 34.98689576227919], [-92.2210274014922, 34.98695841329509], [-92.2209430174736, 34.98702099431102], [-92.220858557455, 34.98708350632679], [-92.2207740204365, 34.98714594934269], [-92.2206894084178, 34.98720832235859], [-92.2206047203992, 34.98727062537441], [-92.2205199573806, 34.98733285839018], [-92.2204351173619, 34.9873950214061], [-92.2203502023432, 34.98745711542189], [-92.2202652123244, 34.98751913843768], [-92.2201801453057, 34.9875810924535], [-92.2200950042869, 34.9876429754693], [-92.22000978726801, 34.987704788485075], [-92.2199244952492, 34.98776653150079], [-92.2198391282303, 34.98782820451658], [-92.2197536862114, 34.9878898065323], [-92.2196681691925, 34.9879513385481], [-92.2195825781736, 34.988012800563794], [-92.2194969111546, 34.98807419157949], [-92.2194111701356, 34.9881355115952], [-92.2193253541166, 34.9881967616109], [-92.2192394640976, 34.9882579406266], [-92.2191534990785, 34.98831904864219], [-92.2190674600594, 34.988380085657894], [-92.2189813460404, 34.9884410526736], [-92.2188951590212, 34.98850194768929], [-92.218808897002, 34.98856277270489], [-92.2187225609828, 34.98862352572048], [-92.2186361519636, 34.98868420773611], [-92.2185496689444, 34.98874481875169], [-92.2184631109251, 34.98880535876728], [-92.2183764809058, 34.9888658267829], [-92.2182897758865, 34.9889262237985], [-92.2182029988672, 34.988986549813994], [-92.2181161468478, 34.98904680382961], [-92.2180292228284, 34.9891069868452], [-92.217942224809, 34.98916709786071], [-92.2178551547896, 34.9892271368762], [-92.2177680107701, 34.9892871038917], [-92.2176807937506, 34.98934699990722], [-92.2175935037311, 34.9894068239227], [-92.2175061417116, 34.989466575938195], [-92.217418706692, 34.989526254953574], [-92.2173311986725, 34.9895858629691], [-92.2172436186529, 34.98964539898451], [-92.2171559656333, 34.989704863], [-92.2170682406136, 34.9897642540154], [-92.2169804435939, 34.98982357303089], [-92.2168925745742, 34.989882820046184], [-92.2168046325545, 34.9899419940616], [-92.2167166195347, 34.99000109607698], [-92.216628533515, 34.990060125092384], [-92.2165403764951, 34.99011908210768], [-92.2164521474753, 34.990177966123085], [-92.2163638474555, 34.9902367771384], [-92.2162754754356, 34.990295516153786], [-92.2161870314157, 34.990354181169096], [-92.2160985163958, 34.99041277418439], [-92.2160099303758, 34.99047129419969], [-92.2159212733559, 34.99052974121499], [-92.2158325443359, 34.99058811523019], [-92.2157437453158, 34.99064641624548], [-92.2156548742958, 34.9907046432608], [-92.2155659332757, 34.990762798276], [-92.2154769212557, 34.990820879291284], [-92.2153878392356, 34.99087888730651], [-92.2152986852154, 34.990936821321704], [-92.2152094621953, 34.99099468233688], [-92.215120168175, 34.991052469352084], [-92.2150308031548, 34.9911101833673], [-92.21494136913462, 34.991167823382504], [-92.2148518641144, 34.99122539039761], [-92.2147622890941, 34.991282882412776], [-92.2146726440738, 34.99134030142778], [-92.21458293005351, 34.991397646443], [-92.21449314603312, 34.9914549174581], [-92.21440329201272, 34.99151211447321], [-92.2143133679923, 34.9915692374883], [-92.2142233749719, 34.99162628650339], [-92.2141333119514, 34.99168326151851], [-92.214043180931, 34.991740162533496], [-92.2139529799104, 34.9917969885486], [-92.2138627098899, 34.99185374056359], [-92.2137723698694, 34.99191041857867], [-92.2136819618488, 34.9919670215936], [-92.2135914848282, 34.99202355060871], [-92.2135009398076, 34.9920800046237], [-92.213410324787, 34.992136383638595], [-92.2133196417663, 34.992192688653574], [-92.21322889074571, 34.9922489186686], [-92.2131380707249, 34.9923050746835], [-92.2130471817042, 34.99236115469841], [-92.2129562256835, 34.992417160713394], [-92.2128652006627, 34.9924730907283], [-92.2127741086419, 34.99252894674319], [-92.212682947621, 34.992584727758086], [-92.2125917196002, 34.99264043277301], [-92.2125004225793, 34.99269606378778], [-92.21240905955841, 34.9927516188027], [-92.2123176275375, 34.99280709781748], [-92.2122261285165, 34.9928625028323], [-92.2121345624956, 34.992917831847194], [-92.2120429284746, 34.99297308586198], [-92.2119512274536, 34.99302826387681], [-92.2118594594326, 34.99308336589159], [-92.2117676244115, 34.99313839290629], [-92.2116757223904, 34.9931933449211], [-92.2115837533693, 34.99324821993591], [-92.2114917173482, 34.9933030199506], [-92.211399615327, 34.993357743965284], [-92.2113074463059, 34.993412391980094], [-92.2112152112847, 34.9934669639948], [-92.2111229092635, 34.99352146000949], [-92.2110305412422, 34.993575880024096], [-92.2109381072209, 34.993630224038796], [-92.2108456061996, 34.99368449205349], [-92.2107530401783, 34.993738683068095], [-92.210660408157, 34.99379279908278], [-92.2105677091356, 34.993846838097404], [-92.2104749451143, 34.99390080011201], [-92.2103821160928, 34.99395468612659], [-92.2102892210714, 34.9940084961412], [-92.21019626005, 34.99406222915581], [-92.2101032340285, 34.9941158861703], [-92.210010143007, 34.994169465184896], [-92.2099169869855, 34.9942229691995], [-92.2098237649639, 34.994276395213966], [-92.2097304789424, 34.9943297452285], [-92.2096371269208, 34.99438301724301], [-92.2095437108992, 34.99443621325752], [-92.2094502298775, 34.994489332271996], [-92.2093566848559, 34.99454237428652], [-92.2092630738342, 34.994595338301], [-92.20916939981251, 34.99464822631537], [-92.2090756607908, 34.9947010363298], [-92.208981857769, 34.994753770344175], [-92.2088879907473, 34.9948064253586], [-92.2087940587255, 34.99485900437306], [-92.2087000637037, 34.99491150538749], [-92.2086060046818, 34.9949639294018], [-92.20851188166, 34.995016275416184], [-92.2084176946381, 34.995068544430595], [-92.2083234446162, 34.99512073544489], [-92.2082291305942, 34.995172848459184], [-92.2081347535723, 34.99522488447351], [-92.2080403135503, 34.995276842487904], [-92.2079458095284, 34.995328722502194], [-92.2078512425064, 34.995380524516364], [-92.20775661348432, 34.9954322485307], [-92.2076619204622, 34.99548389454502], [-92.2075671644401, 34.9955354635592], [-92.2074723464181, 34.995586953573394], [-92.2073774653959, 34.995638365587695], [-92.20728252237382, 34.99568969960179], [-92.2071875163516, 34.99574095561601], [-92.2070924483294, 34.995792132630285], [-92.2069973173072, 34.99584323164439], [-92.206902124285, 34.99589425265862], [-92.20680687026271, 34.9959451946727], [-92.2067115532405, 34.99599605868689], [-92.2066161742181, 34.99604684370101], [-92.2065207341958, 34.99609755071508], [-92.2064252321734, 34.99614817872919], [-92.2063296681511, 34.99619872774329], [-92.2062340431287, 34.99624919875738], [-92.2061383561063, 34.9962995897714], [-92.2060426080838, 34.99634990278548], [-92.2059467990614, 34.99640013679951], [-92.2058509290389, 34.9964502928136], [-92.2057549980164, 34.99650036882759], [-92.2056590059939, 34.9965503658416], [-92.2055629529713, 34.9966002838556], [-92.2054668389488, 34.99665012286949], [-92.2053706639262, 34.9966998818835], [-92.2052744299036, 34.99674956289739], [-92.205178133881, 34.99679916391139], [-92.2050817788583, 34.996848684925276], [-92.2049853628356, 34.99689812793918], [-92.204888886813, 34.99694749095311], [-92.2047923497902, 34.99699677396699], [-92.2046957537675, 34.99704597798089], [-92.2045990977447, 34.997095101994674], [-92.2045023827219, 34.9971441470086], [-92.2044056066991, 34.99719311202241], [-92.2043087716763, 34.99724199703629], [-92.2042118776534, 34.99729080305009], [-92.2041149236306, 34.997339529063886], [-92.2040179106077, 34.9973881740776], [-92.2039208385848, 34.997436740091494], [-92.2038237065619, 34.99748522610521], [-92.2037265165389, 34.9975336321189], [-92.203629267516, 34.99758195713269], [-92.2035319594929, 34.99763020314641], [-92.2034345924699, 34.99767836916009], [-92.2033371674469, 34.99772645417381], [-92.20323968342382, 34.99777445918748], [-92.2031421414008, 34.9978223832011], [-92.2030445403777, 34.99787022821491], [-92.2029468813545, 34.99791799122848], [-92.2028491643314, 34.99796567524209], [-92.2027513903082, 34.998013278255684], [-92.202653557285, 34.9980608002693], [-92.2025556662618, 34.99810824228301], [-92.2024577182386, 34.99815560329648], [-92.2023597122153, 34.99820288331011], [-92.2022616491921, 34.99825008232358], [-92.2021635281688, 34.998297201337216], [-92.2020653501455, 34.998344239350715], [-92.2019671141222, 34.99839119636429], [-92.2018688220988, 34.998438072377795], [-92.2017704720754, 34.9984848673912], [-92.201672065052, 34.998531582404695], [-92.2015736020286, 34.9985782154182], [-92.2014750820052, 34.9986247664316], [-92.20137650498171, 34.99867123744509], [-92.2012778719582, 34.99871762745849], [-92.2011791819347, 34.99876393547191], [-92.2010804359112, 34.9988101624853], [-92.2009816338876, 34.998856307498706], [-92.2008827758641, 34.998902372512084], [-92.2007838608405, 34.998948354525496], [-92.2006848908169, 34.9989942555388], [-92.2005858647933, 34.999040075552095], [-92.2004867827696, 34.999085813565515], [-92.200387644746, 34.9991314705788], [-92.20028845172232, 34.99917704459211], [-92.2001892026986, 34.999222537605384], [-92.2000898986748, 34.999267949618584], [-92.1999905396511, 34.9993132786319], [-92.19989112562742, 34.9993585266451], [-92.1997916556035, 34.999403691658394], [-92.1996921315797, 34.9994487756716], [-92.1995925525559, 34.999493777684805], [-92.199492918532, 34.999538696698], [-92.1993932295082, 34.99958353471118], [-92.1992934864843, 34.9996282897243], [-92.1991936894604, 34.99967296373748], [-92.1990938374365, 34.9997175547506], [-92.1989939314125, 34.9997620627638], [-92.1988939703885, 34.99980648977678], [-92.1987939563645, 34.99985083378988], [-92.1986938883405, 34.99989509580309], [-92.1985937653165, 34.99993927481611], [-92.1984935902925, 34.99998337182922], [-92.1983933602684, 35.00002738584228], [-92.1982930772443, 35.000071317855316], [-92.1981927402202, 35.000115166868284], [-92.1980923501961, 35.00015893288128], [-92.1979919071719, 35.00020261689419], [-92.1978914111477, 35.00024621690721], [-92.1977908621235, 35.0002897359202], [-92.19769025909932, 35.00033317093308], [-92.1975896040751, 35.00037652294609], [-92.1974888960508, 35.000419792958986], [-92.1973881360265, 35.000462978971896], [-92.1972873230023, 35.0005060819848], [-92.197186456978, 35.00054910299771], [-92.1970855399536, 35.00059204001052], [-92.1969845689293, 35.0006348940234], [-92.19688354690491, 35.0006776650362], [-92.19678247288051, 35.000720353049076], [-92.1966813468561, 35.00076295706188], [-92.1965801688317, 35.00080547807468], [-92.1964789388072, 35.000847916087494], [-92.1963776577828, 35.000890271100296], [-92.1962763247583, 35.00093254111311], [-92.1961749407338, 35.00097472912578], [-92.1960735047093, 35.0010168331385], [-92.1959720176847, 35.001058853151214], [-92.19587047966012, 35.00110079016392], [-92.1957688906355, 35.0011426431766], [-92.1956672506109, 35.00118441218931], [-92.1955655605863, 35.001226098201975], [-92.1954638185617, 35.001267700214584], [-92.19536202653701, 35.00130921822729], [-92.1952601845123, 35.0013506522399], [-92.1951582914876, 35.001392002252494], [-92.1950563484629, 35.00143326826511], [-92.1949543544382, 35.001474451277694], [-92.1948523114134, 35.0015155492902], [-92.1947502173887, 35.001556563302685], [-92.1946480743638, 35.00159749331528], [-92.194545880339, 35.00163833932778], [-92.1944436373142, 35.00167910134041], [-92.1943413452893, 35.0017197783529], [-92.1942390032645, 35.00176037236538], [-92.1941366122396, 35.00180088037779], [-92.19403417121471, 35.00184130539031], [-92.1939316811897, 35.0018816454027], [-92.1938291421648, 35.0019219014152], [-92.1937265541398, 35.0019620724276], [-92.1936239171148, 35.00200215943999], [-92.1935212320898, 35.00204216145229], [-92.1934184980648, 35.0020820784648], [-92.1933157150397, 35.00212191147709], [-92.1932128840147, 35.00216166048939], [-92.1931100039896, 35.0022013235017], [-92.1930070759645, 35.002240902514075], [-92.1929040999394, 35.002280396526295], [-92.1928010759142, 35.0023198055386], [-92.1926980048891, 35.00235912955091], [-92.1925948848639, 35.00239836856321], [-92.1924917168387, 35.00243752357538], [-92.1923885018135, 35.00247659258768], [-92.1922852387882, 35.00251557659989], [-92.192181928763, 35.00255447661209], [-92.1920785717377, 35.0025932906243], [-92.1919751667125, 35.002632019636486], [-92.1918717156871, 35.00267066264857], [-92.1917682166618, 35.002709221660794], [-92.1916646706365, 35.0027476946729], [-92.1915610786111, 35.002786082685], [-92.19145743858581, 35.002824385697075], [-92.1913537535604, 35.002862602709214], [-92.1912500205349, 35.00290073472131], [-92.1911462425095, 35.0029387807333], [-92.191042417484, 35.002976741745364], [-92.1909385464586, 35.00301461675738], [-92.1908346294331, 35.00305240676949], [-92.1907306654076, 35.0030901107814], [-92.190626656382, 35.00312772979337], [-92.1905226023565, 35.003165262805396], [-92.1904185013309, 35.0032027098174], [-92.1903143553053, 35.00324007082931], [-92.1902101642797, 35.00327734584119], [-92.1901059272541, 35.003314535853086], [-92.1900016452285, 35.003351639865], [-92.1898973182028, 35.00338865787688], [-92.1897929461772, 35.00342558988879], [-92.1896885291515, 35.003462435900694], [-92.1895840671258, 35.003499194912486], [-92.1894795601, 35.0035358689244], [-92.1893750090743, 35.0035724569362], [-92.1892704130486, 35.00360895894798], [-92.1891657730228, 35.003645373959806], [-92.189061087997, 35.003681702971576], [-92.1889563599712, 35.0037179459833], [-92.1888515869454, 35.003754102995], [-92.18874676991952, 35.00379017300679], [-92.1886419098936, 35.003826157018466], [-92.1885370048677, 35.00386205503022], [-92.1884320568418, 35.00389786604191], [-92.1883270658159, 35.0039335910535], [-92.18822203079, 35.003969229065206], [-92.188116951764, 35.0040047810768], [-92.1880118307381, 35.0040402460885], [-92.187906665712, 35.00407562510009], [-92.1878014576861, 35.00411091611157], [-92.18769620666, 35.00414612212322], [-92.187590913634, 35.0041812401348], [-92.18748557660791, 35.004216272146394], [-92.1873801975819, 35.00425121715789], [-92.1872747765558, 35.00428607516938], [-92.1871693125296, 35.004320846180995], [-92.1870638065035, 35.00435553119249], [-92.1869582584773, 35.0043901282039], [-92.1868526674512, 35.0044246392154], [-92.186747035425, 35.004459063226776], [-92.1866413613988, 35.0044933992382], [-92.1865356453726, 35.0045276492497], [-92.1864298873464, 35.00456181126109], [-92.1863240883201, 35.004595886272504], [-92.1862182472939, 35.0046298742839], [-92.1861123652676, 35.0046637752952], [-92.1860064422413, 35.004697589306595], [-92.1859004782149, 35.00473131531788], [-92.1857944721886, 35.00476495432918], [-92.1856884261623, 35.004798506340485], [-92.1855823391359, 35.004831971351805], [-92.18547621110952, 35.00486534836298], [-92.1853700420831, 35.004898637374275], [-92.1852638340567, 35.004931839385506], [-92.1851575840303, 35.00496495439678], [-92.1850512950038, 35.00499798140801], [-92.1849449649773, 35.00503092141918], [-92.1848385949508, 35.0050637724304], [-92.1847321849243, 35.00509653744148], [-92.1846257358978, 35.005129213452705], [-92.1845192458713, 35.00516180246378], [-92.1844127168447, 35.0051943034749], [-92.1843061488181, 35.00522671748611], [-92.1841995407916, 35.00525904349711], [-92.1840928937649, 35.00529128050821], [-92.1839862067383, 35.00532343051929], [-92.1838794807117, 35.00535549253029], [-92.183772716685, 35.00538746754139], [-92.1836659126584, 35.005419353552405], [-92.1835590706317, 35.005451151563406], [-92.183452189605, 35.0054828615744], [-92.1833452705782, 35.0055144835853], [-92.1832383125515, 35.0055460175963], [-92.1831313155248, 35.00557746360719], [-92.183024281498, 35.00560882161808], [-92.1829172084713, 35.00564009162909], [-92.1828100974444, 35.00567127264], [-92.1827029494176, 35.0057023656509], [-92.1825957623908, 35.005733370661694], [-92.1824885383639, 35.005764287672484], [-92.1823812763371, 35.005795115683284], [-92.1822739773102, 35.00582585569419], [-92.1821666402833, 35.005856506705015], [-92.1820592662564, 35.00588706971579], [-92.18195185522941, 35.005917544726486], [-92.1818444072025, 35.00594793073727], [-92.1817369221755, 35.005978227747995], [-92.1816294001485, 35.00600843775879], [-92.1815218411216, 35.00603855776949], [-92.18141424609452, 35.006068589780085], [-92.1813066140675, 35.006098532790794], [-92.1811989460405, 35.00612838780148], [-92.1810912410134, 35.006158152812105], [-92.1809834999863, 35.006187830822796], [-92.1808757229593, 35.0062174188334], [-92.1807679099322, 35.00624691784402], [-92.180660061905, 35.0062763288546], [-92.1805521768779, 35.00630565086521], [-92.1804442568508, 35.006334883875795], [-92.1803363008236, 35.0063640278863], [-92.1802283097964, 35.006393082896786], [-92.1801202827692, 35.00642204990729], [-92.180012221742, 35.0064509269178], [-92.1799041247148, 35.00647971492831], [-92.1797959926875, 35.00650841393869], [-92.1796878256602, 35.00653702394919], [-92.179579624633, 35.00656554495959], [-92.1794713876057, 35.0065939769701], [-92.1793631165784, 35.00662231998049], [-92.1792548115511, 35.006650572990786], [-92.1791464715237, 35.006678737001195], [-92.17903809849642, 35.0067068120116], [-92.17892968946902, 35.00673479802191], [-92.1788212474416, 35.00676269403229], [-92.1787127714142, 35.00679050204249], [-92.1786042623868, 35.00681821905281], [-92.1784957183593, 35.0068458480631], [-92.17838714133191, 35.00687338607331], [-92.1782785303045, 35.00690083608356], [-92.178169886277, 35.006928196093796], [-92.1780612092495, 35.006955466104095], [-92.177952499222, 35.00698264711427], [-92.1778437551945, 35.00700973912441], [-92.1777349791669, 35.007036740134595], [-92.1776261691394, 35.007063653144684], [-92.1775173271118, 35.0070904751549], [-92.1774084530843, 35.007117208164985], [-92.1772995460566, 35.0071438511751], [-92.1771906060291, 35.0071704051852], [-92.1770816340014, 35.007196868195194], [-92.1769726299738, 35.00722324220529], [-92.1768635939461, 35.00724952721538], [-92.1767545259185, 35.00727572122539], [-92.1766454268908, 35.007301825235395], [-92.1765362948631, 35.0073278402454], [-92.1764271318354, 35.007353765255424], [-92.1763179368076, 35.00737959926529], [-92.1762087107799, 35.00740534427528], [-92.1760994527522, 35.007430999285184], [-92.1759901647244, 35.007456564295076], [-92.1758808446966, 35.00748203930499], [-92.1757714936688, 35.0075074233149], [-92.175662112641, 35.007532718324796], [-92.1755526996131, 35.00755792333469], [-92.1754432565853, 35.007583037344496], [-92.1753337835574, 35.0076080613543], [-92.1752242795296, 35.007632995364105], [-92.17511474550172, 35.00765783937379], [-92.1750051804738, 35.00768259338372], [-92.1748955864459, 35.00770725639342], [-92.174785961418, 35.0077318294032], [-92.17467630739, 35.00775631241289], [-92.174566622362, 35.0077807054226], [-92.1744569093341, 35.007805007432275], [-92.1743471653061, 35.00782921844188], [-92.1742373922781, 35.007853340451575], [-92.1741275902501, 35.00787737146119], [-92.174017759222, 35.007901311470896], [-92.173907898194, 35.00792516148049], [-92.173798009166, 35.007948921490076], [-92.1736880901379, 35.0079725894997], [-92.17357814310981, 35.00799616850919], [-92.1734681670817, 35.008019656518705], [-92.1733581630536, 35.0080430535283], [-92.1732481300255, 35.00806635953778], [-92.1731380689973, 35.00808957554729], [-92.1730279799692, 35.00811270155679], [-92.172917861941, 35.00813573556619], [-92.1728077169129, 35.008158679575686], [-92.17269754288472, 35.00818153258519], [-92.1725873418564, 35.0082042955945], [-92.1724771138282, 35.00822696660389], [-92.17236685680001, 35.008249547613296], [-92.1722565727718, 35.0082720376227], [-92.1721462617435, 35.00829443663208], [-92.1720359237152, 35.0083167446414], [-92.1719255576869, 35.0083389626507], [-92.1718151656586, 35.008361088659996], [-92.1717047456303, 35.00838312366928], [-92.1715942996019, 35.008405068678584], [-92.1714838265736, 35.00842692168781], [-92.1713733275453, 35.008448684697115], [-92.1712628015169, 35.008470356706304], [-92.1711522494885, 35.008491936715494], [-92.1710416704601, 35.00851342572469], [-92.1709310654317, 35.008534824733886], [-92.17082043540331, 35.00855613174299], [-92.1707097783748, 35.008577347752194], [-92.1705990963464, 35.00859847276129], [-92.1704883883179, 35.0086195057704], [-92.1703776552895, 35.0086404487795], [-92.1702668962609, 35.00866129978848], [-92.1701561112325, 35.0086820597976], [-92.170045302204, 35.00870272880658], [-92.1699344671755, 35.00872330681569], [-92.1698236071469, 35.0087437928247], [-92.1697127231184, 35.008764187833705], [-92.1696018130898, 35.00878449084269], [-92.1694908790612, 35.00880470285159], [-92.1693799210326, 35.00882482386061], [-92.169268938004, 35.00884485386948], [-92.1691579299754, 35.0088647918784], [-92.1690468979468, 35.00888463788729], [-92.1689358429181, 35.0089043928962], [-92.1688247628895, 35.0089240569051], [-92.1687136588608, 35.0089436289139], [-92.1686025318321, 35.0089631089227], [-92.1684913808034, 35.008982497931584], [-92.1683802057747, 35.009001795940286], [-92.168269007746, 35.0090210019491], [-92.1681577857173, 35.009040115957895], [-92.1680465416885, 35.0090591389666], [-92.1679352736598, 35.0090780699753], [-92.167823982631, 35.00909690898413], [-92.16771266860222, 35.009115655992815], [-92.1676013325734, 35.009134312001386], [-92.1674899735446, 35.00915287701009], [-92.1673785915158, 35.0091713490187], [-92.167267187487, 35.00918973002739], [-92.1671557604581, 35.009208019036], [-92.1670443114293, 35.00922621604461], [-92.1669328404004, 35.00924432205308], [-92.1668213483715, 35.0092623350618], [-92.1667098333426, 35.0092802570703], [-92.1665982963137, 35.0092980870788], [-92.1664867382848, 35.0093158250873], [-92.1663751582559, 35.00933347109579], [-92.166263557227, 35.009351025104294], [-92.166151935198, 35.009368487112795], [-92.166040291169, 35.00938585712119], [-92.1659286261401, 35.00940313612959], [-92.165816941111, 35.009420322137984], [-92.1657052340821, 35.009437416146476], [-92.1655935060531, 35.0094544191548], [-92.165481758024, 35.00947132916319], [-92.165369989995, 35.009488147171574], [-92.16525820096601, 35.009504873179885], [-92.1651463909369, 35.00952150718817], [-92.1650345619078, 35.009538049196486], [-92.16492271187872, 35.00955449920478], [-92.1648108418496, 35.009570857212985], [-92.1646989528206, 35.009587123221294], [-92.1645870427915, 35.0096032962295], [-92.1644751137623, 35.00961937723769], [-92.16436316573322, 35.009635366245924], [-92.16425119770402, 35.00965126325409], [-92.1641392106748, 35.0096670672622], [-92.1640272036457, 35.009682780270396], [-92.1639151786165, 35.00969840027851], [-92.1638031335873, 35.0097139272866], [-92.1636910705581, 35.00972936329471], [-92.1635789885289, 35.00974470630278], [-92.1634668874996, 35.0097599573108], [-92.1633547684704, 35.0097751153189], [-92.1632426304411, 35.009790181326984], [-92.1631304744119, 35.00980515533491], [-92.1630183003826, 35.009820037342905], [-92.1629061083533, 35.009834826350904], [-92.162793898324, 35.00984952235888], [-92.1626816702947, 35.00986412636679], [-92.1625694242654, 35.009878638374694], [-92.162457161236, 35.0098930573826], [-92.1623448802067, 35.00990738439049], [-92.1622325821774, 35.00992161839835], [-92.162120266148, 35.00993576040629], [-92.1620079341186, 35.0099498094141], [-92.1618955840892, 35.0099637654219], [-92.1617832170598, 35.009977630429695], [-92.1616708340305, 35.009991401437496], [-92.161558433001, 35.01000508044528], [-92.1614460159716, 35.01001866745299], [-92.1613335829421, 35.010032160460796], [-92.1612211329127, 35.01004556146851], [-92.1611086668832, 35.010058870476186], [-92.1609961848538, 35.010072086483895], [-92.1608836868242, 35.01008520949161], [-92.16077117279481, 35.01009824049919], [-92.1606586427653, 35.01011117850678], [-92.1605460967357, 35.01012402351448], [-92.1604335357062, 35.01013677552202], [-92.1603209586767, 35.01014943552969], [-92.1602083666472, 35.01016200253719], [-92.1600957596176, 35.0101744765447], [-92.159983136588, 35.0101868585523], [-92.1598704995584, 35.01019914755981], [-92.1597578465289, 35.01021134356727], [-92.1596451794993, 35.0102234465748], [-92.1595324974697, 35.010235456582194], [-92.1594198014401, 35.01024737458968], [-92.1593070904104, 35.0102591995972], [-92.1591943643808, 35.0102709306045], [-92.1590816253511, 35.010282569612016], [-92.15896887132152, 35.01029411661928], [-92.1588561042918, 35.010305569626695], [-92.15874332226211, 35.010316929633994], [-92.1586305272324, 35.0103281976413], [-92.1585177182027, 35.01033937164861], [-92.158404895173, 35.01035045365589], [-92.1582920591433, 35.0103614426632], [-92.1581792101136, 35.01037233767038], [-92.1580663470838, 35.01038314067769], [-92.1579534720541, 35.01039385068499], [-92.1578405830243, 35.01040446769212], [-92.1577276809945, 35.01041499169931], [-92.1576147669648, 35.01042542270648], [-92.157501839935, 35.01043576071369], [-92.1573889009052, 35.01044600472082], [-92.1572759488754, 35.0104561567279], [-92.1571629848456, 35.010466215734986], [-92.1570500078157, 35.010476181742085], [-92.1569370197859, 35.0104860537492], [-92.1568240187561, 35.01049583375619], [-92.1567110067262, 35.010505519763186], [-92.1565979826963, 35.010515113770175], [-92.1564849466664, 35.01052461377729], [-92.1563718996366, 35.0105340207843], [-92.1562588406067, 35.01054333479121], [-92.1561457705768, 35.01055255579819], [-92.1560326895468, 35.010561683805086], [-92.1559195975169, 35.010570718812], [-92.155806494487, 35.01057965981881], [-92.1556933804571, 35.01058850882581], [-92.1555802564271, 35.010597263832615], [-92.1554671203972, 35.0106059258394], [-92.1553539753672, 35.010614494846195], [-92.1552408193373, 35.01062296985311], [-92.1551276523072, 35.0106313528599], [-92.1550144762773, 35.0106396418667], [-92.1549012892472, 35.0106478378734], [-92.1547880922172, 35.01065594088009], [-92.15467488618721, 35.01066394988689], [-92.1545616701572, 35.010671865893585], [-92.1544484441272, 35.01067968890018], [-92.1543352090971, 35.0106874189069], [-92.154221965067, 35.01069505491349], [-92.154108711037, 35.01070259792018], [-92.15399544800691, 35.010710047926786], [-92.1538821769768, 35.01071740493339], [-92.1537688959467, 35.010724667939904], [-92.1536556059166, 35.01073183794649], [-92.1535423078865, 35.0107389149531], [-92.1534290008564, 35.010745897959595], [-92.1533156858262, 35.01075278796609], [-92.1532023617961, 35.010759584972604], [-92.1530890307659, 35.010766287979095], [-92.1529756907358, 35.0107728979855], [-92.1528623427056, 35.010779413992005], [-92.1527489866755, 35.01078583799839], [-92.1526356226453, 35.01079216700481], [-92.1525222516151, 35.01079840401118], [-92.1524088735849, 35.010804547017514], [-92.1522954865547, 35.01081059702389], [-92.1521820935245, 35.010816553030196], [-92.1520686924943, 35.0108224160365], [-92.15195528446401, 35.01082818504279], [-92.15184187043381, 35.01083386104909], [-92.1517284484036, 35.0108394440554], [-92.1516150203733, 35.010844933061584], [-92.151501585343, 35.0108503290678], [-92.1513881433128, 35.010855631074], [-92.1512746952825, 35.01086084008021], [-92.1511612412522, 35.01086595608639], [-92.1510477812219, 35.0108709780926], [-92.1509343141916, 35.01087590609869], [-92.1508208421613, 35.010880741104806], [-92.150707364131, 35.01088548311089], [-92.1505938801007, 35.01089013111701], [-92.1504803900703, 35.01089468612309], [-92.15036689504, 35.01089914712912], [-92.1502533950096, 35.01090351513519], [-92.1501398889793, 35.010907789141214], [-92.1500263789489, 35.01091197014719], [-92.14991286291851, 35.01091605715308], [-92.1497993418882, 35.010920051159076], [-92.1496858158578, 35.010923951165], [-92.1495722858274, 35.01092775717098], [-92.149458750797, 35.01093147117689], [-92.14934521176662, 35.010935090182805], [-92.1492316677362, 35.01093861618859], [-92.1491181197058, 35.01094204919447], [-92.1490045676753, 35.010945388200305], [-92.1488910116449, 35.01094863420609], [-92.1487774516144, 35.010951786211905], [-92.148663888584, 35.010954844217686], [-92.1485503205535, 35.01095780922349], [-92.148436749523, 35.0109606802292], [-92.1483231754926, 35.010963458235], [-92.1482095974621, 35.010966143240694], [-92.1480960164316, 35.01096873324641], [-92.1479824324011, 35.01097123125208], [-92.1478688453706, 35.0109736342577], [-92.14775525534, 35.010975944263386], [-92.1476416633095, 35.010978161268895], [-92.147528068279, 35.01098028427461], [-92.1474144702485, 35.01098231328018], [-92.147300870218, 35.01098424928571], [-92.1471872671874, 35.01098609129131], [-92.1470736621568, 35.01098784029679], [-92.1469600561263, 35.01098949530233], [-92.1468464470957, 35.0109910563078], [-92.1467328360651, 35.01099252431328], [-92.1466192240345, 35.010993899318706], [-92.146505610004, 35.010995179324205], [-92.1463919939733, 35.01099636732958], [-92.1462783779428, 35.010997460334984], [-92.1461647599122, 35.01099846034042], [-92.1460511398815, 35.0109993673458], [-92.1459375198509, 35.011000180351196], [-92.14582389882031, 35.01100089935649], [-92.1457102767897, 35.01100152436181], [-92.145596653759, 35.0110020573671], [-92.1454830307283, 35.01100249537241], [-92.1453694066977, 35.011002840377685], [-92.1452557816671, 35.01100309138288], [-92.1451421576363, 35.01100324938808], [-92.1450285326057, 35.0110033133934], [-92.1450074776, 35.011003315394284]]]}, "properties": {"OBJECTID": 5839, "GLOBAL_ID": "A8CE077D-1C01-4F48-A987-069F44361F13", "IDENT": "LRF", "ICAO_ID": "KLRF", "NAME": "LITTLE ROCK AFB CLASS E2", "UPPER_DESC": "TI", "UPPER_VAL": 2800, "UPPER_UOM": "FT", "UPPER_CODE": "MSL", "LOWER_DESC": null, "LOWER_VAL": 0, "LOWER_UOM": "FT", "LOWER_CODE": "SFC", "TYPE_CODE": "CLASS", "LOCAL_TYPE": "CLASS_E2", "CLASS": "E", "MIL_CODE": "CIVIL", "COMM_NAME": null, "LEVEL_": "L", "SECTOR": null, "ONSHORE": "1", "EXCLUSION": "0", "WKHR_CODE": "NOTAM", "WKHR_RMK": "Legal description references NOTAM", "DST": null, "GMTOFFSET": null, "CONT_AGENT": null, "CITY": "LITTLE ROCK", "STATE": "AR", "COUNTRY": "", "ADHP_ID": "F7BC5001-BB8C-4DA7-AD41-44B4F0EFEFE8", "US_HIGH": 0, "AK_HIGH": 0, "AK_LOW": 0, "US_LOW": 1, "US_AREA": 0, "PACIFIC": 0, "Shape__Area": 0.033332951604961636, "Shape__Length": 0.6517710758288131, "layer": "FAA surface airspace"}}]}